file_name,chars_total,lines_total,header_end_line,header_marker,backmatter_start_line,backmatter_marker,chars_header,chars_body,chars_backmatter,boilerplate_lines,reference_link_lines,short_lines,has_publisher_footer,doi,journal,admin_sections,content_sections,pct_header,pct_body,pct_backmatter
Mice in BionM 1 space mission training and selecti.txt,73729,1127,156.0,^Abstract$,803.0,^acknowledge?ments?$,4102,60143,9485,77,215,334,True,10.1371/journal.pone.0104830,PLoS One,Acknowledgments|References|Funding|Competing interests,Abstract|Introduction|Methods|Conclusion,5.56,81.57,12.86
Microgravity induces pelvic bone loss through oste.txt,85192,1792,112.0,^Abstract$,1032.0,^references$,3363,65952,15878,117,538,612,True,10.1371/journal.pone.0061372,PLoS One,References|Funding|Competing interests,Abstract|Introduction|Methods|Results|Discussion|Conclusion,3.95,77.42,18.64
Stem Cell Health and Tissue Regeneration in Microg.txt,89177,1713,95.0,^Abstract$,1002.0,^references$,2581,65289,21308,133,600,1098,True,10.3390/ijms26073058,Int J Mol Sci,References|Funding|Author contributions|Data availability|Footnotes,Abstract,2.89,73.21,23.89
Microgravity Reduces the Differentiation and Regen.txt,58039,1080,92.0,^Abstract$,608.0,^references$,3952,39659,14429,91,366,503,True,10.3390/cells10030560,Cells,References|Funding|Author contributions|Data availability|Supplementary|Footnotes,Abstract,6.81,68.33,24.86
Microgravity validation of a novel system for RNA .txt,77555,1594,458.0,^Abstract$,1177.0,^acknowledge?ments?$,13412,51657,12487,90,218,609,True,10.1371/journal.pone.0183480,PLoS One,Acknowledgments|References|Funding|Competing interests|Data availability|Supplementary,Abstract|Introduction|Methods|Results|Discussion,17.29,66.61,16.1
Spaceflight Modulates the Expression of Key Oxidat.txt,70188,1721,73.0,^Abstract$,906.0,^acknowledge?ments?$,2027,42648,25514,141,624,826,True,10.3390/ijms22169088,Int J Mol Sci,Acknowledgments|References|Funding|Author contributions|Data availability|Supplementary|Footnotes,Abstract,2.89,60.76,36.35
Dose and IonDependent Effects in the Oxidative Str.txt,67739,1488,99.0,^Abstract$,952.0,^acknowledge?ments?$,4965,44533,18242,100,414,674,True,10.3390/ijms18102117,Int J Mol Sci,Acknowledgments|References|Competing interests|Author contributions,Abstract,7.33,65.74,26.93
From the bench to exploration medicine NASA life s.txt,55238,1131,81.0,^Abstract$,468.0,^acknowledge?ments?$,2260,33988,18991,89,358,521,True,10.1038/s41526-016-0002-8,NPJ Microgravity,Acknowledgments|References|Competing interests|Author contributions,Abstract|Introduction,4.09,61.53,34.38
Highprecision method for cyclic loading of smallan.txt,46286,1019,84.0,^Abstract$,537.0,^acknowledge?ments?$,2240,30290,13757,65,256,410,True,10.1016/j.bonr.2018.10.002,Bone Rep,Acknowledgments|References|Supplementary,Abstract,4.84,65.44,29.72
Effects of ex vivo ionizing radiation on collagen .txt,57142,1349,110.0,^Abstract$,570.0,^acknowledge?ments?$,2901,32052,22190,114,523,638,False,10.1016/j.bone.2019.115043,Bone,Acknowledgments|Competing interests|Footnotes,Abstract,5.08,56.09,38.83
Absence of gammasarcoglycan alters the response of.txt,68628,1303,97.0,^Abstract$,706.0,^acknowledge?ments?$,3232,46133,19264,118,522,665,True,10.1186/2044-5040-4-13,Skelet Muscle,Acknowledgments|References|Competing interests|Contributor Information,Abstract|Methods|Results|Discussion|Conclusion,4.71,67.22,28.07
AtRabD2b and AtRabD2c have overlapping functions i.txt,58273,1338,55.0,^Abstract$,943.0,^acknowledge?ments?$,1540,44512,12222,91,331,456,True,10.1186/1471-2229-11-25,BMC Plant Biol,Acknowledgments|References|Supplementary|Contributor Information,Abstract|Methods|Results|Discussion|Conclusion,2.64,76.39,20.97
TNO1 is involved in salt tolerance and vacuolar tr.txt,73654,1931,58.0,^Abstract$,1163.0,^acknowledge?ments?$,1946,51849,19860,143,630,671,True,10.1104/pp.110.168963,Plant Physiol,Acknowledgments|References|Supplementary,Abstract|Methods|Results|Discussion,2.64,70.4,26.96
Functional redundancy between transGolgi network S.txt,48077,1252,95.0,^Abstract$,527.0,^acknowledge?ments?$,2672,30143,15263,109,457,436,True,10.5511/plantbiotechnology.23.1214a,Plant Biotechnol (Tokyo),Acknowledgments|References|Funding|Competing interests|Author contributions|Supplementary,Abstract|Introduction|Methods|Results|Discussion,5.56,62.7,31.75
Root growth movements Waving and skewing.txt,65049,1458,61.0,^Abstract$,702.0,^acknowledge?ments?$,2175,41292,21583,123,568,743,True,10.1186/s12870-017-1024-4,BMC Plant Biol,Acknowledgments|References|Funding|Competing interests|Data availability|Contributor Information,Abstract|Methods|Results|Discussion|Conclusion,3.34,63.48,33.18
Gravitropism and lateral root emergence are depend.txt,67467,1790,59.0,^Abstract$,783.0,^acknowledge?ments?$,1986,44971,20511,136,633,656,True,10.3389/fpls.2015.00969,Front Plant Sci,Acknowledgments|References|Competing interests|Author contributions,Abstract|Introduction|Methods|Results|Discussion,2.94,66.66,30.4
TNO1 a TGNlocalized SNAREinteracting protein modul.txt,65049,1458,61.0,^Abstract$,702.0,^acknowledge?ments?$,2175,41292,21583,123,568,743,True,10.1186/s12870-017-1024-4,BMC Plant Biol,Acknowledgments|References|Funding|Competing interests|Data availability|Contributor Information,Abstract|Methods|Results|Discussion|Conclusion,3.34,63.48,33.18
The Drosophila SUN protein Spag4 cooperates with t.txt,70279,1877,119.0,^Abstract$,1227.0,^acknowledge?ments?$,3343,51613,15324,104,434,591,True,10.1242/jcs.066589,J Cell Sci,Acknowledgments|References|Supplementary|Footnotes,Abstract|Introduction|Methods|Results|Discussion,4.76,73.44,21.8
Toll mediated infection response is altered by gra.txt,59591,2000,178.0,^Abstract$,1218.0,^acknowledge?ments?$,5448,37768,16376,135,543,777,True,10.1371/journal.pone.0086485,PLoS One,Acknowledgments|References|Funding|Competing interests|Supplementary,Abstract|Introduction|Methods,9.14,63.38,27.48
Multiomics analysis of multiple missions to space .txt,5447,154,,,,,0,5448,0,20,0,49,True,10.1038/s41598-020-58490-w,Sci Rep,Contributor Information,,0.0,100.02,0.0
GeneLab database analyses suggest longterm impact .txt,80316,1693,78.0,^Abstract$,769.0,^acknowledge?ments?$,2047,52669,25601,155,688,954,True,10.3390/ijms20030661,Int J Mol Sci,Acknowledgments|References|Funding|Author contributions,Abstract,2.55,65.58,31.88
FAIRness and usability for openaccess omics data s.txt,39713,506,62.0,^Abstract$,214.0,^references$,1032,31247,7435,68,226,243,True,,AMIA Annu Symp Proc,References,Abstract|Introduction|Methods|Discussion,2.6,78.68,18.72
NASA GeneLab platform utilized for biological resp.txt,91008,2007,147.0,^Abstract$,1038.0,^references$,4732,57395,28882,181,823,1073,True,10.3390/cancers12020381,Cancers (Basel),References|Funding|Author contributions|Supplementary,Abstract,5.2,63.07,31.74
Circulating miRNA spaceflight signature reveals ta.txt,131426,2497,417.0,^PMC Copyright notice$,1650.0,^acknowledge?ments?$,11558,95799,24070,187,659,872,False,10.1016/j.celrep.2020.108448,Cell Rep,Acknowledgments|References|Author contributions|Data availability|Supplementary|Footnotes,Introduction|Results|Discussion,8.79,72.89,18.31
Machine learning algorithm to characterize antimic.txt,61469,1378,127.0,^Abstract$,663.0,^acknowledge?ments?$,5012,32209,24249,127,502,680,True,10.1186/s40168-022-01332-w,Microbiome,Acknowledgments|References|Funding|Competing interests|Data availability|Supplementary|Footnotes,Abstract|Methods|Results|Discussion|Conclusion,8.15,52.4,39.45
Extraterrestrial Gynecology Could Spaceflight Incr.txt,152281,3154,270.0,^Abstract$,1360.0,^references$,9250,91229,51803,310,1448,1650,True,10.3390/ijms23137465,Int J Mol Sci,References|Funding|Author contributions|Data availability|Footnotes,Abstract,6.07,59.91,34.02
Muscle atrophy phenotype gene expression during sp.txt,68357,1185,121.0,^PMC Copyright notice$,572.0,^acknowledge?ments?$,3622,44240,20496,123,493,458,True,10.1016/j.isci.2022.105213,iScience,Acknowledgments|References|Author contributions|Data availability|Supplementary|Footnotes|Contributor Information,Introduction|Results|Discussion,5.3,64.72,29.98
Chromosomal positioning and epigenetic architectur.txt,69833,1327,76.0,^Abstract$,711.0,^references$,2956,51507,15371,117,472,705,True,10.1038/s41598-024-51756-7,Sci Rep,References|Funding|Competing interests|Author contributions|Data availability|Supplementary|Footnotes,Abstract|Introduction|Methods|Results|Discussion,4.23,73.76,22.01
A comprehensive SARSCoV2 and COVID19 review Part 2.txt,85125,1552,338.0,^Abstract$,671.0,^acknowledge?ments?$,11226,50276,23624,181,699,879,True,10.1038/s41431-023-01462-1,Eur J Hum Genet,Acknowledgments|References|Funding|Competing interests|Author contributions|Footnotes|Contributor Information,Abstract|Introduction|Conclusion,13.19,59.06,27.75
Aging and putative frailty biomarkers are altered .txt,109038,2416,396.0,^Abstract$,1304.0,^acknowledge?ments?$,11635,67528,29876,206,772,1127,True,10.1038/s41598-024-57948-5,Sci Rep,Acknowledgments|References|Competing interests|Author contributions|Data availability|Supplementary|Footnotes,Abstract|Introduction|Methods|Results|Discussion,10.67,61.93,27.4
Space radiation damage rescued by inhibition of ke.txt,146235,2744,414.0,^Abstract$,1508.0,^acknowledge?ments?$,12447,98326,35463,241,889,1349,True,10.1038/s41467-024-48920-y,Nat Commun,Acknowledgments|References|Competing interests|Author contributions|Data availability|Supplementary|Footnotes|Contributor Information,Abstract|Introduction|Methods|Results|Discussion,8.51,67.24,24.25
Ethical considerations for the age of nongovernmen.txt,66199,1241,278.0,^Abstract$,537.0,^acknowledge?ments?$,7824,39056,19320,107,390,633,True,10.1038/s41467-023-44357-x,Nat Commun,Acknowledgments|References|Competing interests|Author contributions|Footnotes|Contributor Information,Abstract|Introduction|Conclusion,11.82,59.0,29.18
Innate immune responses of Drosophila melanogaster.txt,64591,1589,90.0,^Abstract$,870.0,^acknowledge?ments?$,2855,42942,18795,122,523,755,True,10.1038/s41526-019-0091-2,NPJ Microgravity,Acknowledgments|References|Competing interests|Author contributions|Data availability|Supplementary|Footnotes,Abstract|Introduction|Methods|Results|Discussion,4.42,66.48,29.1
Prolonged Exposure to Microgravity Reduces Cardiac.txt,72992,1792,202.0,^PMC Copyright notice$,1351.0,^acknowledge?ments?$,5623,56745,10625,101,322,598,False,10.1016/j.celrep.2020.108445,Cell Rep,Acknowledgments|References|Author contributions|Data availability|Supplementary|Footnotes,Introduction|Methods|Results|Discussion,7.7,77.74,14.56
Regulation of plant gravity sensing and signaling .txt,103205,2635,52.0,^Abstract$,990.0,^acknowledge?ments?$,2176,59191,41839,245,1205,1019,True,10.3389/fpls.2021.777119,Front Plant Sci,Acknowledgments|References|Funding|Competing interests|Author contributions,Abstract,2.11,57.35,40.54
HLB1 Is a Tetratricopeptide Repeat DomainContainin.txt,133013,4291,82.0,^Abstract$,2872.0,^acknowledge?ments?$,2337,97661,33016,222,990,1411,True,10.1105/tpc.15.00794,Plant Cell,Acknowledgments|References|Author contributions|Supplementary|Footnotes,Abstract|Introduction|Methods|Results|Discussion,1.76,73.42,24.82
ERULUS is a plasma membranelocalized receptorlike .txt,19129,748,59.0,^PMC Copyright notice$,509.0,^acknowledge?ments?$,1256,12749,5125,43,188,307,True,10.1105/tpc.18.00316,letter,Acknowledgments|References|Author contributions|Footnotes,,6.57,66.65,26.79
Brassinosteroids inhibit autotropic root straighte.txt,79845,1590,112.0,^Abstract$,902.0,^acknowledge?ments?$,3040,57811,18995,115,508,551,True,10.3389/fpls.2020.00005,Front Plant Sci,Acknowledgments|References|Funding|Competing interests|Author contributions|Data availability|Supplementary,Abstract|Introduction|Methods|Results|Discussion,3.81,72.4,23.79
Cell typespecific imaging of calcium signaling in .txt,59141,2082,50.0,^Abstract$,1712.0,^references$,1462,47546,10134,76,438,1026,True,10.3390/ijms21176385,Int J Mol Sci,References|Funding|Author contributions|Supplementary,Abstract,2.47,80.39,17.14
Spatial and temporal localization of SPIRRIG and W.txt,96432,2485,111.0,^Abstract$,1449.0,^acknowledge?ments?$,3171,69562,23700,163,730,899,True,10.1093/plcell/koab115,Plant Cell,Acknowledgments|References|Funding|Competing interests|Supplementary,Abstract|Introduction|Methods|Results|Discussion,3.29,72.14,24.58
Microgravity Stress Bone and Connective Tissue.txt,69467,1467,317.0,^Abstract$,910.0,^acknowledge?ments?$,11297,46331,11840,100,315,675,True,10.1038/s41598-024-79315-0,Sci Rep,Acknowledgments|References|Competing interests|Author contributions|Data availability|Supplementary|Footnotes|Contributor Information,Abstract|Introduction|Methods,16.26,66.69,17.04
S aureus MscL is a pentamer in vivo but of variabl.txt,45205,827,86.0,^Abstract$,513.0,^acknowledge?ments?$,2942,32532,9732,62,221,389,True,10.1371/journal.pbio.1000555,PLoS Biol,Acknowledgments|References|Footnotes,Abstract|Introduction|Methods|Results|Discussion,6.51,71.97,21.53
Manipulating the permeation of charged compounds t.txt,38730,1110,37.0,^Abstract$,726.0,^acknowledge?ments?$,996,27793,9942,70,284,594,True,10.1096/fj.10-170076,FASEB J,Acknowledgments|References|Supplementary|Footnotes,Abstract|Methods|Results|Discussion,2.57,71.76,25.67
The oligomeric state of the truncated mechanosensi.txt,20529,438,50.0,^Abstract$,278.0,^references$,1574,14681,4275,40,120,170,True,10.1002/pro.686,Protein Sci,References|Supplementary,Abstract|Introduction|Methods,7.67,71.51,20.82
Three routes to modulate the pore size of the MscL.txt,44455,917,76.0,^Abstract$,521.0,^acknowledge?ments?$,1800,31698,10958,84,311,441,False,10.1021/nn203703j,ACS Nano,Acknowledgments|References,Abstract|Methods|Conclusion,4.05,71.3,24.65
The dynamics of proteinprotein interactions betwee.txt,34125,659,43.0,^Abstract$,315.0,^acknowledge?ments?$,962,23721,9443,70,266,328,True,10.4161/chan.20756,Channels (Austin),Acknowledgments|References|Footnotes,Abstract|Introduction|Methods|Results|Discussion,2.82,69.51,27.67
The MscS and MscL families of mechanosensitive cha.txt,55488,1677,40.0,^Abstract$,525.0,^acknowledge?ments?$,1023,35424,19042,144,677,796,True,10.1128/JB.00576-12,J Bacteriol,Acknowledgments|References|Footnotes,Abstract|Introduction,1.84,63.84,34.32
Chimeras reveal a single lipidinterface residue th.txt,43320,755,49.0,^PMC Copyright notice$,401.0,^acknowledge?ments?$,1256,29989,12076,75,282,286,False,10.1016/j.celrep.2013.01.018,Cell Rep,Acknowledgments|References|Author contributions|Supplementary|Footnotes,Introduction|Results|Discussion,2.9,69.23,27.88
Evidence for extensive horizontal gene transfer fr.txt,1564,28,,,,,0,1565,0,7,0,1,True,10.1073/pnas.1613046113,Proc Natl Acad Sci U S A,,,0.0,100.06,0.0
Reply to Bemm et al and Arakawa Identifying foreig.txt,14856,396,37.0,^PMC Copyright notice$,243.0,^references$,921,10318,3618,38,122,181,True,10.1073/pnas.1601149113,Proc Natl Acad Sci U S A,References|Footnotes,,6.2,69.45,24.35
Tardigrades Use Intrinsically Disordered Proteins .txt,59878,949,87.0,^Abstract$,606.0,^acknowledge?ments?$,2949,46684,10246,66,234,425,True,10.1038/s42003-024-06336-w,Commun Biol,Acknowledgments|References|Competing interests|Author contributions|Data availability|Supplementary|Footnotes,Abstract|Introduction|Methods|Results|Discussion,4.93,77.97,17.11
Desiccation of Hypsibius exemplaris.txt,1910,46,9.0,^Copyright and License information$,,,299,1612,0,7,0,2,True,10.1093/gbe/evaf018,Genome Biol Evol,,,15.65,84.4,0.0
The biology of tardigrade disordered proteins in e.txt,58625,1186,108.0,^Abstract$,689.0,^acknowledge?ments?$,5010,36404,17212,83,328,437,True,10.1247/csf.24035,Cell Struct Funct,Acknowledgments|References|Data availability|Supplementary,Abstract|Introduction|Methods|Conclusion,8.55,62.1,29.36
Production of reactive oxygen species and involvem.txt,66929,1838,80.0,^Abstract$,1070.0,^acknowledge?ments?$,2741,43524,20665,131,569,1034,True,10.1038/s41598-022-05734-6,Sci Rep,Acknowledgments|References|Competing interests|Author contributions|Supplementary|Footnotes,Abstract|Introduction|Methods|Results|Discussion,4.1,65.03,30.88
Partial weight suspension A novel murine model for.txt,50543,1172,81.0,^Abstract$,829.0,^acknowledge?ments?$,2267,41072,7205,55,205,476,True,10.1152/japplphysiol.00014.2009,J Appl Physiol (1985),Acknowledgments|References,Abstract|Methods|Results|Discussion,4.49,81.26,14.26
Partial reductions in mechanical loading yield pro.txt,51054,1229,93.0,^Abstract$,963.0,^acknowledge?ments?$,2919,39736,8400,56,201,602,False,10.1002/jbmr.1814,J Bone Miner Res,Acknowledgments|References|Footnotes,Abstract|Introduction|Results|Discussion,5.72,77.83,16.45
Spaceflight and hind limb unloading induce similar.txt,30625,595,104.0,^Abstract$,315.0,^acknowledge?ments?$,2514,20218,7894,60,213,281,False,,J Musculoskelet Neuronal Interact,Acknowledgments|References|Footnotes,Abstract|Introduction|Methods|Results|Discussion|Conclusion,8.21,66.02,25.78
Spaceflight Activates Lipotoxic Pathways in Mouse .txt,73036,1317,139.0,^Abstract$,581.0,^acknowledge?ments?$,3853,50616,18568,139,563,721,True,10.1038/s41598-019-55869-2,Sci Rep,Acknowledgments|References|Competing interests|Author contributions|Supplementary|Footnotes|Contributor Information,Abstract|Introduction|Results|Discussion,5.28,69.3,25.42
Treatment with a soluble bone morphogenetic protei.txt,33086,1013,131.0,^Abstract$,660.0,^acknowledge?ments?$,3551,23546,5990,54,163,427,True,10.1002/jbm4.10012,JBMR Plus,Acknowledgments|References|Supplementary,Abstract|Introduction|Methods|Results|Discussion,10.73,71.17,18.1
RNAseq and RNA molecular barcoding reveal differen.txt,32913,788,123.0,^Abstract$,306.0,^references$,3895,17060,11959,76,302,351,True,10.1371/journal.pone.0250715,PLoS One,References|Funding|Competing interests|Data availability|Supplementary,Abstract|Introduction|Results|Discussion,11.83,51.83,36.34
Proteomic and phosphoproteomic characterization of.txt,77504,1494,149.0,^Abstract$,903.0,^acknowledge?ments?$,4009,53653,19843,97,328,386,True,10.3389/fphys.2024.1248276,Front Physiol,Acknowledgments|References|Funding|Competing interests|Author contributions|Data availability|Supplementary,Abstract|Introduction|Methods|Results|Discussion,5.17,69.23,25.6
Adaptive Changes in the Vestibular System of Land .txt,94176,1541,176.0,^Abstract$,1008.0,^acknowledge?ments?$,4729,74453,14995,106,353,558,True,10.3389/fncel.2017.00348,Front Cell Neurosci,Acknowledgments|References|Competing interests|Author contributions|Supplementary,Abstract|Introduction|Methods|Results|Discussion,5.02,79.06,15.92
Morphology of the Utricular Otolith Organ in the T.txt,100961,1541,76.0,^Abstract$,699.0,^acknowledge?ments?$,2212,72149,26601,157,723,599,False,10.1002/cne.24429,J Comp Neurol,Acknowledgments|References|Competing interests|Footnotes,Abstract|Introduction|Methods|Results|Discussion,2.19,71.46,26.35
Influence of Magnitude and Duration of Altered Gra.txt,131865,2539,58.0,^Abstract$,1094.0,^acknowledge?ments?$,2402,97465,31999,192,913,1101,True,10.3389/fphys.2018.01469,Front Physiol,Acknowledgments|References|Competing interests|Author contributions|Supplementary|Footnotes,Abstract|Introduction|Methods|Results|Discussion,1.82,73.91,24.27
Organization of the ERGolgi interface for membrane.txt,84441,2065,40.0,^Abstract$,623.0,^references$,1207,47756,35479,224,1147,1159,False,10.1038/nrm3588,Nat Rev Mol Cell Biol,Acknowledgments|References|Competing interests|Footnotes,Abstract,1.43,56.56,42.02
IRE1 ER stress sensor and cell fate executor.txt,53748,1503,42.0,^Abstract$,596.0,^acknowledge?ments?$,1205,30901,21643,154,726,831,False,10.1016/j.tcb.2013.06.005,Trends Cell Biol,Acknowledgments|References|Footnotes,Abstract,2.24,57.49,40.27
Interregulation of the unfolded protein response a.txt,58715,1705,75.0,^PMC Copyright notice$,1192.0,^acknowledge?ments?$,2457,40013,16246,93,407,593,False,10.1111/tpj.12373,Plant J,Acknowledgments|References|Supplementary,Introduction|Results|Discussion,4.18,68.15,27.67
Endoplasmic reticulumshape and function in stress .txt,13088,256,69.0,^PMC Copyright notice$,130.0,^acknowledge?ments?$,2228,7878,2983,35,99,90,True,10.3389/fpls.2014.00425,editorial,Acknowledgments|References|Competing interests,,17.02,60.19,22.79
Galactosedepleted xycoglucan is dysfunctional and .txt,72436,2322,260.0,^Abstract$,1825.0,^acknowledge?ments?$,11981,47137,13319,98,360,826,True,10.1104/pp.114.255943,Plant Physiol,Acknowledgments|References|Supplementary|Footnotes,Abstract|Methods|Conclusion,16.54,65.07,18.39
Unfolded protein response in plants one master man.txt,41042,931,70.0,^Abstract$,364.0,^acknowledge?ments?$,1798,20711,18534,103,451,478,False,10.1016/j.pbi.2015.05.016,Curr Opin Plant Biol,Acknowledgments,Abstract|Introduction|Conclusion,4.38,50.46,45.16
Vesicles versus Tubes Is Endoplasmic ReticulumGolg.txt,87809,2057,113.0,^Abstract$,1126.0,^references$,4319,62298,21193,154,714,809,True,10.1104/pp.15.00124,Plant Physiol,References|Footnotes,Abstract|Conclusion,4.92,70.95,24.14
Pectin methylesterification impacts the relationsh.txt,77873,2066,129.0,^Abstract$,1763.0,^acknowledge?ments?$,4210,65680,7984,62,178,671,True,10.1104/pp.16.00173,Plant Physiol,Acknowledgments|References|Supplementary|Footnotes,Abstract|Methods|Results|Discussion|Conclusion,5.41,84.34,10.25
Reduced Chloroplast Coverage genes from Arabidopsi.txt,80446,2574,128.0,^Abstract$,1962.0,^acknowledge?ments?$,4670,59693,16084,113,469,1086,True,10.1073/pnas.1515741113,Proc Natl Acad Sci U S A,Acknowledgments|References|Supplementary|Footnotes,Abstract|Methods|Results|Discussion,5.81,74.2,19.99
Maintaining the factory The roles of the unfolded .txt,84731,2230,64.0,^PMC Copyright notice$,981.0,^acknowledge?ments?$,1815,44237,38680,231,1108,909,False,10.1111/tpj.13449,Plant J,Acknowledgments|References,Introduction,2.14,52.21,45.65
NADPH oxidase activity is required for ER stress s.txt,75483,1870,50.0,^Abstract$,1174.0,^acknowledge?ments?$,1465,55799,18220,121,555,764,False,10.1111/tpj.14091,Plant J,Acknowledgments|References|Footnotes,Abstract|Introduction|Methods|Results|Discussion,1.94,73.92,24.14
Relevance of the Unfolded Protein Response to Spac.txt,63369,1520,70.0,^Abstract$,877.0,^acknowledge?ments?$,2059,46903,14408,111,441,474,True,10.1089/ast.2020.2313,Astrobiology,Acknowledgments|References|Data availability|Supplementary,Abstract,3.25,74.02,22.74
Reanalysis of the Mars500 experiment reveals commo.txt,75177,1699,62.0,^Abstract$,702.0,^acknowledge?ments?$,1934,43450,29794,173,766,746,True,10.1016/j.csbj.2021.03.040,Comput Struct Biotechnol J,Acknowledgments|References|Funding|Author contributions|Data availability|Supplementary|Footnotes|Contributor Information,Abstract,2.57,57.8,39.63
High atomic weight highenergy radiation HZE induce.txt,3358,86,,,,,0,3359,0,13,0,21,True,10.3389/fpls.2016.01753,Front Plant Sci,Competing interests,,0.0,100.03,0.0
Genomic stability in response to high versus low l.txt,42438,1154,83.0,^Abstract$,542.0,^acknowledge?ments?$,2628,27565,12246,83,354,460,True,10.3389/fpls.2014.00206,Front Plant Sci,Acknowledgments|References|Competing interests,Abstract|Introduction|Methods|Conclusion,6.19,64.95,28.86
Acceleration profiles and processing methods for p.txt,25126,484,79.0,^Abstract$,392.0,^acknowledge?ments?$,2758,19249,3120,25,39,203,True,10.1038/s41526-018-0050-3,NPJ Microgravity,Acknowledgments|References|Competing interests|Author contributions|Data availability|Supplementary|Footnotes,Abstract|Introduction|Methods|Results|Discussion,10.98,76.61,12.42
Cytoskeleton structure and total methylation of mo.txt,63869,1329,76.0,^Abstract$,553.0,^acknowledge?ments?$,2757,40293,20820,112,499,564,True,10.1371/journal.pone.0192643,PLoS One,Acknowledgments|References|Funding|Competing interests|Data availability|Supplementary,Abstract|Introduction|Methods|Results|Discussion|Conclusion,4.32,63.09,32.6
Toward countering muscle and bone loss with spacef.txt,72964,1458,194.0,^PMC Copyright notice$,896.0,^acknowledge?ments?$,4344,50296,18325,113,412,618,True,10.1016/j.isci.2023.107047,iScience,Acknowledgments|References|Author contributions|Data availability|Supplementary|Footnotes,Introduction|Results|Discussion,5.95,68.93,25.12
Spaceflight increases sarcoplasmic reticulum Ca2 l.txt,45059,1683,50.0,^Abstract$,548.0,^acknowledge?ments?$,1929,20614,22517,133,647,889,True,10.1038/s41526-024-00419-y,NPJ Microgravity,Acknowledgments|References|Competing interests|Author contributions|Data availability|Supplementary|Footnotes,Abstract|Methods,4.28,45.75,49.97
Cardiovascular progenitor cells cultured aboard th.txt,68630,1373,102.0,^Abstract$,906.0,^acknowledge?ments?$,3188,52673,12770,92,350,634,True,10.1038/s41526-018-0048-x,NPJ Microgravity,Acknowledgments|References|Competing interests|Author contributions|Data availability|Supplementary|Footnotes,Abstract|Introduction|Methods|Results|Discussion,4.65,76.75,18.61
Interagency perspective Translating advances in bi.txt,86994,1834,64.0,^Abstract$,727.0,^references$,2456,54139,30400,211,958,798,False,10.1016/j.lssr.2022.06.004,Life Sci Space Res (Amst),References|Footnotes,Abstract,2.82,62.23,34.94
Genomic and functional characterization of Enteroc.txt,79747,2508,92.0,^Abstract$,1489.0,^acknowledge?ments?$,3151,52037,24560,145,580,857,True,10.3389/fmicb.2020.515319,Front Microbiol,Acknowledgments|References|Competing interests|Author contributions|Data availability|Supplementary,Abstract|Introduction|Methods|Results|Discussion,3.95,65.25,30.8
Evaluation of in vitro macrophage differentiation .txt,75685,2625,52.0,^Abstract$,1981.0,^acknowledge?ments?$,1267,53080,21339,121,545,1047,False,10.1016/j.asr.2012.02.021,Adv Space Res,Acknowledgments|References|Supplementary|Footnotes,Abstract,1.67,70.13,28.19
Ehrlichia chaffeensis replication sites in adult D.txt,54341,1720,57.0,^Abstract$,1262.0,^acknowledge?ments?$,1401,38448,14493,95,400,625,False,10.1016/j.ijmm.2012.12.002,Int J Med Microbiol,Acknowledgments|References|Footnotes,Abstract|Introduction|Methods|Results|Discussion,2.58,70.75,26.67
Development and characterization of two porcine mo.txt,63221,1128,89.0,^Abstract$,709.0,^references$,3004,48145,12073,84,326,587,True,10.1186/s12985-024-02374-2,Virol J,References|Funding|Competing interests|Author contributions|Data availability|Supplementary|Footnotes|Contributor Information,Abstract|Methods|Results|Discussion|Conclusion,4.75,76.15,19.1
Understanding macrophage differentiation during sp.txt,38346,772,39.0,^Abstract$,337.0,^acknowledge?ments?$,1127,22524,14696,78,326,399,False,10.2174/18776116112029990011,Recent Pat Space Technol,Acknowledgments|Footnotes,Abstract|Introduction,2.94,58.74,38.32
Bone marrow leptin signaling mediates obesityassoc.txt,33157,977,69.0,^Abstract$,440.0,^acknowledge?ments?$,1966,20214,10978,84,359,494,True,10.1210/en.2013-1607,Endocrinology,Acknowledgments|References,Abstract|Methods,5.93,60.96,33.11
Establishment and characterization of DB1 a leptin.txt,51553,1097,61.0,^Abstract$,624.0,^acknowledge?ments?$,1456,35394,14704,91,410,428,True,10.1007/s10616-015-9843-3,Cytotechnology,Acknowledgments|References|Footnotes,Abstract|Introduction|Methods|Results|Discussion,2.82,68.66,28.52
Validation of methods to assess the immunoglobulin.txt,61780,1060,57.0,^Abstract$,576.0,^acknowledge?ments?$,1295,44685,15801,95,416,403,False,,Gravit Space Res,Acknowledgments|References,Abstract|Introduction|Methods|Results|Discussion,2.1,72.33,25.58
Characterization of the naive murine antibody repe.txt,67117,1343,101.0,^Abstract$,580.0,^acknowledge?ments?$,3528,42750,20840,116,481,600,True,10.1371/journal.pone.0190982,PLoS One,Acknowledgments|References|Funding|Competing interests|Data availability|Supplementary,Abstract|Introduction|Methods|Results|Discussion,5.26,63.69,31.05
Effects of spaceflight on the immunoglobulin reper.txt,80287,1753,78.0,^Abstract$,974.0,^references$,1917,53776,24595,151,671,794,False,10.1016/j.lssr.2017.11.003,Life Sci Space Res (Amst),References|Supplementary|Footnotes,Abstract,2.39,66.98,30.63
A comparison of unamplified and massively multiple.txt,55390,1190,51.0,^Abstract$,623.0,^acknowledge?ments?$,1501,39556,14334,101,394,569,False,,FASEB Bioadv,Acknowledgments|References|Supplementary,Abstract|Introduction|Methods|Results|Discussion,2.71,71.41,25.88
Effects of skeletal unloading on the antibody repe.txt,70650,1468,120.0,^Abstract$,784.0,^acknowledge?ments?$,2851,45438,22362,127,512,694,True,10.1016/j.omtm.2025.101424,Mol Ther Methods Clin Dev,Acknowledgments|References|Author contributions|Data availability|Supplementary|Footnotes,Abstract|Introduction|Methods|Results|Discussion,4.04,64.31,31.65
Effects of skeletal unloading on the bone marrow a.txt,70650,1468,120.0,^Abstract$,784.0,^acknowledge?ments?$,2851,45438,22362,127,512,694,True,10.1016/j.omtm.2025.101424,Mol Ther Methods Clin Dev,Acknowledgments|References|Author contributions|Data availability|Supplementary|Footnotes,Abstract|Introduction|Methods|Results|Discussion,4.04,64.31,31.65
An Analysis of the Effects of Spaceflight and Vacc.txt,49946,1153,79.0,^Abstract$,679.0,^acknowledge?ments?$,2286,36393,11268,89,332,544,False,10.4049/immunohorizons.2100056,Immunohorizons,Acknowledgments|References|Footnotes,Abstract|Introduction|Methods|Results|Discussion,4.58,72.86,22.56
Effects of spaceflight aboard the International Sp.txt,41630,847,89.0,^Abstract$,525.0,^acknowledge?ments?$,2886,30022,8723,66,231,417,True,10.1038/s41526-021-00139-7,NPJ Microgravity,Acknowledgments|References|Competing interests|Author contributions|Data availability|Supplementary|Footnotes,Abstract|Introduction|Methods|Results|Discussion,6.93,72.12,20.95
Effect of spaceflight on Pseudomonas aeruginosa fi.txt,54946,1131,154.0,^Abstract$,709.0,^acknowledge?ments?$,4329,37831,12787,93,366,505,True,10.1186/1471-2180-13-241,BMC Microbiol,Acknowledgments|References|Competing interests|Supplementary|Contributor Information,Abstract|Methods|Results|Discussion|Conclusion,7.88,68.85,23.27
Spaceflight promotes biofilm formation by Pseudomo.txt,48626,1137,151.0,^Abstract$,685.0,^acknowledge?ments?$,4566,32815,11246,65,233,347,True,10.1371/journal.pone.0062437,PLoS One,Acknowledgments|References|Funding|Competing interests|Supplementary,Abstract|Introduction|Methods|Results|Discussion,9.39,67.48,23.13
NASA GeneLab Interfaces for the exploration of spa.txt,36657,607,73.0,^Abstract$,260.0,^acknowledge?ments?$,1918,24661,10079,62,224,262,True,10.1093/nar/gkaa887,Nucleic Acids Res,Acknowledgments|References|Funding|Competing interests|Data availability|Contributor Information,Abstract|Introduction,5.23,67.28,27.5
Comprehensive multiomics analysis reveals mitochon.txt,163647,4051,439.0,^PMC Copyright notice$,2058.0,^acknowledge?ments?$,9579,102274,51795,289,1149,1333,False,10.1016/j.cell.2020.11.002,Cell,Acknowledgments|References|Competing interests|Data availability|Supplementary|Footnotes,Introduction|Results|Discussion,5.85,62.5,31.65
A New Era for Space Life Science International Sta.txt,68400,1316,225.0,^PMC Copyright notice$,517.0,^acknowledge?ments?$,6085,36365,25951,152,608,724,True,10.1016/j.patter.2020.100148,Patterns (N Y),Acknowledgments|References|Supplementary|Footnotes|Contributor Information,,8.9,53.17,37.94
Knowledge Network Embedding of Transcriptomic Data.txt,47297,1087,122.0,^Abstract$,748.0,^references$,4411,33287,9600,79,255,432,True,10.3390/life11010042,Life (Basel),References|Funding|Author contributions|Data availability|Supplementary|Footnotes,Abstract,9.33,70.38,20.3
NASA GeneLab RNASeq Consensus Pipeline Standardize.txt,74308,1503,395.0,^Copyright and License information$,954.0,^acknowledge?ments?$,8671,48940,16698,156,417,520,True,10.1016/j.isci.2021.102361,iScience,Acknowledgments|References|Author contributions|Data availability|Supplementary|Footnotes|Contributor Information,Introduction|Methods|Results|Discussion,11.67,65.86,22.47
Spatially resolved multiomics on the neuronal effe.txt,90695,1752,267.0,^Abstract$,856.0,^acknowledge?ments?$,8229,57352,25115,168,618,856,True,10.1038/s41467-024-48916-8,Nat Commun,Acknowledgments|References|Funding|Competing interests|Author contributions|Data availability|Supplementary|Footnotes|Contributor Information,Abstract|Introduction|Methods|Results|Discussion,9.07,63.24,27.69
Biological horizons pioneering open science in the.txt,9773,181,42.0,^Copyright and License information$,99.0,^references$,967,6899,1908,23,61,80,True,10.1038/s41467-024-48633-2,Nat Commun,References|Competing interests|Author contributions|Footnotes,,9.89,70.59,19.52
Inspiration4 data access through the NASA Open Sci.txt,30866,464,123.0,^Copyright and License information$,290.0,^acknowledge?ments?$,2587,23381,4899,40,80,176,True,10.1038/s41526-024-00393-5,NPJ Microgravity,Acknowledgments|References|Competing interests|Author contributions|Data availability|Supplementary|Footnotes,Abstract|Introduction|Methods,8.38,75.75,15.87
NASA GeneLab derived microarray studies of Mus mus.txt,69589,1284,62.0,^Abstract$,576.0,^acknowledge?ments?$,2600,45640,21350,118,520,655,True,10.1038/s41526-024-00392-6,NPJ Microgravity,Acknowledgments|References|Competing interests|Author contributions|Data availability|Footnotes,Abstract|Introduction|Methods|Results|Discussion,3.74,65.59,30.68
Celebrating 30 years of access to NASA space life .txt,18440,289,73.0,^Copyright and License information$,167.0,^acknowledge?ments?$,1551,11941,4949,28,56,105,True,10.1093/gigascience/giae066,Gigascience,Acknowledgments|References|Funding|Competing interests|Author contributions|Data availability|Contributor Information,Abstract|Conclusion,8.41,64.76,26.84
Dichotomous effects on lymphatic transport with lo.txt,62256,1074,139.0,^Abstract$,565.0,^acknowledge?ments?$,3737,45745,12775,97,365,467,False,10.1111/apha.13656,Acta Physiol (Oxf),Acknowledgments|References|Competing interests|Data availability|Supplementary|Footnotes,Abstract|Introduction|Methods|Results|Discussion,6.0,73.48,20.52
Fungal diversity differences in the indoor dust mi.txt,50001,959,102.0,^Abstract$,460.0,^acknowledge?ments?$,4063,30202,15737,95,360,498,True,10.1038/s41598-024-62191-z,Sci Rep,Acknowledgments|References|Competing interests|Author contributions|Data availability|Supplementary|Footnotes,Abstract|Introduction|Methods|Results|Discussion,8.13,60.4,31.47
Predicting how varying moisture conditions impact .txt,73483,1301,94.0,^Abstract$,650.0,^acknowledge?ments?$,3912,47003,22569,107,416,638,True,10.1186/s40168-024-01864-3,Microbiome,Acknowledgments|References|Funding|Competing interests|Data availability|Supplementary|Footnotes,Abstract|Methods|Results|Discussion|Conclusion,5.32,63.96,30.71
Chronic skeletal unloading of the rat femur mechan.txt,43768,931,58.0,^Abstract$,527.0,^acknowledge?ments?$,1793,30720,11256,71,306,484,False,10.1016/j.bone.2013.09.003,Bone,Acknowledgments|References|Footnotes,Abstract|Introduction|Methods|Results|Discussion,4.1,70.19,25.72
Differential effects of aging and exercise on intr.txt,57489,1784,97.0,^Abstract$,934.0,^references$,3002,37007,17481,109,535,906,True,10.1152/japplphysiol.01358.2012,J Appl Physiol (1985),References|Author contributions,Abstract|Methods|Results|Discussion,5.22,64.37,30.41
Effects of spaceflight and ground recovery on mese.txt,60893,1828,99.0,^Abstract$,1059.0,^acknowledge?ments?$,1926,39472,19496,102,488,977,True,10.1096/fj.12-218503,FASEB J,Acknowledgments|References|Footnotes,Abstract|Methods|Results|Discussion|Conclusion,3.16,64.82,32.02
Spaceflightinduced alterations in cerebral artery .txt,60343,1574,132.0,^Abstract$,915.0,^acknowledge?ments?$,2591,38703,19050,101,440,867,True,10.1096/fj.12-222687,FASEB J,Acknowledgments|References|Footnotes,Abstract|Methods|Results|Discussion,4.29,64.14,31.57
Exercise training augments regional bone and marro.txt,34436,773,55.0,^Abstract$,385.0,^acknowledge?ments?$,1697,22040,10700,65,301,392,False,10.1249/MSS.0000000000000342,Med Sci Sports Exerc,Acknowledgments|References|Footnotes,Abstract|Introduction|Methods|Results|Discussion|Conclusion,4.93,64.0,31.07
Effects of Skeletal Unloading on the Vasomotor Pro.txt,49907,1502,70.0,^Abstract$,924.0,^references$,2143,34302,13463,88,390,847,True,10.1152/japplphysiol.00576.2014,J Appl Physiol (1985),References|Author contributions,Abstract|Methods|Results|Discussion,4.29,68.73,26.98
Type 2 diabetes alters bone and marrow blood flow .txt,54330,1517,65.0,^Abstract$,990.0,^acknowledge?ments?$,2120,34394,17817,95,437,547,False,10.1530/JOE-14-0514,J Endocrinol,Acknowledgments|References|Funding|Author contributions|Supplementary|Footnotes,Abstract|Introduction|Methods|Results|Discussion,3.9,63.31,32.79
Spaceflight on the BionM1 biosatellite alters cere.txt,61998,1735,151.0,^Abstract$,903.0,^acknowledge?ments?$,3549,40125,18325,117,515,857,True,10.1152/japplphysiol.00976.2014,J Appl Physiol (1985),Acknowledgments|References|Author contributions,Abstract|Methods|Results|Discussion,5.72,64.72,29.56
Apollo Lunar Astronauts Show Higher Cardiovascular.txt,50135,1021,69.0,^Abstract$,624.0,^acknowledge?ments?$,2207,38169,9760,70,264,425,True,10.1038/srep29901,Sci Rep,Acknowledgments|References|Author contributions|Supplementary|Footnotes,Abstract|Methods|Results|Discussion,4.4,76.13,19.47
Effects of age and exercise training on coronary m.txt,55340,1442,126.0,^Abstract$,851.0,^references$,2984,37320,15037,99,386,713,True,10.1152/japplphysiol.00459.2017,J Appl Physiol (1985),References|Author contributions,Abstract|Introduction|Methods|Results|Discussion,5.39,67.44,27.17
Impact of Spaceflight and Artificial Gravity on th.txt,46503,851,131.0,^Abstract$,614.0,^acknowledge?ments?$,4673,34290,7541,60,176,348,True,10.3390/ijms19092546,Int J Mol Sci,Acknowledgments|References|Author contributions,Abstract,10.05,73.74,16.22
Simulated microgravity induces regionally distinct.txt,51961,1066,88.0,^Abstract$,650.0,^references$,3315,36418,12229,72,315,399,True,10.3389/fphys.2020.00675,Front Physiol,References|Competing interests|Author contributions|Data availability|Footnotes,Abstract|Introduction|Methods|Results|Discussion|Conclusion,6.38,70.09,23.53
Spaceflight decelerates the epigenetic clock orche.txt,72500,1456,117.0,^Abstract$,856.0,^acknowledge?ments?$,3833,52921,15747,111,411,583,True,10.1093/pcmedi/pbab012,Precis Clin Med,Acknowledgments|References|Competing interests|Author contributions|Data availability|Supplementary|Contributor Information,Abstract|Introduction|Methods|Results|Discussion,5.29,72.99,21.72
Development of otolith receptors in Japanese quail.txt,77264,1507,60.0,^Abstract$,846.0,^acknowledge?ments?$,1610,56329,19326,120,576,588,False,10.1002/dneu.20787,Dev Neurobiol,Acknowledgments|References,Abstract|Introduction|Methods|Results|Discussion,2.08,72.9,25.01
Spatial and temporal characteristics of vestibular.txt,69197,1042,58.0,^Abstract$,592.0,^acknowledge?ments?$,1643,53733,13822,79,390,379,False,10.1016/j.neuroscience.2011.06.070,Neuroscience,Acknowledgments|References|Footnotes,Abstract|Introduction|Results|Discussion,2.37,77.65,19.97
Bone remodeling is regulated by inner ear vestibul.txt,47129,1435,129.0,^Abstract$,987.0,^acknowledge?ments?$,3796,33724,9610,77,308,739,False,10.1016/j.bone.2019.05.024,Bone,Acknowledgments|References|Author contributions|Supplementary|Footnotes,Abstract|Discussion,8.05,71.56,20.39
Simulated Microgravity Enhances Oligodendrocyte Mi.txt,60445,763,104.0,^Abstract$,470.0,^acknowledge?ments?$,4231,48214,8001,68,193,235,False,10.1002/jnr.23958,J Neurosci Res,Acknowledgments|References|Competing interests|Footnotes,Abstract|Introduction|Methods|Results|Discussion|Conclusion,7.0,79.77,13.24
Human Neural Stem Cells Flown into Space Prolifera.txt,24999,336,99.0,^Abstract$,238.0,^references$,3387,18443,3170,37,76,138,False,10.3390/app9194042,Appl Sci (Basel),References|Footnotes,Abstract,13.55,73.77,12.68
Delayed Maturation of Oligodendrocyte Progenitors .txt,6655,143,,,,,0,6656,0,18,9,50,True,10.3390/life13102051,Life (Basel),Footnotes,,0.0,100.02,0.0
Space Microgravity Alters Neural Stem Cell Divisio.txt,59332,822,91.0,^Abstract$,436.0,^acknowledge?ments?$,2707,42712,13914,75,278,400,True,10.3390/ijms232214320,Int J Mol Sci,Acknowledgments|References|Funding|Author contributions|Data availability|Supplementary|Footnotes,Abstract,4.56,71.99,23.45
Oligodendrocyte Progenitors Display Enhanced Proli.txt,47857,678,80.0,^Abstract$,377.0,^acknowledge?ments?$,2270,34654,10934,59,179,280,True,10.3390/biom13020201,Biomolecules,Acknowledgments|References|Funding|Author contributions|Data availability|Footnotes,Abstract,4.74,72.41,22.85
Metabolomics profile of the secretome of spaceflow.txt,62235,1161,80.0,^Abstract$,534.0,^acknowledge?ments?$,2747,40788,18701,101,391,530,True,10.3390/cells12182249,Cells,Acknowledgments|References|Funding|Author contributions|Data availability|Supplementary|Footnotes,Abstract,4.41,65.54,30.05
Metabolomic profiling of the secretome from human .txt,41694,663,61.0,^Abstract$,296.0,^acknowledge?ments?$,1808,28302,11585,74,273,332,True,10.3390/bioengineering11010011,Bioengineering (Basel),Acknowledgments|References|Funding|Author contributions|Data availability|Footnotes,Abstract,4.34,67.88,27.79
Strategies research priorities and challenges for .txt,83385,1423,98.0,^Abstract$,,,3336,80050,0,148,748,809,True,10.1038/s41526-023-00295-y,NPJ Microgravity,Acknowledgments|References|Competing interests|Author contributions|Footnotes|Contributor Information,Abstract|Introduction,4.0,96.0,0.0
Spaceflight Induces Specific Alterations in the Pr.txt,61739,1290,68.0,^Abstract$,697.0,^acknowledge?ments?$,1645,40988,19107,112,472,515,True,10.1089/ast.2014.1210,Astrobiology,Acknowledgments|References|Supplementary,Abstract,2.66,66.39,30.95
The effect of spaceflight on the gravitysensing au.txt,51537,1236,47.0,^Abstract$,550.0,^acknowledge?ments?$,1908,38259,11371,76,330,489,True,10.1038/npjmgrav.2015.23,NPJ Microgravity,Acknowledgments|References|Supplementary|Footnotes,Abstract|Introduction|Methods|Results|Discussion,3.7,74.24,22.06
Skewing in Arabidopsis roots involves disparate en.txt,89801,2662,76.0,^Abstract$,1414.0,^acknowledge?ments?$,2614,52152,35036,196,935,1348,True,10.1186/s12870-017-0975-9,BMC Plant Biol,Acknowledgments|References|Funding|Competing interests|Data availability|Contributor Information,Abstract|Methods|Results|Discussion|Conclusion,2.91,58.08,39.02
Genetic dissection of the Arabidopsis spaceflight .txt,79822,1427,112.0,^Abstract$,566.0,^acknowledge?ments?$,2816,52791,24216,124,514,632,True,10.1371/journal.pone.0180186,PLoS One,Acknowledgments|References|Funding|Competing interests|Data availability|Supplementary,Abstract|Introduction|Methods|Results|Discussion|Conclusion,3.53,66.14,30.34
Phenotypic characterization of an Arabidopsis T DN.txt,14655,377,59.0,^Abstract$,256.0,^acknowledge?ments?$,1853,9658,3145,31,48,107,True,10.1016/j.dib.2018.03.107,Data Brief,Acknowledgments|References|Supplementary|Footnotes,Abstract,12.64,65.9,21.46
Utilization of singleÄêimage normalized difference.txt,42639,620,89.0,^Abstract$,438.0,^acknowledge?ments?$,2471,29834,10335,37,27,170,True,10.1002/aps3.1186,Appl Plant Sci,Acknowledgments|References|Supplementary,Abstract|Conclusion,5.8,69.97,24.24
Comparing RNASeq and microarray gene expression da.txt,56818,1411,59.0,^Abstract$,820.0,^acknowledge?ments?$,1913,42120,12786,84,339,335,True,10.1002/aps3.1197,Appl Plant Sci,Acknowledgments|References|Data availability|Supplementary,Abstract|Methods|Results|Discussion,3.37,74.13,22.5
Spaceflightinduced alternative splicing during see.txt,30503,567,91.0,^Abstract$,269.0,^acknowledge?ments?$,2997,19869,7638,61,210,262,True,10.1038/s41526-019-0070-7,NPJ Microgravity,Acknowledgments|References|Competing interests|Author contributions|Data availability|Supplementary|Footnotes,Abstract|Introduction|Methods,9.83,65.14,25.04
The Plant Health Monitoring System of the EDEN ISS.txt,57526,1570,65.0,^Abstract$,1318.0,^acknowledge?ments?$,2199,46283,9045,63,127,452,True,10.3389/fpls.2020.00656,Front Plant Sci,Acknowledgments|References|Competing interests|Author contributions|Data availability|Supplementary|Footnotes,Abstract|Introduction|Methods|Results|Discussion,3.82,80.46,15.72
Root skewingassociated genes impact the spacefligh.txt,129928,3276,105.0,^Abstract$,1648.0,^acknowledge?ments?$,3401,89597,36931,232,1018,1187,True,10.3389/fpls.2020.00239,Front Plant Sci,Acknowledgments|References|Competing interests|Author contributions|Data availability|Supplementary|Footnotes,Abstract|Introduction|Methods|Results|Discussion|Conclusion,2.62,68.96,28.42
Articular cartilage and sternal fibrocartilage res.txt,25777,504,63.0,^Abstract$,245.0,^acknowledge?ments?$,2441,16660,6677,47,177,235,True,10.1038/s41526-019-0063-6,NPJ Microgravity,Acknowledgments|References|Competing interests|Author contributions|Data availability|Supplementary|Footnotes,Abstract|Introduction|Methods|Results|Discussion,9.47,64.63,25.9
Hostmicrobe interactions in microgravity assessmen.txt,59246,1567,51.0,^Abstract$,563.0,^acknowledge?ments?$,1480,29577,28190,158,783,943,True,10.3390/life4020250,Life (Basel),Acknowledgments|References|Author contributions,Abstract,2.5,49.92,47.58
Environmental cues and symbiont microbeassociated .txt,59275,1285,76.0,^PMC Copyright notice$,705.0,^acknowledge?ments?$,2260,39052,17964,112,487,437,False,10.1111/cmi.12602,Cell Microbiol,Acknowledgments|References|Footnotes,Introduction|Results|Discussion,3.81,65.88,30.31
Symbiotic organs shaped by distinct modes of genom.txt,42531,1099,251.0,^Abstract$,722.0,^acknowledge?ments?$,7453,24533,10546,89,277,472,True,10.1073/pnas.1817322116,Proc Natl Acad Sci U S A,Acknowledgments|References|Supplementary|Footnotes,Abstract|Methods|Conclusion,17.52,57.68,24.8
Modeled microgravity alters lipopolysaccharide and.txt,71505,1789,72.0,^Abstract$,878.0,^acknowledge?ments?$,2719,45700,23087,159,694,905,True,10.1038/s41526-021-00138-8,NPJ Microgravity,Acknowledgments|References|Competing interests|Author contributions|Data availability|Supplementary|Footnotes,Abstract|Introduction|Methods|Results|Discussion,3.8,63.91,32.29
Emergence of novel cephalopod gene regulation and .txt,71303,1559,159.0,^Abstract$,796.0,^acknowledge?ments?$,4277,45279,21748,117,448,688,True,10.1038/s41467-022-29694-7,Nat Commun,Acknowledgments|References|Competing interests|Author contributions|Data availability|Supplementary|Footnotes|Contributor Information,Abstract|Introduction|Methods,6.0,63.5,30.5
Modeled microgravity alters apoptotic gene express.txt,92095,1952,58.0,^Abstract$,1126.0,^references$,2461,66273,23362,145,635,882,True,10.1186/s12866-022-02614-x,BMC Microbiol,References|Funding|Competing interests|Data availability|Supplementary|Footnotes,Abstract|Methods|Results|Discussion|Conclusion,2.67,71.96,25.37
In vitro generation of mechanically functional car.txt,52268,1335,113.0,^Abstract$,774.0,^acknowledge?ments?$,3634,30592,18043,95,423,630,False,10.1016/j.biomaterials.2009.11.092,Biomaterials,Acknowledgments|References|Footnotes|Contributor Information,Abstract|Introduction|Methods|Results|Discussion|Conclusion,6.95,58.53,34.52
Chondrogenesis and mineralization during in vitro .txt,49060,1431,141.0,^Abstract$,1027.0,^acknowledge?ments?$,3368,33246,12447,79,311,654,True,10.1089/ten.tea.2010.0190,Tissue Eng Part A,Acknowledgments|References,Abstract|Introduction|Methods|Results|Discussion,6.87,67.77,25.37
Microbiome metadata standards Report of the Nation.txt,10269,422,,,,,0,10270,0,50,0,156,True,10.1128/mSystems.00273-21,mSystems,,,0.0,100.01,0.0
Spaceflight alters hostgut microbiota interactions.txt,125354,4239,260.0,^Abstract$,1712.0,^acknowledge?ments?$,6907,71626,46822,310,1404,1958,True,10.1038/s41522-024-00545-1,NPJ Biofilms Microbiomes,Acknowledgments|References|Competing interests|Author contributions|Data availability|Supplementary|Footnotes,Abstract|Introduction|Methods|Results|Discussion|Conclusion,5.51,57.14,37.35
Asparagine biosynthesis as a mechanism of increase.txt,65815,1428,51.0,^Abstract$,921.0,^acknowledge?ments?$,1350,51851,12615,99,402,486,True,10.1016/j.heliyon.2022.e09379,Heliyon,Acknowledgments|References|Funding|Data availability,Abstract,2.05,78.78,19.17
Comparative genomic analysis of Cohnella hashimoto.txt,84714,2709,103.0,^Abstract$,1780.0,^acknowledge?ments?$,3158,54753,26804,156,640,890,True,10.3389/fmicb.2023.1166013,Front Microbiol,Acknowledgments|References|Funding|Competing interests|Author contributions|Data availability|Supplementary,Abstract|Introduction|Methods|Conclusion,3.73,64.63,31.64
Characterization of metagenomeassembled genomes fr.txt,83537,3303,86.0,^Abstract$,2734.0,^acknowledge?ments?$,3234,62064,18240,110,429,1684,True,10.1186/s40168-023-01545-7,Microbiome,Acknowledgments|References|Funding|Competing interests|Data availability|Supplementary|Footnotes|Contributor Information,Abstract|Introduction|Results|Conclusion,3.87,74.3,21.83
Biocontrol in built environments to reduce pathoge.txt,77547,1893,115.0,^Abstract$,591.0,^acknowledge?ments?$,4685,42888,29975,205,912,910,True,10.1093/ismejo/wrad024,ISME J,Acknowledgments|References|Funding|Data availability|Contributor Information,Abstract|Introduction,6.04,55.31,38.65
Extracellular nucleotides elicit cytosolic free ca.txt,17880,560,69.0,^Abstract$,258.0,^acknowledge?ments?$,1473,7867,8541,59,241,303,True,10.4161/psb.6.11.17014,Plant Signal Behav,Acknowledgments|References|Footnotes,Abstract,8.24,44.0,47.77
Calcium mechanical signaling and tip growth.txt,92222,2984,102.0,^Abstract$,2030.0,^acknowledge?ments?$,4036,71087,17100,121,536,1163,True,10.1038/s41467-025-59047-z,Nat Commun,Acknowledgments|References|Competing interests|Author contributions|Data availability|Supplementary|Footnotes,Abstract|Introduction|Methods|Results|Discussion,4.38,77.08,18.54
Gravitropism and mechanical signaling in plants.txt,92222,2984,102.0,^Abstract$,2030.0,^acknowledge?ments?$,4036,71087,17100,121,536,1163,True,10.1038/s41467-025-59047-z,Nat Commun,Acknowledgments|References|Competing interests|Author contributions|Data availability|Supplementary|Footnotes,Abstract|Introduction|Methods|Results|Discussion,4.38,77.08,18.54
Salt stressinduced Ca2 waves are associated with r.txt,51285,1642,87.0,^Abstract$,1147.0,^acknowledge?ments?$,2671,36182,12433,83,364,753,True,10.1073/pnas.1319955111,Proc Natl Acad Sci U S A,Acknowledgments|References|Supplementary|Footnotes,Abstract|Methods|Results|Discussion,5.21,70.55,24.24
Gravitropic signaling in plants.txt,92222,2984,102.0,^Abstract$,2030.0,^acknowledge?ments?$,4036,71087,17100,121,536,1163,True,10.1038/s41467-025-59047-z,Nat Commun,Acknowledgments|References|Competing interests|Author contributions|Data availability|Supplementary|Footnotes,Abstract|Introduction|Methods|Results|Discussion,4.38,77.08,18.54
A ROSassisted calcium wave dependent on AtRBOHD an.txt,77019,2493,93.0,^Abstract$,1770.0,^acknowledge?ments?$,3085,58161,15774,112,492,1040,True,10.1104/pp.16.00215,Plant Physiol,Acknowledgments|References|Supplementary|Footnotes,Abstract|Methods|Results|Discussion,4.01,75.52,20.48
ROS calcium and electric signals Key mediators of .txt,54659,1732,56.0,^Abstract$,1158.0,^acknowledge?ments?$,2028,38299,14333,101,441,637,True,10.1105/tpc.20.00453,Plant Cell,Acknowledgments|References|Author contributions|Footnotes,Abstract|Introduction|Methods|Results|Discussion,3.71,70.07,26.22
Realtime In Vivo Recording of Arabidopsis Calcium .txt,43136,1114,113.0,^Abstract$,697.0,^acknowledge?ments?$,2593,28416,12128,91,386,537,True,10.3791/56142,J Vis Exp,Acknowledgments|References,Abstract|Introduction|Discussion,6.01,65.88,28.12
Orchestrating rapid longdistance signaling in plan.txt,60878,1515,79.0,^PMC Copyright notice$,805.0,^acknowledge?ments?$,2130,38063,20686,135,627,604,False,10.1111/tpj.13492,Plant J,Acknowledgments|References|Competing interests|Footnotes,Introduction,3.5,62.52,33.98
Glutamate triggers longdistance calciumbased plant.txt,65625,2184,152.0,^Abstract$,1288.0,^acknowledge?ments?$,6167,43013,16446,118,534,1029,True,10.1038/s41467-025-57239-1,Nat Commun,Acknowledgments|References|Competing interests|Author contributions|Data availability|Supplementary|Footnotes|Contributor Information,Abstract|Introduction|Methods|Results|Discussion,9.4,65.54,25.06
Test of Arabidopsis Space Transcriptome A discover.txt,90222,1775,64.0,^Abstract$,596.0,^acknowledge?ments?$,2118,56111,31994,151,628,686,True,10.3389/fpls.2020.00147,Front Plant Sci,Acknowledgments|References|Funding|Competing interests|Author contributions|Data availability|Supplementary,Abstract|Introduction|Conclusion,2.35,62.19,35.46
Tonoplastlocalized Ca2 pumps regulate Ca2 signals .txt,64065,2061,105.0,^Abstract$,1291.0,^acknowledge?ments?$,3461,44877,15728,114,502,880,True,10.1073/pnas.2004183117,Proc Natl Acad Sci U S A,Acknowledgments|References|Data availability|Supplementary|Footnotes,Abstract|Methods|Results|Discussion,5.4,70.05,24.55
The fast and the furious Rapid longrange signaling.txt,73545,1923,61.0,^Abstract$,847.0,^acknowledge?ments?$,1777,47640,24129,162,789,800,True,10.1093/plphys/kiaa098,Plant Physiol,Acknowledgments|References|Funding|Competing interests,Abstract|Introduction|Conclusion,2.42,64.78,32.81
RadBioApp A discovery environment for biologists t.txt,50579,810,84.0,^Abstract$,313.0,^acknowledge?ments?$,2656,34162,13762,81,325,411,True,10.1038/s41526-021-00143-x,NPJ Microgravity,Acknowledgments|References|Competing interests|Author contributions|Data availability|Supplementary|Footnotes|Contributor Information,Abstract|Introduction|Conclusion,5.25,67.54,27.21
The vacuolar HCa transporter CAX1 participates in .txt,99161,2586,139.0,^Abstract$,1657.0,^acknowledge?ments?$,3773,70731,24658,186,770,920,True,10.1093/plphys/kiac375,Plant Physiol,Acknowledgments|References|Funding|Competing interests|Supplementary|Contributor Information,Abstract|Introduction|Methods|Results|Discussion|Conclusion,3.8,71.33,24.87
Metaanalysis of the space flight and microgravity .txt,84517,1778,214.0,^Abstract$,1049.0,^acknowledge?ments?$,5419,60707,18392,134,477,796,True,10.1038/s41526-023-00247-6,NPJ Microgravity,Acknowledgments|References|Competing interests|Author contributions|Data availability|Supplementary|Footnotes,Abstract|Introduction|Methods,6.41,71.83,21.76
Lowdose ionizing radiation and agerelated changes .txt,30380,564,73.0,^Abstract$,332.0,^acknowledge?ments?$,1955,21411,7015,47,177,279,True,10.1155/2012/481983,J Aging Res,Acknowledgments|References,Abstract,6.44,70.48,23.09
Ionizing Radiation Stimulates Expression of ProOst.txt,45801,1287,106.0,^Abstract$,750.0,^acknowledge?ments?$,2617,31322,11863,82,346,440,True,10.1089/jir.2014.0152,J Interferon Cytokine Res,Acknowledgments|References,Abstract|Introduction|Methods|Results|Discussion,5.71,68.39,25.9
Preservation of Multiple Mammalian Tissues to Maxi.txt,39799,620,107.0,^Abstract$,325.0,^acknowledge?ments?$,2709,27534,9557,61,205,257,True,10.1371/journal.pone.0167391,PLoS One,Acknowledgments|References|Funding|Competing interests|Data availability|Supplementary,Abstract|Introduction|Methods|Results|Discussion|Conclusion,6.81,69.18,24.01
Hindlimb Unloading Rodent Analog for Microgravity.txt,82479,1923,129.0,^Abstract$,1176.0,^acknowledge?ments?$,4385,56219,21876,129,539,899,True,10.1007/s00018-024-05572-x,Cell Mol Life Sci,Acknowledgments|References|Funding|Competing interests|Author contributions|Data availability|Supplementary|Footnotes|Contributor Information,Abstract|Introduction|Methods|Results|Discussion|Conclusion,5.32,68.16,26.52
Redox Signaling and Its Impact on Skeletal and Vas.txt,84894,2306,46.0,^Abstract$,791.0,^acknowledge?ments?$,1292,36857,46746,228,1200,1321,True,10.3390/ijms18102153,Int J Mol Sci,Acknowledgments|References,Abstract,1.52,43.42,55.06
Influence of social isolation during prolonged sim.txt,86977,2007,145.0,^Abstract$,778.0,^acknowledge?ments?$,4139,52967,29872,168,768,795,True,10.3389/fphys.2019.01147,Front Physiol,Acknowledgments|References|Competing interests|Author contributions|Data availability|Supplementary|Footnotes,Abstract|Introduction|Methods|Results|Discussion,4.76,60.9,34.34
Validation of a new Rodent experimental System to .txt,90865,1335,119.0,^Abstract$,676.0,^acknowledge?ments?$,3334,69105,18427,124,484,678,True,10.1038/s41598-020-58898-4,Sci Rep,Acknowledgments|References|Competing interests|Author contributions|Supplementary|Footnotes,Abstract|Introduction|Methods|Results|Discussion,3.67,76.05,20.28
Skeletal tissue regulation by catalase overexpress.txt,65561,1482,94.0,^Abstract$,971.0,^acknowledge?ments?$,2617,45668,17277,93,415,617,True,10.1113/jphysiol.2014.286740,J Physiol,Acknowledgments|References|Funding|Competing interests|Author contributions,Abstract|Introduction|Methods|Results|Discussion|Conclusion,3.99,69.66,26.35
Overexpression of catalase in mitochondria mitigat.txt,61653,1449,161.0,^Abstract$,639.0,^acknowledge?ments?$,4486,36408,20760,147,626,793,True,10.1038/s41526-021-00152-w,NPJ Microgravity,Acknowledgments|References|Competing interests|Author contributions|Data availability|Supplementary|Footnotes,Abstract|Introduction|Methods|Results|Discussion,7.28,59.05,33.67
An extensive allelic series of Drosophila kae1 mut.txt,82661,2126,144.0,^Abstract$,1449.0,^acknowledge?ments?$,3836,64640,14186,113,437,582,True,10.1261/rna.053934.115,RNA,Acknowledgments|References|Supplementary|Footnotes,Abstract|Introduction|Methods|Results|Discussion,4.64,78.2,17.16
Novel Organelles with Elements of Bacterial and Eu.txt,93046,3527,180.0,^PMC Copyright notice$,2160.0,^acknowledge?ments?$,3229,55764,34054,169,749,1378,False,10.1016/j.cub.2017.08.019,Curr Biol,Acknowledgments|References|Author contributions|Supplementary|Footnotes,Results|Discussion,3.47,59.93,36.6
A combined computational strategy of sequence and .txt,125387,2751,108.0,^Abstract$,1340.0,^references$,3572,73587,48229,195,947,1315,True,10.1371/journal.pone.0211897,PLoS One,References|Funding|Competing interests|Data availability|Supplementary,Abstract|Introduction|Methods|Results|Discussion,2.85,58.69,38.46
Immune suppressive extracellular vesicle proteins .txt,78444,2537,100.0,^Abstract$,1461.0,^acknowledge?ments?$,2996,49498,25951,164,736,829,True,10.1534/g3.119.400349,G3 (Bethesda),Acknowledgments|References|Data availability|Footnotes,Abstract|Methods,3.82,63.1,33.08
Spaceflight and simulated microgravity conditions .txt,64591,1589,90.0,^Abstract$,870.0,^acknowledge?ments?$,2855,42942,18795,122,523,755,True,10.1038/s41526-019-0091-2,NPJ Microgravity,Acknowledgments|References|Competing interests|Author contributions|Data availability|Supplementary|Footnotes,Abstract|Introduction|Methods|Results|Discussion,4.42,66.48,29.1
A parasitoid wasp of Drosophila employs preemptive.txt,81738,2729,103.0,^Abstract$,1507.0,^acknowledge?ments?$,3942,44242,33555,171,773,1263,True,10.1371/journal.ppat.1009615,PLoS Pathog,Acknowledgments|References|Funding|Data availability|Supplementary,Abstract|Introduction|Methods|Results|Discussion,4.82,54.13,41.05
In Silico Analysis of a Drosophila Parasitoid Veno.txt,81960,2142,114.0,^Abstract$,956.0,^acknowledge?ments?$,3072,44262,34627,187,875,1044,True,10.3390/pathogens12010143,Pathogens,Acknowledgments|References|Funding|Author contributions|Data availability|Supplementary|Footnotes,Abstract,3.75,54.0,42.25
Drosophila parasitoids go to space Unexpected effe.txt,128778,3545,158.0,^PMC Copyright notice$,2618.0,^acknowledge?ments?$,4019,98037,26723,164,659,1378,True,10.1016/j.isci.2023.108759,iScience,Acknowledgments|References|Author contributions|Data availability|Supplementary|Footnotes,Introduction|Results|Discussion,3.12,76.13,20.75
Simultaneous exposure of cultured human lymphoblas.txt,52998,1360,90.0,^Abstract$,801.0,^acknowledge?ments?$,2701,32062,18236,97,430,710,True,10.3390/life10090187,Life (Basel),Acknowledgments|References|Funding|Author contributions,Abstract,5.1,60.5,34.41
Genes required for survival in microgravity reveal.txt,53590,881,131.0,^Abstract$,518.0,^acknowledge?ments?$,3594,39097,10900,75,250,396,True,10.1155/2015/976458,Biomed Res Int,Acknowledgments|References|Competing interests|Supplementary,Abstract,6.71,72.96,20.34
Physical Forces Modulate Oxidative Status and Stre.txt,61502,1678,102.0,^Abstract$,1208.0,^acknowledge?ments?$,3282,43387,14834,95,356,601,True,10.1007/s12217-017-9588-z,Microgravity Sci Technol,Acknowledgments|References,Abstract|Introduction|Results|Discussion,5.34,70.55,24.12
Effects of space flight on mouse liver versus kidn.txt,33959,825,69.0,^Abstract$,652.0,^acknowledge?ments?$,2313,25176,6471,42,121,308,True,10.3390/ijms19124106,Int J Mol Sci,Acknowledgments|References|Funding|Author contributions|Supplementary,Abstract,6.81,74.14,19.06
Yeast in Space.txt,33744,1332,66.0,^Abstract$,754.0,^acknowledge?ments?$,1796,19061,12888,84,447,570,True,10.1097/MD.0000000000042125,Medicine (Baltimore),Acknowledgments|References|Author contributions|Contributor Information,Abstract,5.32,56.49,38.19
Endocrine Effects of Space Flight.txt,81705,1352,88.0,^Abstract$,702.0,^acknowledge?ments?$,4646,62445,14615,101,385,561,True,10.1038/s41598-025-90212-y,Sci Rep,Acknowledgments|References|Funding|Competing interests|Author contributions|Data availability|Supplementary|Footnotes,Abstract|Introduction|Methods|Results|Discussion|Conclusion,5.69,76.43,17.89
Role of shear stress on renal proximal tubular cel.txt,49882,891,120.0,^Abstract$,473.0,^references$,4653,33381,11849,82,323,458,True,10.3390/mi13050688,Micromachines (Basel),References|Funding|Author contributions|Supplementary|Footnotes,Abstract,9.33,66.92,23.75
Bone hemodynamic responses to changes in external .txt,34687,922,114.0,^Abstract$,715.0,^references$,3750,25604,5334,41,134,351,True,10.1177/19160216241288811,J Otolaryngol Head Neck Surg,References|Supplementary|Footnotes,Abstract|Introduction|Results|Discussion|Conclusion,10.81,73.81,15.38
Back pain in space and postflight spine injury Mec.txt,47078,1223,127.0,^Abstract$,583.0,^acknowledge?ments?$,3214,28183,15682,92,415,503,False,10.1016/j.spinee.2017.08.261,Spine J,Acknowledgments|References|Footnotes,Abstract|Introduction|Methods|Results|Discussion,6.83,59.86,33.31
Fifteen days of microgravity causes growth in calv.txt,31168,458,75.0,^Abstract$,225.0,^acknowledge?ments?$,2674,20728,7767,46,168,222,False,10.1016/j.bone.2013.06.009,Bone,Acknowledgments|References|Contributor Information,Abstract|Introduction|Methods|Results|Discussion|Conclusion,8.58,66.5,24.92
Altered disc compression in children with idiopath.txt,28561,631,93.0,^Abstract$,441.0,^acknowledge?ments?$,2572,20046,5944,43,142,223,False,10.1097/BRS.0000000000000114,Spine (Phila Pa 1976),Acknowledgments|References,Abstract|Introduction|Methods|Results|Discussion|Conclusion,9.01,70.19,20.81
Spaceflightinduced bone loss alters failure mode a.txt,49031,902,74.0,^Abstract$,467.0,^acknowledge?ments?$,1507,34865,12660,76,328,475,False,10.1002/jor.23029,J Orthop Res,Acknowledgments|References|Footnotes,Abstract|Methods|Results|Discussion,3.07,71.11,25.82
Spaceflightassociated vascular remodeling and gene.txt,48792,875,88.0,^Abstract$,442.0,^acknowledge?ments?$,2838,32225,13730,78,326,320,True,10.3389/fphys.2022.893025,Front Physiol,Acknowledgments|References|Funding|Competing interests|Author contributions|Data availability,Abstract|Introduction|Methods|Results|Discussion|Conclusion,5.82,66.05,28.14
Exposure of Mycobacterium marinum to lowshear mode.txt,81026,2433,117.0,^Abstract$,1614.0,^acknowledge?ments?$,4032,59933,17062,134,542,894,True,10.1038/npjmgrav.2016.38,NPJ Microgravity,Acknowledgments|References|Supplementary|Footnotes,Abstract|Introduction|Methods|Results|Discussion,4.98,73.97,21.06
Effects of mechanostimulation on gravitropism and .txt,35448,713,39.0,^Abstract$,272.0,^acknowledge?ments?$,942,22691,11816,77,332,382,True,10.4161/psb.6.9.16601,Plant Signal Behav,Acknowledgments|References,Abstract|Introduction|Methods|Results|Discussion|Conclusion,2.66,64.01,33.33
Oxygen dependency of germinating Brassica seeds.txt,73772,1958,107.0,^Abstract$,1111.0,^acknowledge?ments?$,2736,40813,30224,167,604,993,True,10.1016/j.heliyon.2023.e14403,Heliyon,Acknowledgments|References|Funding|Data availability,Abstract,3.71,55.32,40.97
Desiccation mitigates heat stress in the resurrect.txt,79582,2289,42.0,^Abstract$,1102.0,^references$,1721,51484,26378,151,679,881,True,10.3389/fpls.2020.597731,Front Plant Sci,References|Competing interests|Author contributions|Data availability|Supplementary|Footnotes,Abstract|Introduction|Methods|Results|Discussion|Conclusion,2.16,64.69,33.15
Transcription profile of auxin related genes durin.txt,54322,1274,52.0,^Abstract$,554.0,^references$,1412,33965,18946,127,567,660,True,10.3390/plants11091191,Plants (Basel),References|Funding|Author contributions|Data availability|Footnotes,Abstract,2.6,62.53,34.88
Highgradient magnetic fields and starch metabolism.txt,58518,1789,66.0,^Abstract$,1022.0,^acknowledge?ments?$,2340,36652,19527,127,570,988,True,10.1038/s41598-022-22691-2,Sci Rep,Acknowledgments|References|Competing interests|Author contributions|Data availability|Supplementary|Footnotes,Abstract|Introduction,4.0,62.63,33.37
Lipid rafts and plant gravisensitivity.txt,66866,1917,56.0,^Abstract$,627.0,^references$,1450,29383,36034,197,1011,1173,True,10.3390/life12111809,Life (Basel),References|Funding|Author contributions|Data availability|Footnotes,Abstract,2.17,43.94,53.89
Expression and characterization of the bacterial m.txt,44542,1249,41.0,^Abstract$,657.0,^acknowledge?ments?$,1170,28956,14417,105,459,680,True,10.1073/pnas.1213931109,Proc Natl Acad Sci U S A,Acknowledgments|References|Supplementary|Footnotes,Abstract|Methods|Results|Discussion,2.63,65.01,32.37
United in Diversity Mechanosensitive Ion Channels .txt,167417,2813,121.0,^Abstract$,1740.0,^acknowledge?ments?$,3152,84984,79282,163,647,826,True,10.7554/eLife.33285,eLife,Acknowledgments|References|Funding|Competing interests|Author contributions|Supplementary|Contributor Information,Abstract|Introduction|Methods|Results|Discussion,1.88,50.76,47.36
Expressing and Characterizing Mechanosensitive Cha.txt,48242,952,35.0,^Abstract$,436.0,^acknowledge?ments?$,1097,21021,26125,65,292,470,False,10.1007/978-1-4939-2697-8_13,Methods Mol Biol,Acknowledgments|References|Footnotes,Abstract,2.27,43.57,54.15
The ongoing search for the molecular basis of plan.txt,33066,618,44.0,^PMC Copyright notice$,224.0,^acknowledge?ments?$,1330,23171,8566,55,238,209,True,10.1085/jgp.201411295,J Gen Physiol,Acknowledgments|References|Footnotes,Introduction,4.02,70.08,25.91
Plastid osmotic stress influences cell differentia.txt,72189,2185,56.0,^Abstract$,1192.0,^acknowledge?ments?$,1510,45586,25094,146,679,708,True,10.1242/dev.136234,Development,Acknowledgments|References|Funding|Competing interests|Author contributions|Supplementary|Footnotes,Abstract|Introduction|Methods|Results|Discussion,2.09,63.15,34.76
Spaceflightinduced synaptic modifications within h.txt,97745,1603,71.0,^Abstract$,1061.0,^acknowledge?ments?$,2755,80494,14497,98,381,581,True,10.1152/jn.00240.2016,J Neurophysiol,Acknowledgments|References|Author contributions,Abstract|Methods|Results|Discussion,2.82,82.35,14.83
Effects of angular frequency during clinorotation .txt,50774,1049,56.0,^Abstract$,559.0,^acknowledge?ments?$,1906,36392,12477,82,342,461,True,10.1038/npjmgrav.2015.7,NPJ Microgravity,Acknowledgments|References|Funding|Supplementary|Footnotes,Abstract|Introduction|Methods|Results|Discussion,3.75,71.67,24.57
The role of FGF2 and BMP2 in regulation of gene in.txt,36410,751,54.0,^Abstract$,464.0,^acknowledge?ments?$,1974,25145,9292,55,246,291,True,10.1186/1749-799X-6-8,J Orthop Surg Res,Acknowledgments|References|Competing interests|Contributor Information,Abstract|Introduction|Methods|Results|Discussion|Conclusion,5.42,69.06,25.52
Nutritional supplements COX2 and IGF1 expression i.txt,49493,1296,145.0,^Abstract$,902.0,^acknowledge?ments?$,3681,31220,14593,72,301,706,True,10.1007/s10552-010-9684-5,Cancer Causes Control,Acknowledgments|References,Abstract|Introduction|Methods|Results|Discussion|Conclusion,7.44,63.08,29.48
Hyperoxia inhibits T cell activation in mice.txt,82975,1501,101.0,^Abstract$,752.0,^acknowledge?ments?$,2684,60999,19293,142,580,729,True,10.1016/j.redox.2024.103370,Redox Biol,Acknowledgments|References|Funding|Data availability|Supplementary|Footnotes|Contributor Information,Abstract,3.23,73.51,23.25
Effects of gravitational mechanical unloading in e.txt,49564,1040,86.0,^Abstract$,416.0,^acknowledge?ments?$,2516,34175,12874,91,423,440,True,10.1038/srep01494,Sci Rep,Acknowledgments|References|Author contributions,Abstract|Methods|Results|Discussion,5.08,68.95,25.97
n3 Polyunsaturated fatty acids supplementation in .txt,53809,1693,139.0,^Abstract$,1080.0,^acknowledge?ments?$,4489,35731,13590,92,367,532,False,10.1016/j.jss.2019.01.038,J Surg Res,Acknowledgments|References|Supplementary|Footnotes,Abstract|Introduction|Methods|Results|Discussion|Conclusion,8.34,66.4,25.26
Molecular mechanisms underlying the enhanced funct.txt,59902,1401,53.0,^Abstract$,772.0,^acknowledge?ments?$,1688,40074,18141,110,492,567,False,10.1016/j.biomaterials.2013.11.063,Biomaterials,Acknowledgments|References|Supplementary|Footnotes,Abstract,2.82,66.9,30.28
Spaceflight alters expression of microRNA during T.txt,43195,983,78.0,^Abstract$,584.0,^acknowledge?ments?$,2518,30846,9832,60,233,398,True,10.1096/fj.15-277392,FASEB J,Acknowledgments|References,Abstract|Methods|Results|Discussion,5.83,71.41,22.76
Spaceflight impairs antigenspecific tolerance indu.txt,67508,1243,81.0,^Abstract$,813.0,^acknowledge?ments?$,2308,55467,9734,63,259,535,True,10.1096/fj.15-275073,FASEB J,Acknowledgments|References|Supplementary|Footnotes,Abstract|Methods|Results|Discussion,3.42,82.16,14.42
From cellular mechanotransduction to biologically .txt,79778,946,45.0,^Abstract$,371.0,^acknowledge?ments?$,1658,62935,15186,88,447,540,False,10.1007/s10439-010-9946-0,Ann Biomed Eng,Acknowledgments|References,Abstract|Introduction|Conclusion,2.08,78.89,19.04
Crewmember microbiome may influence microbial comp.txt,75855,1625,157.0,^Abstract$,909.0,^acknowledge?ments?$,5433,47363,23060,119,428,681,True,10.1371/journal.pone.0231838,PLoS One,Acknowledgments|References|Funding|Competing interests|Data availability|Supplementary,Abstract|Introduction|Methods|Results|Discussion,7.16,62.44,30.4
Sierra Nevada sweep Metagenomic measurements of bi.txt,59810,1539,127.0,^Abstract$,1077.0,^acknowledge?ments?$,3591,42228,13992,99,333,719,True,10.1038/s41598-020-69188-4,Sci Rep,Acknowledgments|References|Competing interests|Author contributions|Supplementary|Footnotes,Abstract|Introduction|Methods|Results|Discussion,6.0,70.6,23.39
Draft Genome Sequences of Fungi Isolated from the .txt,33738,2083,135.0,^Abstract$,1687.0,^acknowledge?ments?$,3383,18518,11838,73,264,668,True,10.1128/MRA.00751-21,Microbiol Resour Announc,Acknowledgments|References|Data availability|Contributor Information,Abstract,10.03,54.89,35.09
Microbial tracking2 a metagenomics analysis of bac.txt,80325,1517,112.0,^Abstract$,862.0,^acknowledge?ments?$,3832,53222,23272,123,454,632,True,10.1186/s40168-022-01293-0,Microbiome,Acknowledgments|References|Funding|Competing interests|Data availability|Supplementary|Footnotes,Abstract|Introduction|Methods|Results|Discussion|Conclusion,4.77,66.26,28.97
Detection of Target Genes for Drug Repurposing to .txt,64243,1809,77.0,^Abstract$,1239.0,^acknowledge?ments?$,2454,44124,17666,117,415,868,True,10.3390/genes13030473,Genes (Basel),Acknowledgments|References|Funding|Author contributions|Data availability|Supplementary|Footnotes,Abstract|Methods,3.82,68.68,27.5
Release of CD36associated cellfree mitochondrial D.txt,81034,1555,123.0,^Abstract$,655.0,^acknowledge?ments?$,3912,54432,22691,151,654,824,True,10.1038/s41467-023-41995-z,Nat Commun,Acknowledgments|References|Competing interests|Author contributions|Data availability|Supplementary|Footnotes,Abstract|Introduction|Methods|Results|Discussion,4.83,67.17,28.0
Increasing the number of unloadingreambulation cyc.txt,46301,871,55.0,^Abstract$,400.0,^acknowledge?ments?$,1682,30070,14550,78,357,437,False,10.1016/j.actaastro.2012.04.003,Acta Astronaut,Acknowledgments|References|Footnotes,Abstract|Introduction|Methods|Results|Discussion,3.63,64.94,31.42
Bone shaft bending strength index is unaffected by.txt,30064,729,65.0,^Abstract$,425.0,^acknowledge?ments?$,1517,18600,9948,59,235,356,True,10.1111/joa.12277,J Anat,Acknowledgments|References|Competing interests|Author contributions|Supplementary,Abstract|Introduction|Methods|Results|Discussion,5.05,61.87,33.09
Focal enhancement of the skeleton to exercise corr.txt,47729,1003,99.0,^Abstract$,544.0,^acknowledge?ments?$,2288,32993,12449,78,306,393,True,10.1242/jeb.118729,J Exp Biol,Acknowledgments|References|Funding|Competing interests|Author contributions|Footnotes,Abstract|Introduction|Methods|Results|Discussion,4.79,69.13,26.08
Cytoskeletal configuration modulates mechanically .txt,60127,2020,61.0,^Abstract$,1336.0,^acknowledge?ments?$,1796,41650,16682,114,477,1210,True,10.1038/srep34791,Sci Rep,Acknowledgments|References|Author contributions|Supplementary|Footnotes,Abstract|Methods|Results|Discussion,2.99,69.27,27.74
Genetic and tissue level musclebone interactions d.txt,39638,851,60.0,^Abstract$,410.0,^acknowledge?ments?$,1694,26193,11752,77,340,419,True,,J Musculoskelet Neuronal Interact,Acknowledgments|References|Author contributions|Footnotes,Abstract|Introduction|Methods|Results|Discussion,4.27,66.08,29.65
Osteocyte apoptosis caused by hindlimb unloading i.txt,53704,1239,83.0,^Abstract$,607.0,^acknowledge?ments?$,2299,34056,17350,109,495,758,False,10.1002/jbmr.2807,J Bone Miner Res,Acknowledgments|References|Footnotes,Abstract|Introduction|Methods|Results|Discussion,4.28,63.41,32.31
Differential Single Cell Responses of Embryonic St.txt,45211,962,59.0,^Abstract$,449.0,^acknowledge?ments?$,2127,30867,12218,90,361,446,True,10.1089/scd.2022.0037,Stem Cells Dev,Acknowledgments|References|Supplementary,Abstract|Introduction|Methods|Results|Discussion|Conclusion,4.7,68.27,27.02
Macrophages inhibit Aspergillus fumigatus germinat.txt,104169,2552,131.0,^Abstract$,1591.0,^acknowledge?ments?$,3942,71172,29056,154,662,1114,True,10.1371/journal.ppat.1007229,PLoS Pathog,Acknowledgments|References|Funding|Data availability|Supplementary,Abstract|Introduction|Methods|Results|Discussion,3.78,68.32,27.89
Contributions of spore secondary metabolites to UV.txt,60972,1961,152.0,^Abstract$,929.0,^acknowledge?ments?$,5160,33131,22682,128,532,725,True,10.1128/mBio.03415-19,mBio,Acknowledgments|References|Supplementary|Footnotes,Abstract|Introduction|Methods|Results|Discussion,8.46,54.34,37.2
Regulation of hemocytes in Drosophila requires dap.txt,68975,2254,75.0,^Abstract$,1523.0,^acknowledge?ments?$,1919,46052,21005,132,632,774,True,10.1007/s10528-010-9411-7,Biochem Genet,Acknowledgments|References|Footnotes,Abstract|Introduction|Methods|Results|Discussion,2.78,66.77,30.45
A novel phototropic response to red light is revea.txt,58123,1695,74.0,^Abstract$,1191.0,^acknowledge?ments?$,1692,42204,14228,107,410,704,False,10.1007/s00425-016-2581-8,Planta,Acknowledgments|References|Supplementary|Footnotes,Abstract|Introduction|Methods|Results|Discussion|Conclusion,2.91,72.61,24.48
Plant cell proliferation and growth are altered by.txt,111242,1649,60.0,^PMC Copyright notice$,1147.0,^acknowledge?ments?$,1872,92737,16634,107,424,589,True,10.1016/j.isci.2022.104687,iScience,Acknowledgments|References|Author contributions|Supplementary|Footnotes|Contributor Information,Introduction,1.68,83.37,14.95
Phototropism of Arabidopsis thaliana in microgravi.txt,58123,1695,74.0,^Abstract$,1191.0,^acknowledge?ments?$,1692,42204,14228,107,410,704,False,10.1007/s00425-016-2581-8,Planta,Acknowledgments|References|Supplementary|Footnotes,Abstract|Introduction|Methods|Results|Discussion|Conclusion,2.91,72.61,24.48
Light and gravity signals synergize in modulating .txt,133693,3491,62.0,^Abstract$,,,1982,131712,0,303,1581,1515,True,10.3389/fpls.2014.00563,Front Plant Sci,Acknowledgments|References|Competing interests|Author contributions,Abstract|Introduction,1.48,98.52,0.0
A novel bluelight phototropic response is revealed.txt,58123,1695,74.0,^Abstract$,1191.0,^acknowledge?ments?$,1692,42204,14228,107,410,704,False,10.1007/s00425-016-2581-8,Planta,Acknowledgments|References|Supplementary|Footnotes,Abstract|Introduction|Methods|Results|Discussion|Conclusion,2.91,72.61,24.48
Comparative transcriptomics indicate changes in ce.txt,81353,1568,74.0,^Abstract$,964.0,^acknowledge?ments?$,2068,58512,20774,121,501,512,False,10.3732/ajb.1700079,Am J Bot,Acknowledgments|References|Supplementary,Abstract|Methods|Results|Discussion|Conclusion,2.54,71.92,25.54
RNAseq analysis of the response of Arabidopsis tha.txt,58109,1336,100.0,^Abstract$,784.0,^acknowledge?ments?$,3084,39957,15069,97,391,530,True,10.3389/fpls.2019.01529,Front Plant Sci,Acknowledgments|References|Funding|Competing interests|Author contributions|Data availability|Supplementary,Abstract|Introduction|Methods|Results|Discussion|Conclusion,5.31,68.76,25.93
Comparison of Microgravity Analogs to Spaceflight .txt,54724,1297,83.0,^Abstract$,607.0,^references$,3228,32756,18741,114,495,539,True,10.3389/fpls.2019.01577,Front Plant Sci,References|Funding|Competing interests|Author contributions,Abstract|Introduction,5.9,59.86,34.25
The importance of Earth reference controls in spac.txt,57872,1197,83.0,^PMC Copyright notice$,667.0,^acknowledge?ments?$,2135,38423,17315,100,421,419,True,10.1016/j.isci.2020.101686,iScience,Acknowledgments|References|Author contributions|Data availability|Supplementary|Footnotes,Introduction|Methods|Results|Discussion,3.69,66.39,29.92
Conducting plant experiments in space and on the M.txt,49414,1027,73.0,^Abstract$,566.0,^acknowledge?ments?$,2876,31754,14785,86,319,471,True,10.1038/s41598-023-49680-3,Sci Rep,Acknowledgments|References|Funding|Competing interests|Author contributions|Data availability|Supplementary|Footnotes,Abstract|Introduction|Methods|Results|Discussion,5.82,64.26,29.92
Red light enhances plant adaptation to spaceflight.txt,79036,1320,71.0,^Abstract$,568.0,^acknowledge?ments?$,1606,53588,23843,132,566,704,True,10.3390/life12101484,Life (Basel),Acknowledgments|References|Funding|Author contributions|Data availability|Footnotes,Abstract,2.03,67.8,30.17
EUK134 ameliorates nNOSµ translocation and skeleta.txt,61192,1312,106.0,^Abstract$,739.0,^acknowledge?ments?$,3154,45877,12162,93,368,644,True,10.1152/ajpregu.00371.2013,Am J Physiol Regul Integr Comp Physiol,Acknowledgments|References|Author contributions,Abstract|Methods|Results|Discussion,5.15,74.97,19.88
MnSOD Overexpression Reduces Fibrosis and ProApopt.txt,50717,1093,86.0,^Abstract$,,,2533,48185,0,74,310,513,True,10.1093/gerona/glu090,J Gerontol A Biol Sci Med Sci,,Abstract,4.99,95.01,0.0
Lifelong wheel running exercise and mild caloric r.txt,44131,608,66.0,^Abstract$,328.0,^acknowledge?ments?$,2032,32097,10003,57,241,220,False,10.1016/j.exger.2015.06.007,Exp Gerontol,Acknowledgments|References|Footnotes,Abstract|Introduction|Methods|Results|Discussion,4.6,72.73,22.67
Agerelated alterations in the sarcolemmal environm.txt,72729,1153,53.0,^Abstract$,546.0,^acknowledge?ments?$,1938,48256,22536,112,512,447,False,10.1016/j.exger.2016.08.006,Exp Gerontol,Acknowledgments|References|Footnotes,Abstract,2.66,66.35,30.99
The impact of SRT2104 on skeletal muscle mitochond.txt,58078,1415,133.0,^Abstract$,884.0,^references$,5027,37707,15345,107,420,741,True,10.3390/ijms241311135,Int J Mol Sci,References|Funding|Author contributions|Data availability|Supplementary|Footnotes,Abstract|Methods,8.66,64.92,26.42
Bioreactor development for skeletal muscle hypertr.txt,63423,1227,61.0,^Abstract$,463.0,^acknowledge?ments?$,2561,40497,20366,132,591,699,True,10.1038/s41526-023-00320-0,NPJ Microgravity,Acknowledgments|References|Competing interests|Author contributions|Data availability|Supplementary|Footnotes,Abstract|Introduction|Methods|Results|Discussion,4.04,63.85,32.11
Genomic and phenotypic characterization of Burkhol.txt,81413,1749,148.0,^Abstract$,1019.0,^acknowledge?ments?$,2956,56791,21667,152,558,669,True,10.1016/j.bioflm.2023.100108,Biofilm,Acknowledgments|References|Funding|Data availability|Supplementary|Footnotes,Abstract,3.63,69.76,26.61
CAMDLES CFDDEM Simulation of Microbial Communities.txt,71270,1907,67.0,^Abstract$,1263.0,^acknowledge?ments?$,1597,49602,20072,115,466,1187,True,10.3390/life12050660,Life (Basel),Acknowledgments|References|Funding|Author contributions|Data availability|Supplementary|Footnotes,Abstract,2.24,69.6,28.16
Hardware validation of the Advanced Plant Habitat .txt,70876,1613,85.0,^Abstract$,1310.0,^acknowledge?ments?$,2643,59322,8912,63,165,589,True,10.3389/fpls.2020.00673,Front Plant Sci,Acknowledgments|References|Competing interests|Author contributions|Data availability|Footnotes,Abstract|Introduction|Conclusion,3.73,83.7,12.57
Trimeric structure of pinoresinolforming dirigent .txt,55785,1650,101.0,^Abstract$,1230.0,^acknowledge?ments?$,2820,41757,11209,79,282,784,True,10.1074/jbc.M114.611780,J Biol Chem,Acknowledgments|References,Abstract|Introduction|Results|Discussion,5.06,74.85,20.09
New insights into lignification via network and mu.txt,97210,2026,157.0,^Abstract$,1196.0,^references$,4495,75586,17130,136,524,797,True,10.3389/fpls.2021.664250,Front Plant Sci,References|Competing interests|Author contributions|Data availability|Supplementary,Abstract|Introduction|Methods|Results|Discussion,4.62,77.76,17.62
Functional consequences of radiationinduced oxidat.txt,64252,1320,129.0,^Abstract$,770.0,^acknowledge?ments?$,2968,48313,12972,98,395,614,True,10.1089/ars.2012.5134,Antioxid Redox Signal,Acknowledgments|References|Supplementary,Abstract|Introduction|Methods|Results|Discussion,4.62,75.19,20.19
Exploration of space to achieve scientific breakth.txt,43564,717,35.0,^Abstract$,,,1311,42254,0,91,406,389,True,10.3389/ti.2025.14565,Transpl Int,Acknowledgments|References|Funding|Competing interests|Author contributions|Data availability|Footnotes,Abstract,3.01,96.99,0.0
Network Analysis of Gene Transcriptions of Arabido.txt,60225,1451,74.0,^Abstract$,968.0,^acknowledge?ments?$,2272,43960,13994,101,351,654,True,10.3390/genes12030337,Genes (Basel),Acknowledgments|References|Funding|Author contributions|Data availability|Supplementary|Footnotes,Abstract,3.77,72.99,23.24
Detection of Genes in Arabidopsis thaliana L Respo.txt,71648,1507,61.0,^Abstract$,916.0,^acknowledge?ments?$,1867,52750,17032,116,413,602,True,10.3390/genes12060938,Genes (Basel),Acknowledgments|References|Funding|Author contributions|Data availability|Supplementary|Footnotes,Abstract,2.61,73.62,23.77
The Effect of spaceflight on mouse olfactory bulb .txt,81910,2398,96.0,^Abstract$,1138.0,^acknowledge?ments?$,2719,52391,26801,160,812,1290,True,10.1152/japplphysiol.01174.2013,J Appl Physiol (1985),Acknowledgments|References|Author contributions,Abstract|Methods|Results|Discussion,3.32,63.96,32.72
Effects of lowdose rate Œirradiation combined with.txt,75538,1539,172.0,^Abstract$,675.0,^acknowledge?ments?$,5774,42635,27130,110,481,701,True,10.1371/journal.pone.0180594,PLoS One,Acknowledgments|References|Funding|Competing interests|Data availability|Supplementary,Abstract|Introduction|Methods|Results|Discussion|Conclusion,7.64,56.44,35.92
Characterization of mouse ocular response to a 35d.txt,65033,1090,146.0,^Abstract$,614.0,^acknowledge?ments?$,5021,47364,12649,96,350,508,True,10.1038/s41598-019-44696-0,Sci Rep,Acknowledgments|References|Competing interests|Author contributions|Supplementary|Footnotes,Abstract|Introduction|Results|Discussion,7.72,72.83,19.45
Mice Exposed to Combined Chronic LowDose Irradiati.txt,55404,1195,137.0,^Abstract$,712.0,^acknowledge?ments?$,3791,36821,14793,104,367,510,True,10.3390/ijms20174094,Int J Mol Sci,Acknowledgments|References|Funding|Author contributions|Supplementary,Abstract,6.84,66.46,26.7
Spaceflight influences gene expression photorecept.txt,64851,1256,141.0,^Abstract$,568.0,^acknowledge?ments?$,4652,42375,17825,120,494,630,True,10.1038/s41598-019-49453-x,Sci Rep,Acknowledgments|References|Competing interests|Author contributions|Data availability|Supplementary|Footnotes,Abstract|Introduction|Methods|Results|Discussion,7.17,65.34,27.49
Evaluating ocular response in the retina and optic.txt,46053,737,75.0,^Abstract$,372.0,^acknowledge?ments?$,2369,31350,12335,70,267,350,True,10.3390/life11080849,Life (Basel),Acknowledgments|References|Funding|Author contributions|Data availability|Footnotes,Abstract,5.14,68.07,26.78
Characterization of gene expression profiles in th.txt,70636,2038,76.0,^Abstract$,1044.0,^acknowledge?ments?$,2902,43389,24346,176,765,837,True,10.1038/s41526-022-00217-4,NPJ Microgravity,Acknowledgments|References|Competing interests|Author contributions|Data availability|Supplementary|Footnotes,Abstract|Introduction|Methods|Results|Discussion,4.11,61.43,34.47
A multiomics longitudinal study of the murine reti.txt,74888,2063,90.0,^Abstract$,1328.0,^acknowledge?ments?$,2692,53512,18685,139,562,828,True,10.1038/s41598-022-19360-9,Sci Rep,Acknowledgments|References|Competing interests|Author contributions|Data availability|Supplementary|Footnotes,Abstract|Introduction|Methods|Results|Discussion,3.59,71.46,24.95
Evidence of spaceflightinduced adverse effects on .txt,56224,1030,72.0,^Abstract$,468.0,^acknowledge?ments?$,2115,35732,18378,108,426,558,True,10.3390/ijms24087362,Int J Mol Sci,Acknowledgments|References|Funding|Author contributions|Data availability|Footnotes,Abstract,3.76,63.55,32.69
Effects of spaceflight on the brain.txt,52278,674,100.0,^Abstract$,472.0,^references$,2947,44423,4909,51,174,236,True,10.1007/s00221-025-07090-z,Exp Brain Res,References|Funding|Competing interests|Author contributions|Data availability|Footnotes|Contributor Information,Abstract|Introduction|Methods|Results|Discussion,5.64,84.97,9.39
Routine omics collection is a golden opportunity f.txt,113328,2056,190.0,^PMC Copyright notice$,692.0,^acknowledge?ments?$,5436,63808,44085,249,1081,1175,True,10.1016/j.patter.2022.100550,Patterns (N Y),Acknowledgments|References|Author contributions,Introduction|Conclusion,4.8,56.3,38.9
Spatial omics technologies at multimodal and singl.txt,82891,2147,118.0,^Abstract$,979.0,^acknowledge?ments?$,4339,46211,32342,200,893,1170,True,10.1186/s13059-022-02824-6,Genome Biol,Acknowledgments|References|Competing interests|Data availability|Supplementary|Footnotes,Abstract|Conclusion,5.23,55.75,39.02
Genomic characterization and radiation tolerance o.txt,122729,3149,144.0,^Abstract$,1829.0,^acknowledge?ments?$,5437,74635,42658,190,800,977,True,10.1186/s43008-023-00119-4,IMA Fungus,Acknowledgments|References|Funding|Competing interests|Author contributions|Data availability|Supplementary|Footnotes,Abstract|Introduction|Methods|Results|Discussion|Conclusion,4.43,60.81,34.76
Genome and clonal hematopoiesis stability contrast.txt,90347,1576,420.0,^Copyright and License information$,924.0,^acknowledge?ments?$,9742,57683,22923,135,388,683,True,10.1093/pcmedi/pbae007,Precis Clin Med,Acknowledgments|References|Competing interests|Data availability|Supplementary|Contributor Information,Abstract|Introduction|Methods|Results|Discussion|Conclusion,10.78,63.85,25.37
Molecular and physiologic changes in the SpaceX In.txt,123607,2534,665.0,^Abstract$,1603.0,^acknowledge?ments?$,17770,85492,20346,181,523,1219,True,10.1038/s41586-024-07648-x,Nature,Acknowledgments|References|Competing interests|Author contributions|Data availability|Supplementary|Footnotes|Contributor Information,Abstract|Methods|Discussion|Conclusion,14.38,69.16,16.46
Telomeric RNA TERRA increases in response to space.txt,95197,2076,242.0,^Abstract$,878.0,^acknowledge?ments?$,7701,58711,28786,199,879,1152,True,10.1038/s42003-024-06014-x,Commun Biol,Acknowledgments|References|Competing interests|Author contributions|Data availability|Supplementary|Footnotes|Contributor Information,Abstract|Introduction|Methods|Results|Discussion,8.09,61.67,30.24
Spatial multiomics of human skin reveals KRAS and .txt,84486,1876,263.0,^Abstract$,970.0,^acknowledge?ments?$,7109,53686,23692,152,614,923,True,10.1038/s41467-024-48625-2,Nat Commun,Acknowledgments|References|Competing interests|Author contributions|Data availability|Supplementary|Footnotes,Abstract|Introduction|Methods|Results|Discussion,8.41,63.54,28.04
Longitudinal multiomics analysis of host microbiom.txt,105429,2205,408.0,^Abstract$,1340.0,^acknowledge?ments?$,9983,70686,24761,172,555,1063,True,10.1038/s41564-024-01635-8,Nat Microbiol,Acknowledgments|References|Competing interests|Author contributions|Data availability|Supplementary|Footnotes,Abstract|Methods|Results|Discussion,9.47,67.05,23.49
Spatiotemporal expression and control of haemoglob.txt,86040,1246,236.0,^Abstract$,583.0,^acknowledge?ments?$,5984,59118,20939,131,470,607,True,10.1038/s41467-024-49289-8,Nat Commun,Acknowledgments|References|Competing interests|Author contributions|Data availability|Supplementary|Footnotes|Contributor Information,Abstract|Introduction|Methods|Results|Discussion,6.95,68.71,24.34
Singlecell multiome and immune profiles of the Ins.txt,123396,2590,614.0,^Abstract$,1583.0,^acknowledge?ments?$,18029,78097,27271,206,710,1321,True,10.1038/s41467-024-49211-2,Nat Commun,Acknowledgments|References|Competing interests|Author contributions|Data availability|Supplementary|Footnotes|Contributor Information,Abstract|Introduction|Methods|Results|Discussion,14.61,63.29,22.1
Singlecell analysis identifies conserved features .txt,147739,2746,311.0,^Abstract$,1711.0,^acknowledge?ments?$,8371,111281,28088,188,736,1313,True,10.1038/s41467-023-42013-y,Nat Commun,Acknowledgments|References|Competing interests|Author contributions|Data availability|Supplementary|Footnotes|Contributor Information,Abstract|Introduction|Methods|Results|Discussion,5.67,75.32,19.01
The Space Omics and Medical Atlas SOMA and interna.txt,108153,2546,,,1901.0,^acknowledge?ments?$,0,88906,19248,191,302,1115,True,10.1038/s41586-024-07639-y,Nature,Acknowledgments|References|Competing interests|Author contributions|Data availability|Supplementary|Footnotes|Contributor Information,Abstract|Methods|Discussion,0.0,82.2,17.8
Secretome profiling reveals acute changes in oxida.txt,102525,2119,430.0,^Abstract$,1036.0,^acknowledge?ments?$,11626,60340,30560,212,796,1134,True,10.1038/s41467-024-48841-w,Nat Commun,Acknowledgments|References|Competing interests|Author contributions|Data availability|Supplementary|Footnotes|Contributor Information,Abstract|Introduction|Methods|Results|Discussion,11.34,58.85,29.81
Transcriptomics analysis reveals molecular alterat.txt,127092,2915,322.0,^Abstract$,1452.0,^acknowledge?ments?$,9754,76303,41036,245,1058,1477,True,10.1038/s43856-024-00532-9,Commun Med (Lond),Acknowledgments|References|Competing interests|Author contributions|Data availability|Supplementary|Footnotes,Abstract|Introduction|Methods|Results|Discussion|Conclusion,7.67,60.04,32.29
Cosmic kidney disease an integrated panomic physio.txt,130803,2863,,,1844.0,^acknowledge?ments?$,0,97203,33601,222,520,1298,True,10.1038/s41467-024-49212-1,Nat Commun,Acknowledgments|References|Competing interests|Author contributions|Data availability|Supplementary|Footnotes|Contributor Information,Abstract|Introduction|Methods|Results|Discussion,0.0,74.31,25.69
Spaceflight induces changes in gene expression pro.txt,106834,2195,291.0,^Abstract$,1192.0,^acknowledge?ments?$,8802,71013,27020,196,755,1093,True,10.1038/s42003-023-05213-2,Commun Biol,Acknowledgments|References|Competing interests|Author contributions|Data availability|Supplementary|Footnotes|Contributor Information,Abstract|Introduction|Methods|Results|Discussion,8.24,66.47,25.29
Protective alleles and precision healthcare in cre.txt,95545,2676,239.0,^Abstract$,809.0,^acknowledge?ments?$,7315,51698,36533,219,1036,1279,True,10.1038/s41467-024-49423-6,Nat Commun,Acknowledgments|References|Competing interests|Author contributions|Supplementary|Footnotes|Contributor Information,Abstract|Introduction|Results|Discussion,7.66,54.11,38.24
To boldly go where no microRNAs have gone before S.txt,7947,254,,,,,0,7948,0,28,0,97,True,10.1038/s42003-024-07022-7,Commun Biol,,,0.0,100.01,0.0
Growth chambers on the International Space Station.txt,66372,1048,101.0,^Abstract$,698.0,^acknowledge?ments?$,2734,51422,12217,79,253,453,True,10.3390/plants13010073,Plants (Basel),Acknowledgments|References|Funding|Author contributions|Data availability|Footnotes,Abstract,4.12,77.48,18.41
Microbiological and nutritional analysis of lettuc.txt,83264,1779,99.0,^Abstract$,801.0,^acknowledge?ments?$,2938,56656,23671,153,591,651,True,10.3389/fpls.2020.00199,Front Plant Sci,Acknowledgments|References|Competing interests|Author contributions|Data availability|Supplementary|Footnotes,Abstract|Introduction|Methods|Results|Discussion,3.53,68.04,28.43
Natural variation in the expression of ORGANIC CAT.txt,51432,1600,62.0,^Abstract$,994.0,^acknowledge?ments?$,1823,37028,12582,87,347,461,True,10.1093/jxb/eru444,J Exp Bot,Acknowledgments|References|Supplementary,Abstract|Introduction|Methods|Results|Discussion,3.54,71.99,24.46
Auxin Shape matters.txt,67794,1405,114.0,^Abstract$,969.0,^references$,4087,48542,15166,95,367,501,True,10.1016/j.heliyon.2019.e02221,Heliyon,References|Funding|Competing interests,Abstract,6.03,71.6,22.37
Gravity signaling in flowering plant roots.txt,92222,2984,102.0,^Abstract$,2030.0,^acknowledge?ments?$,4036,71087,17100,121,536,1163,True,10.1038/s41467-025-59047-z,Nat Commun,Acknowledgments|References|Competing interests|Author contributions|Data availability|Supplementary|Footnotes,Abstract|Introduction|Methods|Results|Discussion,4.38,77.08,18.54
Cadaverine regulates biotin synthesis to modulate .txt,88048,2309,105.0,^PMC Copyright notice$,1217.0,^acknowledge?ments?$,2631,62072,23346,116,481,799,True,10.1111/tpj.15417,Plant J,Acknowledgments|References|Competing interests|Author contributions|Data availability|Supplementary,Introduction|Results|Discussion,2.99,70.5,26.52
Lowspeed clinorotation of Brachypodium distachyon .txt,82357,1616,117.0,^Abstract$,1088.0,^acknowledge?ments?$,2691,62999,16668,97,389,649,True,10.3390/ijms24021540,Int J Mol Sci,Acknowledgments|References|Funding|Author contributions|Data availability|Supplementary|Footnotes,Abstract,3.27,76.5,20.24
New device for highthroughput viability screening .txt,38923,848,74.0,^Abstract$,362.0,^acknowledge?ments?$,1982,27417,9525,69,288,442,True,10.1128/AEM.03065-09,Appl Environ Microbiol,Acknowledgments|References|Footnotes,Abstract|Methods|Results|Discussion,5.09,70.44,24.47
Sigma Sdependent antioxidant defense protects stat.txt,83586,2948,103.0,^Abstract$,1419.0,^acknowledge?ments?$,2439,50771,30377,197,898,1265,True,10.1128/AAC.03683-14,Antimicrob Agents Chemother,Acknowledgments|References|Supplementary|Footnotes,Abstract|Introduction|Methods|Results|Discussion,2.92,60.74,36.34
Plasma membrane disruption PMD formation and repai.txt,80221,2704,54.0,^Abstract$,,,1744,78478,0,278,1381,1552,False,10.1016/j.bone.2021.115970,Bone,Acknowledgments|References|Footnotes,Abstract,2.17,97.83,0.0
Microgravity alters the expression of salivary pro.txt,55668,1262,76.0,^Abstract$,514.0,^acknowledge?ments?$,2242,31054,22373,127,628,575,False,10.1016/j.archoralbio.2019.104621,Arch Oral Biol,Acknowledgments|References|Footnotes,Abstract|Introduction|Methods|Results|Discussion,4.03,55.78,40.19
Salivary Gland Protein Expression after BionM1 and.txt,55668,1262,76.0,^Abstract$,514.0,^acknowledge?ments?$,2242,31054,22373,127,628,575,False,10.1016/j.archoralbio.2019.104621,Arch Oral Biol,Acknowledgments|References|Footnotes,Abstract|Introduction|Methods|Results|Discussion,4.03,55.78,40.19
Response of the mouse sublingual gland to spacefli.txt,38817,803,66.0,^Abstract$,347.0,^acknowledge?ments?$,1972,24371,12475,78,347,427,False,10.1111/eos.12541,Eur J Oral Sci,Acknowledgments|References|Footnotes,Abstract|Results|Discussion,5.08,62.78,32.14
Effects of spaceflight on the mouse submandibular .txt,45921,966,97.0,^Abstract$,683.0,^acknowledge?ments?$,2510,33038,10374,70,209,378,True,10.3389/fphys.2024.1417719,Front Physiol,Acknowledgments|References|Funding|Competing interests|Author contributions|Data availability,Abstract,5.47,71.95,22.59
Reactivation of Latent EpsteinBarr Virus A Compari.txt,51857,678,148.0,^Abstract$,453.0,^acknowledge?ments?$,4401,40064,7393,56,157,272,True,10.3390/ijms19102961,Int J Mol Sci,Acknowledgments|References|Funding|Author contributions|Supplementary,Abstract,8.49,77.26,14.26
The influence of spaceflight on the astronaut sali.txt,69079,1397,106.0,^Abstract$,733.0,^acknowledge?ments?$,3056,43330,22694,124,479,633,True,10.1186/s40168-020-00830-z,Microbiome,Acknowledgments|References|Funding|Competing interests|Data availability|Supplementary|Footnotes,Abstract|Introduction|Methods|Results|Discussion|Conclusion,4.42,62.73,32.85
The cyclic nucleotidegated channel CNGC14 regulate.txt,119393,2440,138.0,^Abstract$,1462.0,^acknowledge?ments?$,3370,70236,45788,160,644,814,True,10.7554/eLife.85193,eLife,Acknowledgments|References|Funding|Competing interests|Author contributions|Data availability|Supplementary|Contributor Information,Abstract|Introduction|Methods|Results|Discussion,2.82,58.83,38.35
Telomere length assessments of muscle stem cells i.txt,46378,1089,55.0,^PMC Copyright notice$,991.0,^acknowledge?ments?$,1742,41461,3176,44,72,286,True,10.1016/j.xpro.2021.100830,STAR Protoc,Acknowledgments|References|Author contributions|Data availability|Contributor Information,,3.76,89.4,6.85
Persistent NFŒB activation in muscle stem cells in.txt,85055,1889,115.0,^PMC Copyright notice$,1341.0,^acknowledge?ments?$,3636,66816,14604,110,448,481,False,10.1016/j.celrep.2021.109098,Cell Rep,Acknowledgments|References|Author contributions|Data availability|Supplementary|Footnotes,Introduction|Results|Discussion,4.27,78.56,17.17
Piezo1 regulates the regenerative capacity of skel.txt,85610,1727,167.0,^Abstract$,805.0,^acknowledge?ments?$,6367,59925,19319,138,550,774,True,10.1126/sciadv.abn0485,Sci Adv,Acknowledgments|Competing interests|Supplementary,Abstract|Introduction|Methods|Results|Discussion,7.44,70.0,22.57
Impacts of radiation exposure hindlimb unloading a.txt,71697,1504,84.0,^Abstract$,624.0,^acknowledge?ments?$,3361,47184,21153,153,665,824,True,10.1038/s41526-023-00303-1,NPJ Microgravity,Acknowledgments|References|Competing interests|Author contributions|Data availability|Supplementary|Footnotes,Abstract|Introduction|Methods|Results|Discussion,4.69,65.81,29.5
Ethyleneinduced flavonol accumulation in guard cel.txt,66149,2667,69.0,^Abstract$,1753.0,^acknowledge?ments?$,1898,48080,16172,117,499,783,True,10.1104/pp.113.233528,Plant Physiol,Acknowledgments|References|Supplementary|Footnotes,Abstract|Methods|Results|Discussion|Conclusion,2.87,72.68,24.45
Transcriptional and Hormonal Regulation of Gravitr.txt,83605,1865,136.0,^Abstract$,1235.0,^acknowledge?ments?$,3898,62469,17239,115,436,654,True,10.1105/tpc.15.00531,Plant Cell,Acknowledgments|References|Author contributions|Supplementary|Footnotes,Abstract|Introduction|Methods|Results|Discussion,4.66,74.72,20.62
Endosidin2 targets conserved exocyst complex subun.txt,90665,2091,156.0,^Abstract$,1066.0,^acknowledge?ments?$,4433,57783,28450,168,755,806,True,10.3389/fpls.2023.1171957,Front Plant Sci,Acknowledgments|References|Funding|Competing interests|Author contributions|Data availability|Supplementary,Abstract|Introduction|Methods|Results|Discussion|Conclusion,4.89,63.73,31.38
A conditional mutation in SCD1 reveals linkage bet.txt,83775,2039,90.0,^Abstract$,1008.0,^acknowledge?ments?$,2810,56711,24255,134,579,657,True,10.3389/fpls.2020.00910,Front Plant Sci,Acknowledgments|References|Competing interests|Author contributions|Data availability|Supplementary|Footnotes,Abstract|Introduction|Methods|Results|Discussion,3.35,67.69,28.95
A comprehensive SARSCoV2 and COVID19 review Part 1.txt,68761,1322,169.0,^Abstract$,528.0,^acknowledge?ments?$,5256,41584,21922,152,618,735,True,10.1038/s41431-022-01108-8,Eur J Hum Genet,Acknowledgments|References|Funding|Competing interests|Author contributions|Supplementary|Footnotes|Contributor Information,Abstract|Introduction|Conclusion,7.64,60.48,31.88
Changes in nuclear shape and gene expression in re.txt,71346,1283,106.0,^Abstract$,569.0,^acknowledge?ments?$,3270,46765,21312,138,560,694,True,10.3390/ijms21186762,Int J Mol Sci,Acknowledgments|References|Funding|Author contributions|Supplementary,Abstract,4.58,65.55,29.87
Growth of Carnobacterium spp from permafrost under.txt,32441,900,67.0,^Abstract$,645.0,^acknowledge?ments?$,1989,22110,8343,55,178,382,True,10.1073/pnas.1209793110,Proc Natl Acad Sci U S A,Acknowledgments|References|Footnotes,Abstract|Methods,6.13,68.15,25.72
Complete Genome Sequence of Carnobacterium gilichi.txt,7287,223,56.0,^Copyright and License information$,123.0,^acknowledge?ments?$,1120,3995,2173,25,54,81,True,10.1128/genomeA.00985-13,Genome Announc,Acknowledgments|References|Footnotes,Abstract,15.37,54.82,29.82
Exposure of Bacillus subtilis to low pressure 5 ki.txt,47788,1614,59.0,^Abstract$,772.0,^acknowledge?ments?$,1450,28204,18135,112,471,709,True,10.1128/AEM.00885-14,Appl Environ Microbiol,Acknowledgments|References|Supplementary|Footnotes,Abstract|Introduction|Methods,3.03,59.02,37.95
Resistance of Bacillus subtilis Spore DNA to Letha.txt,40042,1500,98.0,^Abstract$,872.0,^acknowledge?ments?$,2517,24068,13458,92,369,799,True,10.1128/AEM.03136-13,Appl Environ Microbiol,Acknowledgments|References|Footnotes,Abstract|Introduction|Methods|Results|Discussion,6.29,60.11,33.61
Cultivation of Staphylococcus epidermidis in the h.txt,53393,1544,48.0,^Abstract$,955.0,^acknowledge?ments?$,1803,38511,13080,84,334,636,True,10.3389/fmicb.2016.00999,Front Microbiol,Acknowledgments|References|Competing interests|Author contributions,Abstract|Introduction|Methods|Results|Discussion,3.38,72.13,24.5
Experimental Evolution of Bacillus subtilis.txt,86297,1587,88.0,^Abstract$,911.0,^acknowledge?ments?$,4362,61307,20629,120,507,648,True,10.3390/biology13121088,Biology (Basel),Acknowledgments|References|Funding|Author contributions|Data availability|Supplementary|Footnotes,Abstract,5.05,71.04,23.9
Cultivation in space flight produces minimal alter.txt,51998,1204,67.0,^Abstract$,741.0,^acknowledge?ments?$,1719,39785,10495,70,250,438,True,10.1128/AEM.01584-17,Appl Environ Microbiol,Acknowledgments|References,Abstract|Introduction|Methods|Results|Discussion,3.31,76.51,20.18
Alterations in the Spectrum of Spontaneous Rifampi.txt,52073,1886,54.0,^Abstract$,1207.0,^acknowledge?ments?$,2049,36112,13913,101,396,825,True,10.3389/fmicb.2018.00192,Front Microbiol,Acknowledgments|References|Competing interests|Author contributions,Abstract|Introduction|Methods|Results|Discussion,3.93,69.35,26.72
Mechanotransduction in Prokaryotes A Possible Mech.txt,51103,1242,41.0,^Abstract$,417.0,^acknowledge?ments?$,1367,28002,21735,144,653,733,True,10.3390/life11010033,Life (Basel),Acknowledgments|References|Funding|Author contributions|Footnotes,Abstract,2.67,54.8,42.53
Environmental dependence of competitive fitness in.txt,60605,1957,51.0,^Abstract$,1183.0,^acknowledge?ments?$,1119,42248,17239,113,475,754,True,10.1128/aem.02422-21,Appl Environ Microbiol,Acknowledgments|References|Contributor Information,Abstract|Introduction|Methods,1.85,69.71,28.44
Organotypic 3D cell culture models using the rotat.txt,125263,2291,71.0,^Abstract$,1604.0,^acknowledge?ments?$,2539,99397,23328,142,601,672,False,10.1002/cpmc.129,Curr Protoc Microbiol,Acknowledgments|References|Footnotes,Abstract|Introduction,2.03,79.35,18.62
Induction of attachmentindependent biofilm formati.txt,70970,2228,64.0,^Abstract$,1112.0,^acknowledge?ments?$,1844,52197,16930,132,574,897,True,10.1128/AEM.00175-11,Appl Environ Microbiol,Acknowledgments|References|Footnotes,Abstract|Introduction|Methods|Results|Discussion,2.6,73.55,23.86
Characterization of the Salmonella enterica serova.txt,59801,1956,97.0,^Abstract$,1381.0,^acknowledge?ments?$,1829,44332,13641,113,434,788,True,10.1128/JB.01335-10,J Bacteriol,Acknowledgments|References|Supplementary|Footnotes,Abstract|Introduction|Methods|Results|Discussion,3.06,74.13,22.81
Evaluation of microorganisms cultured from injured.txt,60971,1801,130.0,^Abstract$,1195.0,^acknowledge?ments?$,4098,36018,20856,118,403,650,True,10.1371/journal.pone.0028906,PLoS One,Acknowledgments|References|Competing interests|Footnotes,Abstract|Introduction|Methods|Results|Discussion,6.72,59.07,34.21
Transcriptional and proteomic responses of Pseudom.txt,64184,2375,304.0,^Abstract$,1700.0,^acknowledge?ments?$,9295,43027,11863,92,368,774,True,10.1128/AEM.01582-10,Appl Environ Microbiol,Acknowledgments|References|Footnotes,Abstract|Methods|Results|Discussion,14.48,67.04,18.48
New insights into the bacterial fitnessassociated .txt,82219,2328,146.0,^Abstract$,1354.0,^acknowledge?ments?$,4250,51327,26643,165,707,889,True,10.1371/journal.pone.0029481,PLoS One,Acknowledgments|References|Competing interests|Supplementary|Footnotes,Abstract|Introduction|Methods|Conclusion,5.17,62.43,32.4
Lack of norovirus replication and histoblood group.txt,46219,1092,287.0,^Abstract$,588.0,^acknowledge?ments?$,8749,24905,12566,90,335,560,True,10.3201/eid1903.121029,Emerg Infect Dis,Acknowledgments|References|Supplementary|Footnotes,Abstract|Methods|Results|Discussion,18.93,53.88,27.19
Conservation of the lowshear modeled microgravity .txt,35081,1142,97.0,^Abstract$,771.0,^acknowledge?ments?$,2701,21927,10454,80,294,544,True,10.2174/1874285801408010051,Open Microbiol J,Acknowledgments|References|Competing interests,Abstract|Introduction|Methods|Results|Discussion,7.7,62.5,29.8
Mimicking the host and its microenvironment in vit.txt,125775,4423,56.0,^Abstract$,2420.0,^acknowledge?ments?$,1767,64943,59066,350,1776,1608,False,10.1111/2049-632X.12180,Pathog Dis,Acknowledgments|References,Abstract|Introduction,1.4,51.63,46.96
Effects of Sex and Gender on Adaptation to Space I.txt,85298,2207,71.0,^Abstract$,868.0,^references$,2485,45563,37251,200,1012,988,True,10.1016/j.mehy.2020.110237,Med Hypotheses,References|Competing interests,Abstract,2.91,53.42,43.67
Recellularization of decellularized lung scaffolds.txt,61207,1402,115.0,^Abstract$,691.0,^acknowledge?ments?$,3489,38557,19162,118,501,717,True,10.1371/journal.pone.0126846,PLoS One,Acknowledgments|References|Funding|Competing interests|Data availability|Supplementary,Abstract|Introduction|Methods|Results|Discussion,5.7,62.99,31.31
Threedimensional organotypic coculture model of in.txt,81539,2042,192.0,^Abstract$,1162.0,^acknowledge?ments?$,4849,53867,22824,166,672,1030,True,10.1038/s41526-017-0011-2,NPJ Microgravity,Acknowledgments|References|Competing interests|Author contributions|Supplementary|Footnotes,Abstract|Introduction|Methods|Results|Discussion|Conclusion,5.95,66.06,27.99
Modeling HostPathogen Interactions in the Context .txt,193240,6873,152.0,^Abstract$,,,4815,188426,0,645,3202,3269,True,10.1128/IAI.00282-18,Infect Immun,Acknowledgments|References,Abstract|Introduction|Conclusion,2.49,97.51,0.0
Evaluating the effect of spaceflight on the hostÄì.txt,74653,1772,275.0,^Abstract$,916.0,^acknowledge?ments?$,7141,45423,22090,154,613,910,True,10.1038/s41526-021-00136-w,NPJ Microgravity,Acknowledgments|References|Funding|Competing interests|Author contributions|Data availability|Supplementary|Footnotes,Abstract|Methods,9.57,60.85,29.59
Spaceflight enhances cell aggregation and random b.txt,122093,4988,202.0,^Abstract$,3657.0,^acknowledge?ments?$,6407,89430,26257,192,831,1039,True,10.1371/journal.pone.0080677,PLoS One,Acknowledgments|References|Funding|Competing interests|Supplementary,Abstract|Introduction|Results|Discussion,5.25,73.25,21.51
Growth and antifungal resistance of the pathogenic.txt,103450,1568,146.0,^Abstract$,1020.0,^acknowledge?ments?$,9217,77126,17108,117,419,721,True,10.3390/life11040283,Life (Basel),Acknowledgments|References|Funding|Author contributions|Data availability|Footnotes,Abstract,8.91,74.55,16.54
Challenges and considerations for singlecell and s.txt,97813,2214,228.0,^PMC Copyright notice$,819.0,^acknowledge?ments?$,5422,49628,42764,264,1107,1181,True,10.1016/j.crmeth.2022.100325,Cell Rep Methods,Acknowledgments|References|Author contributions,Introduction,5.54,50.74,43.72
Direct RNA sequencing of astronaut blood reveals s.txt,61556,1529,186.0,^Abstract$,740.0,^acknowledge?ments?$,5571,37103,18883,141,559,779,True,10.1038/s41467-024-48929-3,Nat Commun,Acknowledgments|References|Competing interests|Author contributions|Data availability|Supplementary|Footnotes,Abstract|Introduction|Methods|Results|Discussion,9.05,60.28,30.68
Collection of biospecimens from the inspiration4 m.txt,75571,1686,350.0,^Abstract$,810.0,^acknowledge?ments?$,10452,42919,22201,165,625,900,True,10.1038/s41467-024-48806-z,Nat Commun,Acknowledgments|References|Competing interests|Author contributions|Data availability|Supplementary|Footnotes,Abstract|Introduction|Methods|Results|Discussion,13.83,56.79,29.38
Microfluidicsenabled method to identify modes of C.txt,42308,971,50.0,^Abstract$,382.0,^acknowledge?ments?$,1297,32819,8193,76,330,405,True,10.1063/1.4829777,Biomicrofluidics,Acknowledgments|References,Abstract|Introduction|Methods|Results|Discussion|Conclusion,3.07,77.57,19.37
Multiparameter behavioral analyses provide insight.txt,61985,1625,54.0,^Abstract$,1017.0,^acknowledge?ments?$,1592,51048,9346,82,297,381,True,10.1093/toxsci/kft138,Toxicol Sci,Acknowledgments|References|Funding|Supplementary,Abstract|Methods|Results|Discussion|Conclusion,2.57,82.36,15.08
Growth performance and root transcriptome remodeli.txt,75759,1739,94.0,^Abstract$,1323.0,^acknowledge?ments?$,3204,60116,12440,84,294,547,True,10.1371/journal.pone.0012348,PLoS One,Acknowledgments|References|Competing interests|Supplementary|Footnotes,Abstract|Introduction|Methods|Results|Discussion,4.23,79.35,16.42
The 1433 proteins of Arabidopsis regulate root gro.txt,51780,1333,59.0,^Abstract$,934.0,^acknowledge?ments?$,2194,36659,12928,85,340,422,True,10.1093/jxb/ers022,J Exp Bot,Acknowledgments|References|Supplementary,Abstract|Introduction|Methods|Results|Discussion,4.24,70.8,24.97
1433 phosphoprotein interaction networks  does iso.txt,88130,2348,75.0,^Abstract$,,,2718,85413,0,195,982,1090,True,10.3389/fpls.2012.00190,Front Plant Sci,Acknowledgments|References|Competing interests,Abstract|Introduction,3.08,96.92,0.0
Plant growth strategies are remodeled by spaceflig.txt,56366,1253,158.0,^Abstract$,585.0,^references$,4994,36496,14877,117,441,546,True,10.2147/DDDT.S486371,Drug Des Devel Ther,References|Funding|Author contributions|Data availability,Abstract|Introduction|Methods|Results|Discussion|Conclusion,8.86,64.75,26.39
Spaceflight transcriptomes unique responses to a n.txt,104342,2027,98.0,^Abstract$,1402.0,^acknowledge?ments?$,3422,81838,19083,117,469,630,True,10.3389/fpls.2023.1260429,Front Plant Sci,Acknowledgments|References|Funding|Competing interests|Author contributions|Data availability|Supplementary,Abstract,3.28,78.43,18.29
Fundamental plant biology enabled by the space shu.txt,69397,1926,130.0,^Abstract$,888.0,^acknowledge?ments?$,4470,39383,25545,142,592,766,True,10.1128/mSystems.00112-18,mSystems,Acknowledgments|References|Data availability|Supplementary,Abstract|Introduction|Methods|Results|Discussion,6.44,56.75,36.81
Organspecific remodeling of the Arabidopsis transc.txt,100864,1761,66.0,^Abstract$,857.0,^acknowledge?ments?$,1633,69749,29483,144,677,867,True,10.3390/life13030626,Life (Basel),Acknowledgments|References|Funding|Author contributions|Data availability|Supplementary|Footnotes,Abstract,1.62,69.15,29.23
A method for preparing spaceflight RNAlaterfixed A.txt,26230,591,71.0,^Abstract$,328.0,^literature cited$,2378,18485,5368,41,149,164,True,10.3732/apps.1300034,Appl Plant Sci,References,Abstract|Conclusion,9.07,70.47,20.47
ARG1 Functions in the Physiological Adaptation of .txt,139236,4191,109.0,^Abstract$,3491.0,^acknowledge?ments?$,2681,118959,17597,131,508,1356,True,10.1089/ast.2016.1538,Astrobiology,Acknowledgments|References|Supplementary,Abstract,1.93,85.44,12.64
A Member of the CONSTANSLike Protein Family is a P.txt,80507,2213,71.0,^Abstract$,1165.0,^acknowledge?ments?$,2127,56782,21599,159,716,688,True,10.1093/aobpla/ply075,AoB Plants,Acknowledgments|References|Competing interests|Supplementary,Abstract|Introduction|Methods|Results|Discussion|Conclusion,2.64,70.53,26.83
HSFA2 Functions in the Physiological Adaptation of.txt,143768,3772,62.0,^Abstract$,1154.0,^acknowledge?ments?$,2263,87682,53824,199,922,1779,True,10.3390/ijms20020390,Int J Mol Sci,Acknowledgments|References|Funding|Author contributions|Data availability|Supplementary,Abstract,1.57,60.99,37.44
Neutrophil to Lymphocyte ratio A biomarker to moni.txt,69245,1942,124.0,^Abstract$,869.0,^acknowledge?ments?$,3797,39491,25958,168,763,970,True,10.3389/fimmu.2020.564950,Front Immunol,Acknowledgments|References|Funding|Competing interests|Author contributions|Data availability|Supplementary,Abstract|Introduction|Methods|Results|Discussion,5.48,57.03,37.49
Beyond lowEarth orbit Characterizing immune and mi.txt,83303,1905,132.0,^PMC Copyright notice$,1017.0,^acknowledge?ments?$,3434,52404,27466,185,763,772,True,10.1016/j.isci.2020.101747,iScience,Acknowledgments|References|Author contributions|Data availability|Supplementary|Footnotes,Introduction|Methods|Results|Discussion,4.12,62.91,32.97
Immunological and hematological outcomes following.txt,54404,1298,116.0,^Abstract$,656.0,^acknowledge?ments?$,4279,33707,16419,117,491,656,True,10.1038/s41598-021-90439-5,Sci Rep,Acknowledgments|References|Competing interests|Author contributions|Supplementary|Footnotes,Abstract|Introduction|Methods|Results|Discussion,7.87,61.96,30.18
Epigenomic regulators elongator complex subunit 2 .txt,110432,2747,88.0,^Abstract$,1487.0,^acknowledge?ments?$,2958,77977,29498,201,843,949,True,10.3389/fpls.2021.691790,Front Plant Sci,Acknowledgments|References|Funding|Competing interests|Author contributions|Data availability|Supplementary|Footnotes,Abstract|Introduction|Methods|Results|Discussion|Conclusion,2.68,70.61,26.71
Plants grown in Apollo lunar regolith present stre.txt,51988,1012,53.0,^Abstract$,471.0,^acknowledge?ments?$,2160,33951,15878,80,330,512,True,10.1038/s42003-022-03334-8,Commun Biol,Acknowledgments|References|Competing interests|Author contributions|Data availability|Supplementary|Footnotes|Contributor Information,Abstract|Introduction|Methods,4.15,65.31,30.54
Artificial gravity partially protects spaceinduced.txt,138877,2646,194.0,^PMC Copyright notice$,1294.0,^acknowledge?ments?$,5094,92484,41300,217,949,1019,False,10.1016/j.celrep.2022.111279,Cell Rep,Acknowledgments|References|Author contributions|Data availability|Supplementary|Footnotes,Introduction|Results|Discussion,3.67,66.59,29.74
Utilizing the KSC fixation tube to conduct humante.txt,46040,692,134.0,^Abstract$,438.0,^acknowledge?ments?$,3458,33302,9281,58,165,305,True,10.3390/life12111871,Life (Basel),Acknowledgments|References|Funding|Author contributions|Data availability|Supplementary|Footnotes,Abstract,7.51,72.33,20.16
Changes in Mouse Thymus and Spleen after Return fr.txt,1971,75,,,,,0,1972,0,17,0,9,True,10.1371/annotation/e66bdc4e-2409-4582-b163-7bc182db275e,PLoS One,Competing interests|Footnotes,,0.0,100.05,0.0
PostSpaceflight STS135 Mouse Splenocytes Demonstra.txt,62174,1399,74.0,^Abstract$,713.0,^acknowledge?ments?$,2318,43487,16370,102,453,613,True,10.1371/journal.pone.0124380,PLoS One,Acknowledgments|References|Funding|Competing interests|Data availability|Supplementary,Abstract|Introduction|Methods|Results|Discussion,3.73,69.94,26.33
Changes in the distribution and function of leukoc.txt,53027,1553,41.0,^Abstract$,746.0,^acknowledge?ments?$,1872,35565,15591,111,497,728,True,10.1093/jrr/rrw051,J Radiat Res,Acknowledgments|References|Funding|Competing interests,Abstract|Introduction|Methods|Results|Discussion,3.53,67.07,29.4
Is spaceflightinduced immune dysfunction linked to.txt,84726,1900,141.0,^Abstract$,1012.0,^acknowledge?ments?$,4169,54775,25783,130,595,865,True,10.1371/journal.pone.0174174,PLoS One,Acknowledgments|References|Funding|Competing interests|Data availability|Supplementary,Abstract|Introduction|Methods|Results|Discussion,4.92,64.65,30.43
Spaceflight Activates Autophagy Programs and the P.txt,71801,1624,58.0,^Abstract$,969.0,^acknowledge?ments?$,1738,50939,19125,119,505,715,True,10.3390/ijms18102062,Int J Mol Sci,Acknowledgments|References|Author contributions|Supplementary,Abstract,2.42,70.94,26.64
Vive la radiorsistance Converging research in radi.txt,170396,3858,380.0,^Abstract$,1188.0,^references$,10644,85745,74008,426,2097,2143,True,10.18632/oncotarget.24461,Oncotarget,References|Funding|Footnotes,Abstract|Introduction|Conclusion,6.25,50.32,43.43
Proteomic analysis of mouse brain subjected to spa.txt,72089,1854,139.0,^Abstract$,838.0,^acknowledge?ments?$,4940,36922,30228,170,798,930,True,10.3390/ijms20010007,Int J Mol Sci,Acknowledgments|References|Funding|Author contributions,Abstract,6.85,51.22,41.93
Transcriptomic effects on the mouse heart followin.txt,61330,1249,141.0,^Abstract$,630.0,^references$,4108,39926,17297,121,488,619,True,10.3390/biom13020371,Biomolecules,References|Funding|Author contributions|Data availability|Footnotes,Abstract,6.7,65.1,28.2
Spaceflightinduced gene expression profiles in the.txt,57779,1290,138.0,^Abstract$,577.0,^acknowledge?ments?$,5284,30128,22368,128,536,658,True,10.3390/ijms241713569,Int J Mol Sci,Acknowledgments|References|Funding|Author contributions|Data availability|Supplementary|Footnotes,Abstract,9.15,52.14,38.71
Basal signaling regulates plant growth and develop.txt,67638,1898,147.0,^Abstract$,1323.0,^references$,4787,46134,16718,112,452,679,True,10.3390/ijms26062685,Int J Mol Sci,References|Funding|Author contributions|Data availability|Supplementary|Footnotes,Abstract,7.08,68.21,24.72
Phosphoinositidesignaling is one component of a ro.txt,88474,2607,73.0,^Abstract$,1600.0,^acknowledge?ments?$,2796,60199,25480,152,741,987,True,10.3389/fpls.2014.00267,Front Plant Sci,Acknowledgments|References|Competing interests|Author contributions|Supplementary,Abstract|Introduction|Methods|Results|Discussion,3.16,68.04,28.8
Uncovering transcriptional responses to fractional.txt,65193,1938,79.0,^Abstract$,1163.0,^acknowledge?ments?$,2270,39449,23475,141,602,931,True,10.3390/life11101010,Life (Basel),Acknowledgments|References|Funding|Author contributions|Data availability|Supplementary|Footnotes,Abstract,3.48,60.51,36.01
Conserved plant transcriptional responses to micro.txt,95984,2410,59.0,^Abstract$,1527.0,^acknowledge?ments?$,2138,65942,27905,163,693,827,True,10.3389/fpls.2023.1308713,Front Plant Sci,Acknowledgments|References|Funding|Competing interests|Author contributions|Data availability|Supplementary,Abstract|Introduction|Methods,2.23,68.7,29.07
RNAseq analysis of rodent spaceflight experiments .txt,57854,1086,166.0,^PMC Copyright notice$,699.0,^acknowledge?ments?$,3173,42072,12610,95,300,356,True,10.1016/j.isci.2020.101733,iScience,Acknowledgments|References|Author contributions|Data availability|Supplementary|Footnotes|Contributor Information,Introduction|Methods|Results|Discussion,5.48,72.72,21.8
Functional changes in the snail statocyst system e.txt,78749,1275,128.0,^Abstract$,628.0,^acknowledge?ments?$,3611,57041,18098,113,485,535,True,10.1371/journal.pone.0017710,PLoS One,Acknowledgments|References|Competing interests|Footnotes,Abstract|Introduction|Methods|Results|Discussion,4.59,72.43,22.98
Simulated microgravity impairs human NK natural ki.txt,60060,1397,103.0,^Abstract$,496.0,^acknowledge?ments?$,3284,39778,16999,120,497,692,True,10.1038/s41526-024-00424-1,NPJ Microgravity,Acknowledgments|References|Competing interests|Author contributions|Data availability|Footnotes,Abstract|Introduction|Methods|Results|Discussion,5.47,66.23,28.3
Multianalyte biochip MAB based on allsolidstate io.txt,26118,631,115.0,^Abstract$,558.0,^acknowledge?ments?$,2280,20443,3396,35,54,232,True,10.3791/50020,J Vis Exp,Acknowledgments|References,Abstract|Discussion,8.73,78.27,13.0
Labonachip approaches for spacebiology research.txt,60093,1123,178.0,^Abstract$,493.0,^acknowledge?ments?$,5341,36734,18019,114,465,477,True,10.3389/fmicb.2023.1215529,Front Microbiol,Acknowledgments|References|Funding|Competing interests|Author contributions|Footnotes,Abstract,8.89,61.13,29.99
The interaction of vortical flows with red cells i.txt,56402,1106,65.0,^Abstract$,522.0,^acknowledge?ments?$,1666,41164,13573,94,383,516,True,10.1063/5.0078337,Biomicrofluidics,Acknowledgments|References|Competing interests|Author contributions|Data availability|Supplementary|Contributor Information,Abstract|Introduction|Methods|Conclusion,2.95,72.98,24.06
Mammalian and Invertebrate Models as Complementary.txt,115821,3065,194.0,^Abstract$,1521.0,^acknowledge?ments?$,7269,61868,46685,257,1178,1369,True,10.3390/ijms22179470,Int J Mol Sci,Acknowledgments|References|Funding|Author contributions|Data availability|Supplementary|Footnotes,Abstract,6.28,53.42,40.31
Investigation of simulated microgravity effects on.txt,73379,1829,53.0,^Abstract$,1086.0,^acknowledge?ments?$,1845,51865,19670,128,567,852,True,10.1038/s41526-016-0006-4,NPJ Microgravity,Acknowledgments|References|Competing interests|Author contributions|Supplementary|Footnotes,Abstract|Introduction|Methods|Results|Discussion,2.51,70.68,26.81
Altered quorum sensing and physiology of Staphyloc.txt,75419,1879,60.0,^Abstract$,953.0,^acknowledge?ments?$,2147,48215,25058,160,691,859,True,10.1038/s41526-023-00343-7,NPJ Microgravity,Acknowledgments|References|Competing interests|Author contributions|Data availability|Supplementary|Footnotes,Abstract|Introduction|Methods|Results|Discussion,2.85,63.93,33.23
Homotypic vacuole fusion requires VTI11 and is reg.txt,87151,2408,104.0,^Abstract$,1447.0,^acknowledge?ments?$,3651,59225,24276,166,756,1228,True,10.1073/pnas.1807763115,Proc Natl Acad Sci U S A,Acknowledgments|References|Supplementary|Footnotes,Abstract|Methods|Results|Discussion,4.19,67.96,27.86
REGULATOR OF BULB BIOGENESIS1 RBB1 Is Involved in .txt,73050,1626,58.0,^Abstract$,987.0,^acknowledge?ments?$,1792,51565,19694,93,413,555,True,10.1371/journal.pone.0125621,PLoS One,Acknowledgments|References|Funding|Competing interests|Data availability|Supplementary,Abstract|Introduction|Methods|Results|Discussion,2.45,70.59,26.96
Phosphoinositides control the localization of HOPS.txt,87151,2408,104.0,^Abstract$,1447.0,^acknowledge?ments?$,3651,59225,24276,166,756,1228,True,10.1073/pnas.1807763115,Proc Natl Acad Sci U S A,Acknowledgments|References|Supplementary|Footnotes,Abstract|Methods|Results|Discussion,4.19,67.96,27.86
Microgravity enhances the phenotype of Arabidopsis.txt,56941,1281,58.0,^Abstract$,648.0,^acknowledge?ments?$,2079,38617,16246,101,468,632,True,10.1038/s41526-022-00226-3,NPJ Microgravity,Acknowledgments|References|Competing interests|Author contributions|Data availability|Supplementary|Footnotes,Abstract|Introduction|Methods|Results|Discussion,3.65,67.82,28.53
Hypergravity disruption of homeorhetic adaptations.txt,77439,1526,99.0,^PMC Copyright notice$,733.0,^acknowledge?ments?$,2265,56926,18249,105,502,510,True,10.1242/bio.2012687,Biol Open,Acknowledgments|References|Competing interests|Supplementary|Footnotes,Introduction|Methods|Results|Discussion|Conclusion,2.92,73.51,23.57
Intrauterine exposure to maternal stress alters Bd.txt,59010,1272,101.0,^Abstract$,495.0,^acknowledge?ments?$,2745,32361,23905,151,689,588,False,10.1016/j.ijdevneu.2017.03.007,Int J Dev Neurosci,Acknowledgments|References,Abstract,4.65,54.84,40.51
Influence of gonadectomy on muscle health in micro.txt,53386,931,87.0,^Abstract$,619.0,^acknowledge?ments?$,2902,42224,8261,68,242,414,True,10.1016/j.smhs.2023.09.002,Sports Med Health Sci,Acknowledgments|References|Competing interests,Abstract,5.44,79.09,15.47
Sex differences in muscle health in simulated micr.txt,53386,931,87.0,^Abstract$,619.0,^acknowledge?ments?$,2902,42224,8261,68,242,414,True,10.1016/j.smhs.2023.09.002,Sports Med Health Sci,Acknowledgments|References|Competing interests,Abstract,5.44,79.09,15.47
Brassinazole resistant 1 BZR1dependent brassinoste.txt,81362,2240,117.0,^Abstract$,1445.0,^acknowledge?ments?$,3219,63004,15140,112,473,678,True,10.1093/jxb/erv316,J Exp Bot,Acknowledgments|References|Supplementary,Abstract|Introduction|Methods|Results|Discussion,3.96,77.44,18.61
Proteomic study of microsomal proteins reveals a k.txt,52629,1501,102.0,^Abstract$,1065.0,^acknowledge?ments?$,3819,37877,10934,80,311,580,True,10.1074/mcp.M114.042697,Mol Cell Proteomics,Acknowledgments|References|Footnotes,Abstract|Results|Discussion,7.26,71.97,20.78
Apyrase inhibitors enhance the ability of diverse .txt,63394,2449,53.0,^PMC Copyright notice$,1101.0,^acknowledge?ments?$,1268,44379,17748,90,344,890,True,10.1111/mpp.12458,Mol Plant Pathol,Acknowledgments|References|Supplementary,Introduction|Results|Discussion,2.0,70.01,28.0
ANN1 and ANN2 Function in PostPhloem Sugar Transpo.txt,56603,1675,73.0,^Abstract$,991.0,^acknowledge?ments?$,2109,39110,15385,117,516,556,True,10.1104/pp.18.00713,Plant Physiol,Acknowledgments|References|Footnotes,Abstract|Methods|Results|Discussion,3.73,69.1,27.18
Mitochondriatargeted human catalase in the mouse l.txt,66130,1362,181.0,^Abstract$,617.0,^references$,4445,40171,21515,141,591,705,True,10.3390/life12111838,Life (Basel),References|Funding|Author contributions|Supplementary|Footnotes,Abstract,6.72,60.75,32.53
Structural and functional properties of bone are c.txt,26246,793,89.0,^Abstract$,474.0,^references$,2582,17389,6276,54,210,313,False,10.1080/21678421.2018.1452946,Amyotroph Lateral Scler Frontotemporal Degener,References|Footnotes,Abstract|Introduction|Methods|Results|Discussion,9.84,66.25,23.91
Longitudinal time course of muscle impairments dur.txt,42081,851,66.0,^Abstract$,425.0,^acknowledge?ments?$,2497,28093,11492,69,310,455,True,10.1038/s41526-019-0080-5,NPJ Microgravity,Acknowledgments|References|Competing interests|Author contributions|Data availability|Supplementary|Footnotes,Abstract|Introduction|Methods|Results|Discussion,5.93,66.76,27.31
The partial weightbearing rat model using a pelvic.txt,51120,1365,32.0,^Abstract$,515.0,^references$,1102,25958,24061,139,664,901,True,10.1016/j.asmr.2024.101022,Arthrosc Sports Med Rehabil,References|Supplementary,Abstract|Conclusion,2.16,50.78,47.07
Dosedependent skeletal deficits due to varied redu.txt,38838,810,87.0,^Abstract$,338.0,^acknowledge?ments?$,2747,24096,11996,81,345,440,True,10.1038/s41526-020-0105-0,NPJ Microgravity,Acknowledgments|References|Competing interests|Author contributions|Data availability|Supplementary|Footnotes,Abstract|Introduction|Methods|Results|Discussion,7.07,62.04,30.89
Approaching Gravity as a Continuum Using the Rat P.txt,99571,2594,40.0,^Abstract$,,,1255,98317,0,282,1442,1558,True,10.3390/life10100235,Life (Basel),Acknowledgments|References|Funding|Author contributions,Abstract,1.26,98.74,0.0
Hindlimb suspension in Wistar rats Sexbased differ.txt,67013,1477,94.0,^Abstract$,808.0,^acknowledge?ments?$,2641,40726,23647,130,585,638,True,10.14814/phy2.15042,Physiol Rep,Acknowledgments|References|Author contributions,Abstract,3.94,60.77,35.29
Adaptation to full weightbearing following disuse .txt,1468,35,9.0,^Copyright and License information$,,,277,1192,0,7,0,3,True,10.14814/phy2.15978,Physiol Rep,,,18.87,81.2,0.0
Effects of liquid cultivation on gene expression a.txt,67869,1368,56.0,^Abstract$,657.0,^acknowledge?ments?$,1834,47514,18522,89,441,642,True,10.1186/s12864-018-4948-7,BMC Genomics,Acknowledgments|References|Funding|Competing interests|Data availability|Supplementary|Contributor Information,Abstract|Methods|Results|Discussion|Conclusion,2.7,70.01,27.29
Transcriptomic Signature of the Simulated Microgra.txt,70451,1612,69.0,^Abstract$,822.0,^acknowledge?ments?$,1704,46183,22565,140,597,847,True,10.3390/cells12020270,Cells,Acknowledgments|References|Funding|Author contributions|Data availability|Supplementary|Footnotes,Abstract,2.42,65.55,32.03
Enabling clonal analyses of yeast in outer space b.txt,69902,859,96.0,^Abstract$,548.0,^acknowledge?ments?$,3073,54923,11907,61,214,350,True,10.3390/life12081168,Life (Basel),Acknowledgments|References|Funding|Author contributions|Data availability|Supplementary|Footnotes,Abstract,4.4,78.57,17.03
Caenorhabditis elegans in microgravity An omics pe.txt,74564,1786,94.0,^PMC Copyright notice$,957.0,^acknowledge?ments?$,2729,45970,25866,149,656,823,True,10.1016/j.isci.2023.107189,iScience,Acknowledgments|References|Author contributions,Introduction|Conclusion,3.66,61.65,34.69
Dried plum diet protects from bone loss caused by .txt,51729,1485,109.0,^Abstract$,739.0,^acknowledge?ments?$,2660,32621,16449,119,494,672,True,10.1038/srep21343,Sci Rep,Acknowledgments|References|Author contributions|Footnotes,Abstract|Methods|Results|Discussion,5.14,63.06,31.8
Dietary countermeasure mitigates simulated spacefl.txt,66977,1432,120.0,^Abstract$,666.0,^acknowledge?ments?$,3501,41256,22221,127,583,769,True,10.1038/s41598-020-63404-x,Sci Rep,Acknowledgments|References|Competing interests|Author contributions|Supplementary|Footnotes,Abstract|Introduction|Methods|Results|Discussion,5.23,61.6,33.18
Simulated microgravity alters gene regulation link.txt,75393,2295,233.0,^Abstract$,1620.0,^acknowledge?ments?$,6475,46661,22258,133,510,798,True,10.3390/genes15080975,Genes (Basel),Acknowledgments|References|Funding|Author contributions|Data availability|Supplementary|Footnotes,Abstract,8.59,61.89,29.52
Autophagy and its consequences for platelet biolog.txt,45179,1019,93.0,^Abstract$,359.0,^references$,4614,29867,10699,95,385,510,True,10.1038/s41598-025-94761-0,Sci Rep,References|Funding|Competing interests|Author contributions|Data availability|Supplementary|Footnotes|Contributor Information,Abstract|Introduction|Methods|Results|Discussion|Conclusion,10.21,66.11,23.68
A new role of NAP1L1 in megakaryocytes and human p.txt,93078,1937,60.0,^Abstract$,910.0,^acknowledge?ments?$,1611,59910,31558,176,802,1039,True,10.3390/ijms232314694,Int J Mol Sci,Acknowledgments|References|Funding|Author contributions|Supplementary|Footnotes,Abstract,1.73,64.37,33.9
Evaluation of rodent spaceflight in the NASA anima.txt,41689,1084,91.0,^Abstract$,815.0,^acknowledge?ments?$,4364,32299,5027,45,130,441,True,10.1038/npjmgrav.2016.2,NPJ Microgravity,Acknowledgments|References|Footnotes,Abstract|Introduction|Methods|Results|Discussion,10.47,77.48,12.06
Morphology of Penicillium rubens Biofilms Formed i.txt,72212,1288,143.0,^Abstract$,756.0,^acknowledge?ments?$,4357,47878,19978,105,342,540,True,10.3390/life13041001,Life (Basel),Acknowledgments|References|Funding|Author contributions|Data availability|Footnotes,Abstract,6.03,66.3,27.67
Explainable machine learning identifies multiomics.txt,53432,1034,148.0,^Abstract$,643.0,^acknowledge?ments?$,3915,37282,12236,70,227,443,True,10.1038/s41526-023-00337-5,NPJ Microgravity,Acknowledgments|References|Competing interests|Author contributions|Data availability|Supplementary|Footnotes|Contributor Information,Abstract|Introduction|Methods|Results|Discussion,7.33,69.77,22.9
Microbial adaptation to spaceflight is correlated .txt,66282,1546,45.0,^Abstract$,754.0,^acknowledge?ments?$,1958,43638,20687,137,567,748,True,10.1038/s41467-023-42104-w,Nat Commun,Acknowledgments|References|Competing interests|Author contributions|Data availability|Supplementary|Footnotes,Abstract|Introduction|Methods|Results|Discussion,2.95,65.84,31.21
Influence of the spaceflight environment on macrop.txt,65520,1797,239.0,^Abstract$,766.0,^acknowledge?ments?$,6773,34292,24456,181,778,974,True,10.1038/s41526-023-00293-0,NPJ Microgravity,Acknowledgments|References|Competing interests|Author contributions|Supplementary|Footnotes,Abstract|Introduction,10.34,52.34,37.33
MARSBOx Fungal and bacterial endurance from a ball.txt,91192,2685,155.0,^Abstract$,1440.0,^acknowledge?ments?$,4984,55688,30521,172,684,1043,True,10.3389/fmicb.2021.601713,Front Microbiol,Acknowledgments|References|Competing interests|Author contributions|Data availability|Supplementary|Footnotes,Abstract|Introduction|Methods|Results|Discussion|Conclusion,5.47,61.07,33.47
In situ linkage of fungal and bacterial proliferat.txt,76217,1794,131.0,^Abstract$,820.0,^acknowledge?ments?$,4250,46126,25842,116,454,653,True,10.3389/fmicb.2020.00167,Front Microbiol,Acknowledgments|References|Competing interests|Author contributions|Data availability|Supplementary|Footnotes,Abstract|Introduction|Methods|Results|Discussion|Conclusion,5.58,60.52,33.91
Identification of metagenomeassembled genomes cont.txt,19543,1198,57.0,^Abstract$,1015.0,^acknowledge?ments?$,1845,12874,4825,30,97,159,True,10.1128/MRA.00003-20,Microbiol Resour Announc,Acknowledgments|References|Data availability,Abstract,9.44,65.88,24.69
Nature of preearthquake phenomena and their effect.txt,64079,1205,52.0,^Abstract$,667.0,^acknowledge?ments?$,1580,46196,16304,92,388,696,True,10.3390/ani3020513,Animals (Basel),Acknowledgments|References|Competing interests,Abstract,2.47,72.09,25.44
The rapid diagnosis and effective inhibition of co.txt,46444,970,95.0,^Abstract$,579.0,^acknowledge?ments?$,2419,35243,8783,84,328,404,True,10.1039/d0na01007c,Nanoscale Adv,Acknowledgments|Supplementary,Abstract|Introduction|Conclusion,5.21,75.88,18.91
Blocking SARSCoV2 Delta variant B16172 spike prote.txt,42928,1461,164.0,^Abstract$,1077.0,^acknowledge?ments?$,3572,29873,9484,71,219,475,True,10.1021/acsomega.2c00113,ACS Omega,Acknowledgments|References|Supplementary,Abstract,8.32,69.59,22.09
Safety and pharmacokinetics of intranasally admini.txt,50354,802,198.0,^Abstract$,488.0,^references$,5410,36386,8559,85,243,359,True,10.1007/s11095-022-03191-4,Pharm Res,References|Supplementary|Footnotes,Abstract|Introduction|Methods|Results|Conclusion,10.74,72.26,17.0
Inhibition of SARSCoV2 wildtype WuhanHu1 and Delta.txt,32558,704,112.0,^Abstract$,450.0,^references$,3471,21355,7733,63,207,256,True,10.1093/glycob/cwac042,Glycobiology,References|Funding|Competing interests|Supplementary|Contributor Information,Abstract|Introduction|Methods,10.66,65.59,23.75
Effect of simulated cosmic radiation on cytomegalo.txt,50657,906,144.0,^Abstract$,657.0,^acknowledge?ments?$,3994,36996,9668,59,167,358,True,10.3390/ijms251910337,Int J Mol Sci,Acknowledgments|References|Funding|Author contributions|Data availability|Supplementary|Footnotes,Abstract,7.88,73.03,19.09
A Tissue Retrieval and Postharvest Processing Regi.txt,46578,693,70.0,^Abstract$,524.0,^acknowledge?ments?$,2466,38862,5251,41,99,191,True,10.1155/2015/475935,Biomed Res Int,Acknowledgments|References|Competing interests,Abstract,5.29,83.43,11.27
Effects of sex and gender on adaptations to space .txt,106834,2195,291.0,^Abstract$,1192.0,^acknowledge?ments?$,8802,71013,27020,196,755,1093,True,10.1038/s42003-023-05213-2,Commun Biol,Acknowledgments|References|Competing interests|Author contributions|Data availability|Supplementary|Footnotes|Contributor Information,Abstract|Introduction|Methods|Results|Discussion,8.24,66.47,25.29
Effects of spaceflight on the muscles of the murin.txt,75275,1452,109.0,^Abstract$,684.0,^references$,3542,53537,18197,126,541,705,False,10.1016/j.actbio.2018.10.024,Acta Biomater,References|Supplementary|Footnotes,Abstract,4.71,71.12,24.17
Multiscale effects of spaceflight on murine tendon.txt,53054,992,104.0,^Abstract$,517.0,^acknowledge?ments?$,2919,36413,13723,85,321,438,False,10.1016/j.bone.2019.115152,Bone,Acknowledgments|References|Author contributions|Supplementary|Footnotes,Abstract,5.5,68.63,25.87
Reproducible changes in the gut microbiome suggest.txt,101182,1396,68.0,^Abstract$,697.0,^acknowledge?ments?$,2145,76272,22766,105,442,685,True,10.1186/s40168-019-0724-4,Microbiome,Acknowledgments|References|Funding|Competing interests|Data availability|Supplementary|Footnotes|Contributor Information,Abstract|Methods|Results|Discussion|Conclusion,2.12,75.38,22.5
Failure to Generate Bone Marrow Adipocytes Does No.txt,53004,1309,40.0,^Abstract$,702.0,^acknowledge?ments?$,1405,33988,17612,94,468,628,False,10.1016/j.bone.2012.11.034,Bone,Acknowledgments|Competing interests|Footnotes,Abstract,2.65,64.12,33.23
Acute exposure to high dose gammaradiation results.txt,63696,1374,131.0,^Abstract$,860.0,^acknowledge?ments?$,3339,46019,14339,96,398,595,False,10.1016/j.bone.2013.08.002,Bone,Acknowledgments|References|Footnotes,Abstract,5.24,72.25,22.51
Morbid obesity attenuates the skeletal abnormaliti.txt,64035,1753,81.0,^Abstract$,1128.0,^acknowledge?ments?$,2521,43779,17736,116,544,584,False,10.1530/JOE-14-0224,J Endocrinol,Acknowledgments|Funding|Footnotes,Abstract|Introduction|Methods|Results|Discussion,3.94,68.37,27.7
Hypothalamic leptin gene therapy reduces body weig.txt,69362,1589,137.0,^Abstract$,734.0,^acknowledge?ments?$,3824,39073,26466,159,747,690,False,10.1530/JOE-15-0280,J Endocrinol,Acknowledgments|References|Footnotes,Abstract|Introduction|Results|Discussion,5.51,56.33,38.16
Hypothalamic Leptin Gene Therapy Reduces Bone Marr.txt,50616,1317,87.0,^Abstract$,773.0,^acknowledge?ments?$,3114,33476,14027,94,405,600,True,10.3389/fendo.2016.00110,Front Endocrinol (Lausanne),Acknowledgments|References|Funding|Competing interests|Author contributions,Abstract|Introduction|Methods|Results|Discussion,6.15,66.14,27.71
Room temperature housing results in premature canc.txt,51397,1172,125.0,^Abstract$,754.0,^acknowledge?ments?$,3674,34761,12963,85,318,504,False,10.1007/s00198-016-3634-3,Osteoporos Int,Acknowledgments|References|Competing interests|Supplementary|Footnotes,Abstract|Introduction|Methods|Results|Discussion|Conclusion,7.15,67.63,25.22
Spaceflightinduced vertebral bone loss in ovariect.txt,28809,561,75.0,^Abstract$,277.0,^acknowledge?ments?$,2902,19271,6637,54,213,245,True,10.1038/npjmgrav.2016.16,NPJ Microgravity,Acknowledgments|References|Footnotes,Abstract|Introduction|Methods|Results|Discussion,10.07,66.89,23.04
Role of oestrogen receptor signaling in skeletal r.txt,48126,838,70.0,^Abstract$,459.0,^references$,2377,34838,10912,67,292,414,True,10.3389/fendo.2021.749449,Front Endocrinol (Lausanne),References|Funding|Competing interests|Author contributions|Data availability,Abstract|Introduction|Results|Discussion,4.94,72.39,22.67
Effects of hypothalamic leptin gene therapy on ost.txt,45627,1030,94.0,^Abstract$,574.0,^acknowledge?ments?$,2605,28576,14447,90,394,381,False,10.1530/JOE-17-0524,J Endocrinol,Acknowledgments|References|Funding|Footnotes,Abstract|Introduction|Methods|Results|Discussion,5.71,62.63,31.66
Leptin stimulates bone formation in obob mice at d.txt,60056,1789,86.0,^Abstract$,1304.0,^acknowledge?ments?$,2396,42158,15503,97,418,559,False,10.1530/JOE-16-0484,J Endocrinol,Acknowledgments|References|Funding|Footnotes,Abstract|Introduction|Methods|Results|Discussion,3.99,70.2,25.81
Bone Marrow Adipose Tissue Deficiency Increases Di.txt,49745,1267,73.0,^Abstract$,583.0,^acknowledge?ments?$,2484,32480,14782,103,469,543,True,10.1038/srep46325,Sci Rep,Acknowledgments|References|Author contributions|Supplementary|Footnotes,Abstract|Methods|Results|Discussion,4.99,65.29,29.72
Metabolic Coupling Between Bone Marrow Adipose Tis.txt,51886,1246,140.0,^Abstract$,814.0,^acknowledge?ments?$,3474,33792,14621,82,304,536,True,10.3390/metabo12121205,Metabolites,Acknowledgments|References|Funding|Author contributions|Data availability|Supplementary|Footnotes,Abstract,6.7,65.13,28.18
Maintenance of near normal bone mass and architect.txt,64678,1449,131.0,^Abstract$,995.0,^acknowledge?ments?$,3286,51448,9945,83,305,556,False,10.1667/RR15164.1,Radiat Res,Acknowledgments|References,Abstract|Introduction|Methods|Results|Discussion,5.08,79.54,15.38
Effect of leptin deficiency on the skeletal respon.txt,60895,1596,74.0,^Abstract$,805.0,^acknowledge?ments?$,2836,37990,20070,131,602,794,True,10.1038/s41598-019-45587-0,Sci Rep,Acknowledgments|References|Competing interests|Author contributions|Data availability|Supplementary|Footnotes,Abstract|Introduction|Methods|Results|Discussion,4.66,62.39,32.96
Thermoneutral housing attenuates premature cancell.txt,53880,1433,126.0,^Abstract$,741.0,^references$,3556,36535,13790,105,412,614,True,10.1530/EC-19-0359,Endocr Connect,References|Funding,Abstract|Introduction|Methods|Results|Discussion,6.6,67.81,25.59
Effects of Spaceflight on Cancellous and Cortical .txt,37519,701,81.0,^Abstract$,372.0,^references$,2511,24387,10622,66,286,280,True,10.1016/j.bonr.2021.100755,Bone Rep,References|Footnotes,Abstract,6.69,65.0,28.31
Evidence for increased thermogenesis in female C57.txt,22581,1058,56.0,^Abstract$,742.0,^acknowledge?ments?$,2291,12712,7579,61,229,437,True,10.1038/s41526-021-00150-y,NPJ Microgravity,Acknowledgments|References|Competing interests|Author contributions|Data availability|Supplementary|Footnotes,Abstract|Methods,10.15,56.3,33.56
Leptin and environmental temperature as determinan.txt,65644,1303,91.0,^Abstract$,561.0,^references$,3352,42147,20146,140,586,701,True,10.3389/fendo.2022.959743,Front Endocrinol (Lausanne),References|Funding|Competing interests|Author contributions|Data availability|Supplementary,Abstract|Introduction|Methods|Results|Discussion,5.11,64.21,30.69
Small changes in thermoregulation influence cancel.txt,42963,677,90.0,^Abstract$,438.0,^acknowledge?ments?$,2683,33809,6472,64,202,215,True,10.1016/j.bonr.2023.101675,Bone Rep,Acknowledgments|References|Data availability,Abstract,6.24,78.69,15.06
Bone Marrow Adipose Tissue Is Not Required for Rec.txt,54769,1532,123.0,^Abstract$,1014.0,^references$,3486,37011,14273,103,409,697,True,10.3390/ijms25041980,Int J Mol Sci,References|Funding|Author contributions|Data availability|Footnotes,Abstract,6.36,67.58,26.06
Simulated Microgravity Promotes Horizontal Gene Tr.txt,35788,1002,79.0,^Abstract$,608.0,^references$,2382,22874,10533,76,301,440,True,10.3390/life11090960,Life (Basel),References|Funding|Author contributions|Data availability|Supplementary|Footnotes,Abstract,6.66,63.92,29.43
Understanding the Complexities and Changes of the .txt,249776,6534,78.0,^Abstract$,,,2293,247484,0,733,3651,3648,True,10.3390/life12040495,Life (Basel),Acknowledgments|References|Funding|Author contributions|Data availability|Footnotes,Abstract|Methods,0.92,99.08,0.0
Toward sustainable space exploration a roadmap for.txt,73476,1479,189.0,^Abstract$,634.0,^acknowledge?ments?$,5091,44161,24225,126,529,807,True,10.1038/s41467-023-37070-2,Nat Commun,Acknowledgments|References|Competing interests|Author contributions|Footnotes|Contributor Information,Abstract|Introduction|Conclusion,6.93,60.1,32.97
Roll maneuvers are essential for active reorientat.txt,66992,2630,90.0,^Abstract$,2081.0,^acknowledge?ments?$,3025,50781,13187,114,402,1621,True,10.1073/pnas.1706754115,Proc Natl Acad Sci U S A,Acknowledgments|References|Supplementary|Footnotes,Abstract|Methods|Discussion,4.52,75.8,19.68
Microfluidic Device for Studying Nematodes.txt,49564,1041,85.0,^Abstract$,644.0,^acknowledge?ments?$,2499,35181,11885,69,237,464,True,10.1371/journal.pone.0318143,PLoS One,Acknowledgments|References|Funding|Competing interests|Data availability|Supplementary,Abstract|Introduction|Methods|Conclusion,5.04,70.98,23.98
NemaFlex A microfluidicsbased technology for stand.txt,68632,1720,94.0,^Abstract$,1210.0,^acknowledge?ments?$,2302,55756,10575,102,368,748,False,10.1039/c8lc00103k,Lab Chip,Acknowledgments|References|Author contributions|Supplementary|Footnotes,Abstract,3.35,81.24,15.41
Swim exercise in Caenorhabditis elegans extends ne.txt,73858,1813,109.0,^Abstract$,1074.0,^acknowledge?ments?$,3687,54594,15578,129,521,739,True,10.1073/pnas.1909210116,Proc Natl Acad Sci U S A,Acknowledgments|References|Supplementary|Footnotes,Abstract|Methods|Results|Discussion,4.99,73.92,21.09
Molecular muscle experiment Hardware and operation.txt,46355,996,138.0,^Abstract$,689.0,^acknowledge?ments?$,3974,33596,8786,73,220,313,True,10.1089/ast.2019.2181,Astrobiology,Acknowledgments|References,Abstract,8.57,72.48,18.95
Tart Cherry Increases Lifespan in Caenorhabditis e.txt,61873,1754,74.0,^Abstract$,899.0,^acknowledge?ments?$,2452,33656,25766,143,662,861,True,10.3390/nu12051482,Nutrients,Acknowledgments|References|Funding|Author contributions|Supplementary,Abstract,3.96,54.4,41.64
A region of UNC89 obscurin lying between two prote.txt,74834,1661,100.0,^Abstract$,901.0,^acknowledge?ments?$,2464,51737,20634,139,538,595,False,10.1016/j.jmb.2020.06.024,J Mol Biol,Acknowledgments|References|Supplementary|Footnotes,Abstract|Introduction|Methods|Results|Discussion,3.29,69.14,27.57
NemaLife chip a micropillarbased microfluidic cult.txt,91472,1934,105.0,^Abstract$,1049.0,^acknowledge?ments?$,3294,66179,22000,157,675,912,True,10.1038/s41598-020-73002-6,Sci Rep,Acknowledgments|References|Competing interests|Author contributions|Supplementary|Footnotes,Abstract|Introduction|Conclusion,3.6,72.35,24.05
Spaceflight affects neuronal morphology and alters.txt,76757,1432,111.0,^PMC Copyright notice$,834.0,^acknowledge?ments?$,3294,53075,20389,123,491,507,True,10.1016/j.isci.2021.102105,iScience,Acknowledgments|References|Author contributions|Data availability|Supplementary|Footnotes,Introduction|Methods|Results|Discussion,4.29,69.15,26.56
Microfluidicsintegrated spaceflight hardware for m.txt,74690,1390,118.0,^Abstract$,743.0,^acknowledge?ments?$,3365,53736,17590,121,482,661,True,10.1038/s41526-022-00241-4,NPJ Microgravity,Acknowledgments|References|Competing interests|Author contributions|Data availability|Supplementary|Footnotes,Abstract|Introduction|Methods|Results|Discussion,4.51,71.95,23.55
A Compact Imaging Platform for Conducting C elegan.txt,53884,1264,65.0,^Abstract$,639.0,^references$,1375,35091,17419,119,495,617,True,10.3390/life13010200,Life (Basel),References|Funding|Author contributions|Data availability|Footnotes,Abstract,2.55,65.12,32.33
Mitochondrial sulfide promotes life span and healt.txt,87565,2949,210.0,^Abstract$,1866.0,^acknowledge?ments?$,6193,58330,23043,189,757,1356,True,10.1073/pnas.2216141120,Proc Natl Acad Sci U S A,Acknowledgments|References|Competing interests|Author contributions|Data availability|Supplementary|Footnotes|Contributor Information,Abstract|Methods|Results|Discussion,7.07,66.61,26.32
Bisphosphonates attenuate agerelated muscle declin.txt,50059,1200,108.0,^Abstract$,725.0,^acknowledge?ments?$,3779,34524,11757,84,304,474,True,10.1002/jcsm.13335,J Cachexia Sarcopenia Muscle,Acknowledgments|References|Competing interests|Supplementary,Abstract|Introduction|Methods|Results|Discussion|Conclusion,7.55,68.97,23.49
Spaceflight Induces Strength Decline in Caenorhabd.txt,94745,2499,238.0,^Abstract$,1176.0,^acknowledge?ments?$,8120,46061,40565,247,1038,1307,True,10.3390/cells12202470,Cells,Acknowledgments|References|Funding|Author contributions|Data availability|Supplementary|Footnotes,Abstract,8.57,48.62,42.81
Metabolic model predictions enable targeted microb.txt,88505,2100,257.0,^Abstract$,1174.0,^acknowledge?ments?$,8478,55095,24933,156,619,932,True,10.1128/spectrum.01144-23,Microbiol Spectr,Acknowledgments|References|Data availability|Supplementary|Contributor Information,Abstract|Introduction|Methods|Results|Discussion,9.58,62.25,28.17
Identification and characterization of a skin micr.txt,74947,1763,124.0,^Abstract$,1013.0,^acknowledge?ments?$,4447,49322,21179,130,521,673,True,10.1128/spectrum.00169-24,Microbiol Spectr,Acknowledgments|References|Data availability|Supplementary|Contributor Information,Abstract|Introduction|Methods|Results|Discussion,5.93,65.81,28.26
Protein kinase 2 of the giant sarcomeric protein U.txt,94718,2299,136.0,^Abstract$,1170.0,^acknowledge?ments?$,3744,68737,22238,167,675,986,True,10.1038/s42003-024-07042-3,Commun Biol,Acknowledgments|References|Competing interests|Author contributions|Data availability|Supplementary|Footnotes,Abstract|Introduction|Methods|Results|Discussion,3.95,72.57,23.48
New perspectives on viable microbial communities i.txt,65294,1599,86.0,^Abstract$,1051.0,^acknowledge?ments?$,2437,45264,17594,112,467,738,True,10.1038/ismej.2012.114,ISME J,Acknowledgments|References|Supplementary|Footnotes,Abstract|Introduction|Methods|Results|Discussion,3.73,69.32,26.95
Microbial existence in controlled habitats and the.txt,53588,1195,210.0,^Abstract$,665.0,^acknowledge?ments?$,5653,33656,14280,105,371,521,True,10.1371/journal.pone.0288290,PLoS One,Acknowledgments|References|Funding|Competing interests|Data availability|Supplementary,Abstract|Introduction|Methods|Results|Discussion,10.55,62.81,26.65
Microbiomes of the dust particles collected from t.txt,91656,1825,126.0,^Abstract$,1036.0,^acknowledge?ments?$,3474,64255,23928,143,585,872,True,10.1186/s40168-015-0116-3,Microbiome,Acknowledgments|References|Competing interests|Footnotes,Abstract|Methods|Results|Discussion|Conclusion,3.79,70.1,26.11
Draft genome sequences of two Aspergillus fumigatu.txt,10706,245,55.0,^Copyright and License information$,130.0,^acknowledge?ments?$,1446,4971,4290,26,58,88,True,10.1128/genomeA.00553-16,Genome Announc,Acknowledgments|References|Footnotes,Abstract,13.51,46.43,40.07
Characterization of Aspergillus fumigatus isolates.txt,62686,1906,90.0,^Abstract$,807.0,^acknowledge?ments?$,3572,31102,28013,158,723,708,False,10.1016/j.fgb.2019.01.001,Fungal Genet Biol,Acknowledgments|References|Competing interests|Author contributions|Supplementary|Footnotes,Abstract,5.7,49.62,44.69
Draft genome sequences of biosafety level 2 opport.txt,12349,589,77.0,^Abstract$,398.0,^acknowledge?ments?$,1845,6250,4255,31,82,155,True,10.1128/genomeA.01263-16,Genome Announc,Acknowledgments|References|Footnotes,Abstract,14.94,50.61,34.46
Draft Genome Sequences of Several Fungal Strains S.txt,14366,575,87.0,^Abstract$,259.0,^acknowledge?ments?$,2470,5052,6845,44,161,223,True,10.1128/genomeA.01602-16,Genome Announc,Acknowledgments|References|Footnotes,Abstract,17.19,35.17,47.65
Human presence impacts fungal diversity of inflate.txt,87038,2407,83.0,^Abstract$,1472.0,^acknowledge?ments?$,2712,51362,32965,152,650,1118,True,10.1186/s40168-017-0280-8,Microbiome,Acknowledgments|References|Funding|Competing interests|Data availability|Supplementary|Footnotes,Abstract|Methods|Results|Discussion|Conclusion,3.12,59.01,37.87
Whole metagenome profiles of particulates collecte.txt,4084,122,,,,,0,4085,0,17,7,38,True,10.1186/s40168-017-0330-2,Microbiome,Footnotes,,0.0,100.02,0.0
Microbial Characteristics of ISS Environmental Sur.txt,66154,1548,108.0,^Abstract$,774.0,^acknowledge?ments?$,3764,40811,21580,125,525,751,True,10.1038/s41522-021-00240-5,NPJ Biofilms Microbiomes,Acknowledgments|References|Competing interests|Author contributions|Data availability|Supplementary|Footnotes,Abstract|Introduction|Methods|Results|Discussion,5.69,61.69,32.62
Draft Genome Sequences from a Novel Clade of Bacil.txt,14835,496,,,339.0,^acknowledge?ments?$,0,8895,5941,44,82,184,True,10.1128/genomeA.00680-17,Genome Announc,Acknowledgments|References|Footnotes,Abstract,0.0,59.96,40.05
Draft Genome Sequences of Acinetobacter and Bacill.txt,11205,466,65.0,^Abstract$,260.0,^acknowledge?ments?$,1844,4562,4800,35,114,186,True,10.1128/genomeA.01554-17,Genome Announc,Acknowledgments|References|Footnotes,Abstract,16.46,40.71,42.84
KatharoSeq enables highthroughput microbiome analy.txt,72031,1306,182.0,^Abstract$,731.0,^acknowledge?ments?$,5243,51459,15330,92,309,452,True,10.1128/mSystems.00218-17,mSystems,Acknowledgments|References|Data availability|Supplementary,Abstract|Introduction|Methods|Results|Discussion,7.28,71.44,21.28
Draft genome sequence of a clinical isolate of Fus.txt,6339,176,44.0,^Copyright and License information$,117.0,^acknowledge?ments?$,936,3746,1658,17,25,50,True,10.1128/genomeA.00476-18,Genome Announc,Acknowledgments|References|Footnotes,Abstract,14.77,59.09,26.16
Draft Genome Sequence of Solibacillus kalamii Isol.txt,7660,227,61.0,^Abstract$,135.0,^acknowledge?ments?$,1703,3413,2545,18,37,72,True,10.1128/genomeA.00696-17,Genome Announc,Acknowledgments|References|Footnotes,Abstract,22.23,44.56,33.22
Detection of antimicrobial resistance genes associ.txt,80325,1517,112.0,^Abstract$,862.0,^acknowledge?ments?$,3832,53222,23272,123,454,632,True,10.1186/s40168-022-01293-0,Microbiome,Acknowledgments|References|Funding|Competing interests|Data availability|Supplementary|Footnotes,Abstract|Introduction|Methods|Results|Discussion|Conclusion,4.77,66.26,28.97
Draft genome sequences of two Fusarium oxysporum i.txt,9700,300,85.0,^Abstract$,155.0,^acknowledge?ments?$,1902,3851,3948,26,65,101,True,10.1128/genomeA.00326-18,Genome Announc,Acknowledgments|References|Footnotes,Abstract,19.61,39.7,40.7
Characterization of Aspergillus niger Isolated fro.txt,65662,1771,81.0,^Abstract$,1056.0,^acknowledge?ments?$,3237,46871,15555,104,430,474,True,10.3389/fmicb.2020.00931,Front Microbiol,Acknowledgments|References|Competing interests|Author contributions|Data availability|Supplementary,Abstract|Introduction|Methods|Results|Discussion,4.93,71.38,23.69
Multidrug resistant Enterobacter bugandensis speci.txt,59093,1892,99.0,^Abstract$,1295.0,^acknowledge?ments?$,3290,35399,20405,100,407,907,True,10.1186/s12866-018-1325-2,BMC Microbiol,Acknowledgments|References|Funding|Competing interests|Data availability|Supplementary|Contributor Information,Abstract|Methods|Results|Discussion|Conclusion,5.57,59.9,34.53
Succession and persistence of microbial communitie.txt,3351,95,,,,,0,3352,0,14,9,30,True,10.1186/s40168-018-0609-y,Microbiome,,,0.0,100.03,0.0
International Space Station conditions alter genom.txt,78297,2358,148.0,^Abstract$,1531.0,^acknowledge?ments?$,5039,47889,25370,152,640,952,False,10.1007/s00253-018-9525-0,Appl Microbiol Biotechnol,Acknowledgments|References|Competing interests|Data availability|Supplementary|Footnotes,Abstract|Introduction|Methods|Results|Discussion,6.44,61.16,32.4
Proteomic characterization of Aspergillus fumigatu.txt,62686,1906,90.0,^Abstract$,807.0,^acknowledge?ments?$,3572,31102,28013,158,723,708,False,10.1016/j.fgb.2019.01.001,Fungal Genet Biol,Acknowledgments|References|Competing interests|Author contributions|Supplementary|Footnotes,Abstract,5.7,49.62,44.69
Genomic Characterization and Virulence Potential o.txt,82807,2045,122.0,^Abstract$,1005.0,^acknowledge?ments?$,2972,52573,27263,128,533,697,True,10.1128/mSystems.00345-18,mSystems,Acknowledgments|References|Data availability|Supplementary,Abstract|Introduction|Methods|Results|Discussion,3.59,63.49,32.92
Characterization of the total and viable bacterial.txt,114419,2198,167.0,^Abstract$,1117.0,^acknowledge?ments?$,4904,74309,35207,184,788,1062,True,10.1186/s40168-019-0666-x,Microbiome,Acknowledgments|References|Funding|Competing interests|Data availability|Supplementary,Abstract|Introduction|Methods|Results|Discussion|Conclusion,4.29,64.94,30.77
Proteomic and Metabolomic Characteristics of Extre.txt,79059,2471,117.0,^Abstract$,1527.0,^acknowledge?ments?$,4259,52027,22774,148,586,676,True,10.3389/fmicb.2019.01013,Front Microbiol,Acknowledgments|References|Competing interests|Author contributions|Supplementary|Footnotes,Abstract|Introduction|Methods|Results|Discussion,5.39,65.81,28.81
MetaMiner A Scalable Peptidogenomics Approach for .txt,71896,1492,319.0,^PMC Copyright notice$,888.0,^acknowledge?ments?$,10819,43759,17319,140,475,592,False,10.1016/j.cels.2019.09.004,Cell Syst,Acknowledgments|References|Author contributions|Data availability|Supplementary|Footnotes,Introduction|Results|Discussion,15.05,60.86,24.09
Draft Genome Sequences of Sphingomonas Species Ass.txt,12972,418,91.0,^Abstract$,209.0,^acknowledge?ments?$,2414,4659,5900,38,114,146,True,10.1128/MRA.00578-20,Microbiol Resour Announc,Acknowledgments|References|Data availability,Abstract,18.61,35.92,45.48
Draft Genome Sequences of Tremellomycetes Strains .txt,12688,399,91.0,^Abstract$,236.0,^acknowledge?ments?$,2401,4944,5344,33,86,124,True,10.1128/MRA.00504-20,Microbiol Resour Announc,Acknowledgments|References|Data availability,Abstract,18.92,38.97,42.12
Draft Genome Sequences of Rhodotorula mucilaginosa.txt,16290,735,125.0,^Abstract$,498.0,^acknowledge?ments?$,3257,7347,5687,43,120,206,True,10.1128/MRA.00570-20,Microbiol Resour Announc,Acknowledgments|References|Data availability,Abstract,19.99,45.1,34.91
Draft Genome Sequences of Enterobacteriales Strain.txt,17060,800,137.0,^Abstract$,610.0,^acknowledge?ments?$,3679,8111,5271,39,98,226,True,10.1128/MRA.00817-20,Microbiol Resour Announc,Acknowledgments|References|Data availability,Abstract,21.57,47.54,30.9
Draft Genome Sequences of Lactobacillales Isolated.txt,16188,680,127.0,^Abstract$,490.0,^acknowledge?ments?$,3577,7426,5186,37,92,181,True,10.1128/MRA.00942-20,Microbiol Resour Announc,Acknowledgments|References|Data availability,Abstract,22.1,45.87,32.04
Draft Genome Sequences of Klebsiella Species Isola.txt,15424,629,127.0,^Abstract$,432.0,^acknowledge?ments?$,3284,6925,5216,39,100,199,True,10.1128/MRA.00923-20,Microbiol Resour Announc,Acknowledgments|References|Data availability,Abstract,21.29,44.9,33.82
Draft Genome Sequences of Bacillaceae Strains Isol.txt,15533,694,114.0,^Abstract$,520.0,^acknowledge?ments?$,3006,7593,4935,36,93,171,True,10.1128/MRA.00701-20,Microbiol Resour Announc,Acknowledgments|References|Data availability,Abstract,19.35,48.88,31.77
Assessing the risk of transfer of microorganisms a.txt,92651,2216,118.0,^Abstract$,1407.0,^acknowledge?ments?$,4065,66383,22204,120,462,802,True,10.3389/fmicb.2020.566412,Front Microbiol,Acknowledgments|References|Competing interests|Author contributions|Data availability|Supplementary,Abstract|Introduction|Methods|Results|Discussion|Conclusion,4.39,71.65,23.97
Methylobacterium ajmalii sp nov isolated from the .txt,62618,2854,92.0,^Abstract$,2241.0,^acknowledge?ments?$,3044,44407,15168,98,371,1329,True,10.3389/fmicb.2021.639396,Front Microbiol,Acknowledgments|References|Competing interests|Author contributions|Data availability|Supplementary,Abstract|Introduction|Methods,4.86,70.92,24.22
Draft Genome Sequences of Aspergillus and Penicill.txt,19386,850,115.0,^Abstract$,622.0,^acknowledge?ments?$,3132,9563,6692,44,131,259,True,10.1128/MRA.01398-20,Microbiol Resour Announc,Acknowledgments|References|Data availability,Abstract,16.16,49.33,34.52
Advances in Space Microbiology.txt,81750,2146,76.0,^Abstract$,,,2225,79526,0,220,1013,745,True,10.1002/ece3.71371,Ecol Evol,Acknowledgments|References|Author contributions|Data availability,Abstract,2.72,97.28,0.0
Effects of simulated microgravity on the proteome .txt,134241,3292,95.0,^Abstract$,1782.0,^acknowledge?ments?$,3647,95721,34874,211,944,954,True,10.3389/fgene.2021.638708,Front Genet,Acknowledgments|References|Competing interests|Author contributions|Data availability|Supplementary,Abstract|Introduction|Methods|Results|Discussion,2.72,71.31,25.98
Draft Genome Sequences of Various Bacterial Phyla .txt,29853,1886,116.0,^Abstract$,1491.0,^acknowledge?ments?$,3247,16934,9673,62,229,480,True,10.1128/MRA.00214-21,Microbiol Resour Announc,Acknowledgments|References|Data availability,Abstract,10.88,56.72,32.4
Evaluating the lettuce metatranscriptome with MinI.txt,67516,1478,88.0,^Abstract$,684.0,^acknowledge?ments?$,2960,43694,20863,129,556,726,True,10.1038/s41526-021-00151-x,NPJ Microgravity,Acknowledgments|References|Competing interests|Author contributions|Data availability|Supplementary|Footnotes,Abstract|Introduction|Methods|Results|Discussion,4.38,64.72,30.9
Investigation of Spaceflight Induced Changes to As.txt,114186,1820,229.0,^Abstract$,885.0,^acknowledge?ments?$,7414,78486,28287,169,718,934,True,10.3390/ijms26073094,Int J Mol Sci,Acknowledgments|References|Funding|Author contributions|Data availability|Supplementary|Footnotes,Abstract,6.49,68.74,24.77
Genomic Characterization of Potential Plant Growth.txt,78581,2153,109.0,^Abstract$,1188.0,^acknowledge?ments?$,2477,51514,24591,142,596,803,True,10.1128/spectrum.01994-21,Microbiol Spectr,Acknowledgments|References|Data availability|Supplementary|Footnotes|Contributor Information,Abstract|Introduction|Methods|Results|Discussion,3.15,65.56,31.29
Genomic Characterization of the Titanlike Cell Pro.txt,90296,2864,129.0,^Abstract$,2019.0,^acknowledge?ments?$,4266,54102,31929,148,679,1558,True,10.3390/jof8020165,J Fungi (Basel),Acknowledgments|References|Funding|Author contributions|Data availability|Supplementary|Footnotes,Abstract,4.72,59.92,35.36
Metabolic modeling of the International Space Stat.txt,82460,2093,93.0,^Abstract$,1412.0,^acknowledge?ments?$,3858,55901,22702,110,437,952,True,10.1186/s40168-022-01279-y,Microbiome,Acknowledgments|References|Funding|Competing interests|Data availability|Supplementary|Footnotes|Contributor Information,Abstract|Methods|Results|Discussion|Conclusion,4.68,67.79,27.53
Microbial Burden Estimation of Food Items Built En.txt,54763,1040,72.0,^Abstract$,602.0,^acknowledge?ments?$,1844,36384,16536,79,303,461,True,10.3390/microorganisms10091714,Microorganisms,Acknowledgments|References|Funding|Author contributions|Data availability|Supplementary|Footnotes,Abstract,3.37,66.44,30.2
Multidrugresistant Acinetobacter pittii is adaptin.txt,71077,1504,111.0,^Abstract$,857.0,^acknowledge?ments?$,3963,43777,23338,107,451,643,True,10.1186/s40168-022-01358-0,Microbiome,Acknowledgments|References|Funding|Competing interests|Data availability|Supplementary|Footnotes|Contributor Information,Abstract|Introduction|Methods|Results|Discussion|Conclusion,5.58,61.59,32.83
Genomic analysis reveals the presence of emerging .txt,65097,1725,119.0,^Abstract$,839.0,^acknowledge?ments?$,4595,37091,23412,134,529,633,True,10.1128/spectrum.01897-23,Microbiol Spectr,Acknowledgments|References|Data availability|Supplementary|Contributor Information,Abstract|Introduction|Methods|Results|Discussion,7.06,56.98,35.96
Phylogenomics phenotypic and functional traits of .txt,111387,3281,141.0,^Abstract$,2309.0,^acknowledge?ments?$,4960,76641,29787,185,715,1481,True,10.1038/s41598-023-44172-w,Sci Rep,Acknowledgments|References|Funding|Competing interests|Author contributions|Data availability|Supplementary|Footnotes|Contributor Information,Abstract|Introduction|Methods|Results|Discussion,4.45,68.81,26.74
Genomic functional and metabolic enhancements in m.txt,81636,1800,96.0,^Abstract$,1073.0,^acknowledge?ments?$,4136,54750,22751,113,511,731,True,10.1186/s40168-024-01777-1,Microbiome,Acknowledgments|References|Funding|Competing interests|Data availability|Supplementary|Footnotes|Contributor Information,Abstract|Introduction|Methods|Results|Discussion|Conclusion,5.07,67.07,27.87
Adaptation to space conditions of novel bacterial .txt,84858,1836,114.0,^Abstract$,933.0,^acknowledge?ments?$,4400,52956,27503,136,608,828,True,10.1186/s40168-024-01916-8,Microbiome,Acknowledgments|References|Funding|Competing interests|Data availability|Supplementary|Footnotes|Contributor Information,Abstract|Introduction|Methods|Results|Discussion|Conclusion,5.19,62.41,32.41
Spatial regulation of a common precursor from two .txt,45165,1305,84.0,^Abstract$,981.0,^acknowledge?ments?$,2943,35043,7180,73,273,498,True,10.1039/c5sc01058f,Chem Sci,Acknowledgments|References|Supplementary|Footnotes,Abstract|Introduction|Methods|Results|Discussion|Conclusion,6.52,77.59,15.9
Recent advances in the genome mining of Aspergillu.txt,102746,4273,93.0,^Abstract$,2781.0,^acknowledge?ments?$,1942,67013,33792,294,1307,1839,True,10.1039/c9md00054b,Medchemcomm,Acknowledgments|References,Abstract,1.89,65.22,32.89
Cortical thinning and structural bone changes in n.txt,45796,881,143.0,^Abstract$,385.0,^acknowledge?ments?$,3690,26185,15922,94,391,488,False,10.1667/RR15007.1,Radiat Res,Acknowledgments|References,Abstract|Introduction|Methods|Results|Discussion|Conclusion,8.06,57.18,34.77
Knee and Hip Joint Cartilage Damage from Combined .txt,45625,984,131.0,^Abstract$,539.0,^acknowledge?ments?$,3809,31507,10310,81,303,470,False,10.1667/RR15216.1,Radiat Res,Acknowledgments|References,Abstract|Introduction|Methods|Results|Discussion|Conclusion,8.35,69.06,22.6
The individual and combined effects of spaceflight.txt,160283,4099,117.0,^Abstract$,,,2887,157397,0,446,2270,2293,False,10.1080/26896583.2021.1885283,J Environ Sci Health C Toxicol Carcinog,Acknowledgments|References,Abstract,1.8,98.2,0.0
Spaceflight and hind limb unloading induces an art.txt,77437,1548,213.0,^Abstract$,937.0,^acknowledge?ments?$,6346,54649,16443,122,467,763,True,10.1038/s41598-021-90010-2,Sci Rep,Acknowledgments|Competing interests|Author contributions|Supplementary|Footnotes,Abstract|Introduction|Methods|Results|Discussion,8.2,70.57,21.23
ŒKlotho decreases after reduced weightbearing from.txt,19506,447,88.0,^Abstract$,246.0,^acknowledge?ments?$,3007,10966,5534,45,140,201,True,10.1038/s41526-022-00203-w,NPJ Microgravity,Acknowledgments|References|Competing interests|Author contributions|Data availability|Supplementary|Footnotes,Abstract|Introduction|Methods,15.42,56.22,28.37
Prolonged exposure to particulate chromate inhibit.txt,42248,586,51.0,^Abstract$,325.0,^acknowledge?ments?$,1940,31088,9221,58,219,218,False,10.1016/j.taap.2017.05.030,Toxicol Appl Pharmacol,Acknowledgments|References|Funding|Competing interests|Footnotes,Abstract|Introduction|Methods|Results|Discussion,4.59,73.58,21.83
Transcriptomics NFŒB Pathway and Their Potential S.txt,61919,1568,98.0,^Abstract$,703.0,^acknowledge?ments?$,2575,34937,24408,140,704,827,True,10.3390/ijms18061166,Int J Mol Sci,Acknowledgments|References,Abstract,4.16,56.42,39.42
Interplay of space radiation and microgravity in D.txt,52777,1050,81.0,^Abstract$,438.0,^acknowledge?ments?$,2288,33198,17292,90,464,561,True,10.1038/s41526-017-0019-7,NPJ Microgravity,Acknowledgments|References|Competing interests|Author contributions,Abstract|Introduction|Conclusion,4.34,62.9,32.76
Synergistic Effects of Weightlessness Isoprotereno.txt,91158,2844,100.0,^Abstract$,1807.0,^references$,3647,57990,29522,180,815,1181,True,10.3390/ijms19113689,Int J Mol Sci,References|Funding|Author contributions,Abstract,4.0,63.61,32.39
Transcriptome and proteome responses in RNAlater p.txt,33420,563,99.0,^Abstract$,319.0,^acknowledge?ments?$,2198,24159,7064,45,141,205,True,10.1371/journal.pone.0175943,PLoS One,Acknowledgments|References|Funding|Competing interests|Data availability|Supplementary,Abstract|Introduction|Methods|Results|Discussion,6.58,72.29,21.14
Spaceflight induces novel regulatory responses in .txt,76309,1677,90.0,^Abstract$,1083.0,^acknowledge?ments?$,3159,54778,18373,109,422,737,True,10.1186/s12870-020-02392-6,BMC Plant Biol,Acknowledgments|References|Funding|Competing interests|Data availability|Supplementary|Footnotes,Abstract|Methods|Results|Discussion|Conclusion,4.14,71.78,24.08
Mitigation and use of biofilms in space for the be.txt,248401,6328,86.0,^Abstract$,2117.0,^acknowledge?ments?$,2844,135816,109742,612,3106,3227,True,10.1038/s41526-023-00285-0,NPJ Microgravity,Acknowledgments|References|Competing interests|Author contributions|Footnotes,Abstract|Introduction,1.14,54.68,44.18
Toward sustainable space exploration A roadmap for.txt,73476,1479,189.0,^Abstract$,634.0,^acknowledge?ments?$,5091,44161,24225,126,529,807,True,10.1038/s41467-023-37070-2,Nat Commun,Acknowledgments|References|Competing interests|Author contributions|Footnotes|Contributor Information,Abstract|Introduction|Conclusion,6.93,60.1,32.97
Longitudinal characterization of multispecies micr.txt,66154,1548,108.0,^Abstract$,774.0,^acknowledge?ments?$,3764,40811,21580,125,525,751,True,10.1038/s41522-021-00240-5,NPJ Biofilms Microbiomes,Acknowledgments|References|Competing interests|Author contributions|Data availability|Supplementary|Footnotes,Abstract|Introduction|Methods|Results|Discussion,5.69,61.69,32.62
Designing a Novel Monitoring Approach for the Effe.txt,52825,2133,66.0,^Abstract$,1603.0,^references$,2096,35232,15498,96,391,821,True,10.3390/life13020576,Life (Basel),References|Funding|Author contributions|Data availability|Supplementary|Footnotes,Abstract,3.97,66.7,29.34
Draft genome sequence of Sphingomonas paucimobilis.txt,15673,519,152.0,^Abstract$,289.0,^acknowledge?ments?$,4860,4820,5994,49,148,200,True,10.1128/MRA.00345-23,Microbiol Resour Announc,Acknowledgments|References|Data availability|Contributor Information,Abstract,31.01,30.75,38.24
Overexpression of CupB5 activates alginate overpro.txt,52637,1270,99.0,^PMC Copyright notice$,874.0,^acknowledge?ments?$,2541,37722,12375,94,345,451,False,10.1111/mmi.12665,Mol Microbiol,Acknowledgments|References|Supplementary,Introduction|Results|Discussion,4.83,71.66,23.51
Burn injuryassociated MHCII immune cell accumulati.txt,44556,1142,127.0,^Abstract$,467.0,^acknowledge?ments?$,2455,28556,13546,103,427,543,True,10.1089/lrb.2017.0032,Lymphat Res Biol,Acknowledgments|References|Supplementary,Abstract|Introduction|Methods|Results|Discussion,5.51,64.09,30.4
CubeSats for microbiology and astrobiology researc.txt,70461,1075,224.0,^Abstract$,471.0,^acknowledge?ments?$,7295,45891,17276,108,392,560,True,10.1038/s41526-023-00292-1,NPJ Microgravity,Acknowledgments|References|Competing interests|Author contributions|Supplementary|Footnotes,Abstract|Introduction,10.35,65.13,24.52
In situ resource utilisation The potential for spa.txt,110291,2574,51.0,^Abstract$,1180.0,^acknowledge?ments?$,1987,62059,46246,242,1157,982,True,10.1007/s00792-021-01253-w,Extremophiles,Acknowledgments|References|Author contributions|Footnotes,Abstract|Introduction|Conclusion,1.8,56.27,41.93
Simulated micro lunar and Martian gravities on Ear.txt,59336,1421,103.0,^Abstract$,948.0,^acknowledge?ments?$,2703,40467,16167,97,303,625,True,10.3390/life12091399,Life (Basel),Acknowledgments|References|Funding|Author contributions|Data availability|Footnotes,Abstract,4.56,68.2,27.25
Biofilm formation of Pseudomonas aeruginosa in spa.txt,83741,1990,77.0,^Abstract$,1000.0,^acknowledge?ments?$,2671,54566,26505,150,647,921,True,10.1038/s41526-023-00316-w,NPJ Microgravity,Acknowledgments|References|Competing interests|Author contributions|Data availability|Supplementary|Footnotes|Contributor Information,Abstract|Introduction|Methods|Results|Discussion,3.19,65.16,31.65
Competitive Growth Assay of Mutagenized Chlamydomo.txt,55266,1198,105.0,^Abstract$,568.0,^acknowledge?ments?$,2953,38067,14247,102,377,418,True,10.3389/fpls.2020.00631,Front Plant Sci,Acknowledgments|References|Competing interests|Author contributions|Data availability|Supplementary,Abstract|Introduction|Methods|Results|Discussion,5.34,68.88,25.78
Spatial Characterization of Microbial Communities .txt,90264,2159,153.0,^Abstract$,1318.0,^acknowledge?ments?$,6844,56744,26677,167,634,1004,True,10.3390/life11101060,Life (Basel),Acknowledgments|References|Funding|Author contributions|Data availability|Supplementary|Footnotes,Abstract,7.58,62.86,29.55
Response of Arabidopsis thaliana and Mizuna mustar.txt,61500,1219,150.0,^Abstract$,810.0,^acknowledge?ments?$,4256,42982,14263,84,279,574,True,10.3390/life12020144,Life (Basel),Acknowledgments|References|Funding|Author contributions|Data availability|Footnotes,Abstract,6.92,69.89,23.19
Editorial Revisiting the limits of plant life  pla.txt,13354,234,,,170.0,^references$,0,11563,1792,25,47,81,True,10.3389/fpls.2023.1267183,editorial,References|Competing interests|Author contributions,,0.0,86.59,13.42
Metagenomic interrogation of urban Superfund site .txt,72049,1434,138.0,^Abstract$,655.0,^acknowledge?ments?$,5190,43935,22925,138,572,494,True,10.1093/jambio/lxaf076,J Appl Microbiol,Acknowledgments|References|Funding|Competing interests|Author contributions|Data availability|Supplementary|Contributor Information,Abstract|Introduction|Methods|Results|Discussion|Conclusion,7.2,60.98,31.82
In situ monitoring of barrier function onchip via .txt,68600,1088,65.0,^Abstract$,508.0,^acknowledge?ments?$,2068,49238,17295,111,466,480,True,10.1039/d4lc01090f,Lab Chip,Acknowledgments|References|Author contributions|Data availability|Supplementary,Abstract|Introduction|Conclusion,3.01,71.78,25.21
37day microgravity exposure in 16week female C57BL.txt,69017,1276,132.0,^Abstract$,505.0,^acknowledge?ments?$,4244,43272,21502,140,597,658,True,10.1371/journal.pone.0317307,PLoS One,Acknowledgments|References|Funding|Competing interests|Data availability,Abstract|Introduction|Methods|Results|Discussion,6.15,62.7,31.15
Effects of Space Flight on Inflammasome Activation.txt,64317,1550,130.0,^Abstract$,516.0,^acknowledge?ments?$,3889,28519,31910,180,787,875,True,10.3390/cells14060417,Cells,Acknowledgments|References|Funding|Author contributions|Data availability|Supplementary|Footnotes,Abstract,6.05,44.34,49.61
Immunization induces inflammation in the mouse hea.txt,66983,1639,66.0,^Abstract$,579.0,^acknowledge?ments?$,2397,40277,24310,165,759,923,True,10.1186/s12864-025-11426-y,BMC Genomics,Acknowledgments|References|Funding|Competing interests|Author contributions|Data availability|Supplementary|Footnotes,Abstract|Methods|Results|Discussion|Conclusion,3.58,60.13,36.29
Analyzing the relationship between gene expression.txt,70661,1231,114.0,^Abstract$,819.0,^acknowledge?ments?$,3217,57393,10052,77,200,431,True,10.1038/s41598-024-81394-y,Sci Rep,Acknowledgments|References|Competing interests|Author contributions|Data availability|Supplementary|Footnotes,Abstract|Introduction|Results|Discussion,4.55,81.22,14.23
Sexspecific cardiovascular adaptations to simulate.txt,81176,2085,177.0,^Abstract$,818.0,^acknowledge?ments?$,5442,50985,24750,178,728,1067,True,10.1038/s41526-024-00450-z,NPJ Microgravity,Acknowledgments|References|Competing interests|Author contributions|Data availability|Supplementary|Footnotes,Abstract|Introduction|Methods|Results|Discussion,6.7,62.81,30.49
NASA open science data repository Open science for.txt,78439,1585,84.0,^Abstract$,566.0,^acknowledge?ments?$,2271,49694,26475,173,712,798,True,10.1093/nar/gkae1116,Nucleic Acids Res,Acknowledgments|References|Funding|Competing interests|Data availability|Contributor Information,Abstract|Introduction,2.9,63.35,33.75
Artificial gravity attenuates the transcriptomic r.txt,64152,1189,153.0,^Abstract$,560.0,^acknowledge?ments?$,5949,37747,20457,118,457,582,True,10.3390/ijms252212041,Int J Mol Sci,Acknowledgments|References|Funding|Author contributions|Data availability|Supplementary|Footnotes,Abstract,9.27,58.84,31.89
Discoveries from human stem cell research in space.txt,62236,1426,40.0,^Abstract$,463.0,^references$,2005,42550,17682,129,590,724,True,10.1038/s41526-024-00425-0,NPJ Microgravity,References|Competing interests|Author contributions|Footnotes,Abstract|Introduction,3.22,68.37,28.41
