file_name,status,chars_before,chars_after,pct_removed,removed_header,removed_backmatter,removed_sections,removed_boilerplate,sections_removed,doi,journal,internal_title,title_similarity,title_mismatch,note
Mice in BionM 1 space mission training and selecti.txt,cleaned,73729,59891,18.77,3728,8157,0,1954,,10.1371/journal.pone.0104830,PLoS One,Mice in Bion-M 1 Space Mission: Training and Selection,1.0,False,
Microgravity induces pelvic bone loss through oste.txt,cleaned,85192,65601,23.0,3057,12706,189,3640,Funding,10.1371/journal.pone.0061372,PLoS One,"Microgravity Induces Pelvic Bone Loss through Osteoclastic Activity, Osteocytic Osteolysis, and Osteoblastic Cell Cycle Inhibition by CDKN1a/p21",1.0,False,
Stem Cell Health and Tissue Regeneration in Microg.txt,excluded_title_mismatch,89177,0,100.0,2309,17730,1525,4020,Author contributions|Data availability|Funding|Footnotes,10.3390/ijms26073058,Int J Mol Sci,Microgravity and Cellular Biology: Insights into Cellular Responses and Implications for Human Health,0.164,True,"título divergente (sim=0.16): metadata diz 'Stem Cell Health and Tissue Regeneration', documento é 'Microgravity and Cellular Biology: Insig'"
Microgravity Reduces the Differentiation and Regen.txt,excluded_title_mismatch,58039,0,100.0,3680,12214,1530,2685,Supplementary|Author contributions|Funding|Data availability|Footnotes,10.3390/cells10030560,Cells,Selective Proliferation of Highly Functional Adipose-Derived Stem Cells in Microgravity Culture with Stirred Microspheres,0.167,True,"título divergente (sim=0.17): metadata diz 'Microgravity Reduces the Differentiation', documento é 'Selective Proliferation of Highly Functi'"
Microgravity validation of a novel system for RNA .txt,cleaned,77555,51511,33.58,12766,11077,0,2202,,10.1371/journal.pone.0183480,PLoS One,Microgravity validation of a novel system for RNA isolation and multiplex quantitative real time PCR analysis of gene expression on the International Space Station,1.0,False,
Spaceflight Modulates the Expression of Key Oxidat.txt,cleaned,70188,42558,39.37,1806,21543,0,4282,,10.3390/ijms22169088,Int J Mol Sci,Spaceflight Modulates the Expression of Key Oxidative Stress and Cell Cycle Related Genes in Heart,1.0,False,
Dose and IonDependent Effects in the Oxidative Str.txt,cleaned,67739,44351,34.53,4676,15729,0,2984,,10.3390/ijms18102117,Int J Mol Sci,Dose- and Ion-Dependent Effects in the Oxidative Stress Response to Space-Like Radiation Exposure in the Skeletal System,1.0,False,
From the bench to exploration medicine NASA life s.txt,cleaned,55238,33916,38.6,2005,16718,0,2600,,10.1038/s41526-016-0002-8,NPJ Microgravity,From the bench to exploration medicine: NASA life sciences translational research for human exploration and habitation missions,1.0,False,
Highprecision method for cyclic loading of smallan.txt,cleaned,46286,30137,34.89,1985,12189,45,1931,Supplementary,10.1016/j.bonr.2018.10.002,Bone Rep,High-precision method for cyclic loading of small-animal vertebrae to assess bone quality,1.0,False,
Effects of ex vivo ionizing radiation on collagen .txt,cleaned,57142,31980,44.03,2629,19076,0,3458,,10.1016/j.bone.2019.115043,Bone,Effects of ex vivo Ionizing Radiation on Collagen Structure and Whole-Bone Mechanical Properties of Mouse Vertebrae,1.0,False,
Absence of gammasarcoglycan alters the response of.txt,cleaned,68628,44852,34.64,2977,16059,1167,3574,Competing interests|Contributor Information,10.1186/2044-5040-4-13,Skelet Muscle,Absence of γ-sarcoglycan alters the response of p70S6 kinase to mechanical perturbation in murine skeletal muscle,0.944,False,
AtRabD2b and AtRabD2c have overlapping functions i.txt,cleaned,58273,43210,25.85,1319,10110,1024,2611,Supplementary|Contributor Information,10.1186/1471-2229-11-25,BMC Plant Biol,5AtRabD2b and AtRabD2c have overlapping functions in pollen development and pollen tube growth,0.989,False,
TNO1 is involved in salt tolerance and vacuolar tr.txt,cleaned,73654,51602,29.94,1759,15912,81,4301,Supplementary,10.1104/pp.110.168963,Plant Physiol,TNO1 Is Involved in Salt Tolerance and Vacuolar Trafficking in Arabidopsis,1.0,False,
Functional redundancy between transGolgi network S.txt,excluded_title_mismatch,48077,0,100.0,2434,12362,0,3229,,10.5511/plantbiotechnology.23.1214a,Plant Biotechnol (Tokyo),Identification of a novel Golgi-localized putative glycosyltransferase protein in Arabidopsis thaliana,0.422,True,"título divergente (sim=0.42): metadata diz 'Functional redundancy between trans-Golg', documento é 'Identification of a novel Golgi-localize'"
Root growth movements Waving and skewing.txt,excluded_title_mismatch,65049,0,100.0,1988,18073,0,3805,,10.1186/s12870-017-1024-4,BMC Plant Biol,"TNO1, a TGN-localized SNARE-interacting protein, modulates root skewing in Arabidopsis thaliana",0.185,True,"título divergente (sim=0.18): metadata diz 'Root growth movements: Waving and skewin', documento é 'TNO1, a TGN-localized SNARE-interacting '"
Gravitropism and lateral root emergence are depend.txt,cleaned,67467,44509,34.03,1799,16588,354,4218,Author contributions|Competing interests,10.3389/fpls.2015.00969,Front Plant Sci,Gravitropism and Lateral Root Emergence are Dependent on the Trans -Golgi Network Protein TNO1,0.989,False,
TNO1 a TGNlocalized SNAREinteracting protein modul.txt,cleaned,65049,41184,36.69,1988,18073,0,3805,,10.1186/s12870-017-1024-4,BMC Plant Biol,"TNO1, a TGN-localized SNARE-interacting protein, modulates root skewing in Arabidopsis thaliana",1.0,False,
The Drosophila SUN protein Spag4 cooperates with t.txt,cleaned,70279,51396,26.87,3020,12670,91,3103,Supplementary,10.1242/jcs.066589,J Cell Sci,The Drosophila SUN protein Spag4 cooperates with the coiled-coil protein Yuri Gagarin to maintain association of the basal body and spermatid nucleus,1.0,False,
Toll mediated infection response is altered by gra.txt,cleaned,59591,37624,36.86,5040,13000,0,3928,,10.1371/journal.pone.0086485,PLoS One,Toll Mediated Infection Response Is Altered by Gravity and Spaceflight in Drosophila,1.0,False,
Multiomics analysis of multiple missions to space .txt,excluded,5447,0,100.0,0,0,0,420,,10.1038/s41598-020-58490-w,Sci Rep,Author Correction: Multi-omics analysis of multiple missions to space reveal a theme of lipid dysregulation in mouse liver,0.8,False,documento não-científico: Author Correction: Multi-omics analysis of multiple missions
GeneLab database analyses suggest longterm impact .txt,cleaned,80316,52543,34.58,1809,21253,0,4712,,10.3390/ijms20030661,Int J Mol Sci,GeneLab Database Analyses Suggest Long-Term Impact of Space Radiation on the Cardiovascular System by the Activation of FYN Through Reactive Oxygen Species,1.0,False,
FAIRness and usability for openaccess omics data s.txt,cleaned,39713,31139,21.59,828,5899,0,1848,,,AMIA Annu Symp Proc,FAIRness and Usability for Open-access Omics Data Systems,1.0,False,
NASA GeneLab platform utilized for biological resp.txt,cleaned,91008,51769,43.12,4375,24121,5314,5430,Supplementary|Author contributions|Funding,10.3390/cancers12020381,Cancers (Basel),NASA GeneLab Platform Utilized for Biological Response to Space Radiation in Animal Models,1.0,False,
Circulating miRNA spaceflight signature reveals ta.txt,cleaned,131426,87643,33.31,10831,19930,7991,5032,Supplementary,10.1016/j.celrep.2020.108448,Cell Rep,Circulating miRNA Spaceflight Signature Reveals Targets for Countermeasure Development,1.0,False,
Machine learning algorithm to characterize antimic.txt,cleaned,61469,24835,59.6,4723,20988,7284,3640,Supplementary|Data availability|Supplementary,10.1186/s40168-022-01332-w,Microbiome,Machine learning algorithm to characterize antimicrobial resistance associated with the International Space Station surface microbiome,1.0,False,
Extraterrestrial Gynecology Could Spaceflight Incr.txt,cleaned,152281,89290,41.36,8757,43104,1725,9406,Author contributions|Data availability|Funding|Footnotes,10.3390/ijms23137465,Int J Mol Sci,Extraterrestrial Gynecology: Could Spaceflight Increase the Risk of Developing Cancer in Female Astronauts? An Updated Review,1.0,False,
Muscle atrophy phenotype gene expression during sp.txt,cleaned,68357,44111,35.47,3354,17347,0,3546,,10.1016/j.isci.2022.105213,iScience,Muscle atrophy phenotype gene expression during spaceflight is linked to a metabolic crosstalk in both the liver and the muscle in mice,1.0,False,
Chromosomal positioning and epigenetic architectur.txt,cleaned,69833,49707,28.82,2718,12288,1728,3393,Supplementary|Author contributions|Funding|Data availability|Competing interests|Footnotes|Supplementary,10.1038/s41598-024-51756-7,Sci Rep,Chromosomal positioning and epigenetic architecture influence DNA methylation patterns triggered by galactic cosmic radiation,1.0,False,
A comprehensive SARSCoV2 and COVID19 review Part 2.txt,cleaned,85125,50204,41.02,10733,19042,0,5147,,10.1038/s41431-023-01462-1,Eur J Hum Genet,"A comprehensive SARS-CoV-2 and COVID-19 review, Part 2: host extracellular to systemic effects of SARS-CoV-2 infection",1.0,False,
Aging and putative frailty biomarkers are altered .txt,cleaned,109038,67124,38.44,10938,24974,224,5779,Supplementary,10.1038/s41598-024-57948-5,Sci Rep,Aging and putative frailty biomarkers are altered by spaceflight,1.0,False,
Space radiation damage rescued by inhibition of ke.txt,cleaned,146235,97819,33.11,11665,29740,327,6685,Supplementary|Supplementary,10.1038/s41467-024-48920-y,Nat Commun,Space radiation damage rescued by inhibition of key spaceflight associated miRNAs,1.0,False,
Ethical considerations for the age of nongovernmen.txt,cleaned,66199,38984,41.11,7314,16904,0,2998,,10.1038/s41467-023-44357-x,Nat Commun,Ethical considerations for the age of non-governmental space exploration,1.0,False,
Innate immune responses of Drosophila melanogaster.txt,excluded_title_mismatch,64591,0,100.0,2583,15526,97,3649,Supplementary|Supplementary,10.1038/s41526-019-0091-2,NPJ Microgravity,Spaceflight and simulated microgravity conditions increase virulence of Serratia marcescens in the Drosophila melanogaster infection model,0.132,True,"título divergente (sim=0.13): metadata diz 'Innate immune responses of Drosophila me', documento é 'Spaceflight and simulated microgravity c'"
Prolonged Exposure to Microgravity Reduces Cardiac.txt,cleaned,72992,53689,26.45,5202,8564,2891,2647,Supplementary,10.1016/j.celrep.2020.108445,Cell Rep,Prolonged Exposure to Microgravity Reduces Cardiac Contractility and Initiates Remodeling in Drosophila,1.0,False,
Regulation of plant gravity sensing and signaling .txt,excluded_title_mismatch,103205,0,100.0,0,0,0,7683,,10.3389/fpls.2021.777119,Front Plant Sci,Bundling up the Role of the Actin Cytoskeleton in Primary Root Growth,0.431,True,"título divergente (sim=0.43): metadata diz 'Regulation of plant gravity sensing and ', documento é 'Bundling up the Role of the Actin Cytosk'"
HLB1 Is a Tetratricopeptide Repeat DomainContainin.txt,cleaned,133013,97364,26.8,2082,26806,81,6681,Supplementary,10.1105/tpc.15.00794,Plant Cell,HLB1 Is a Tetratricopeptide Repeat Domain-Containing Protein That Operates at the Intersection of the Exocytic and Endocytic Pathways at the TGN/EE in Arabidopsis [OPEN],1.0,False,
ERULUS is a plasma membranelocalized receptorlike .txt,cleaned,19129,12634,33.95,1056,4115,0,1325,,10.1105/tpc.18.00316,letter,ERULUS Is a Plasma Membrane-Localized Receptor-Like Kinase That Specifies Root Hair Growth by Maintaining Tip-Focused Cytoplasmic Calcium Oscillations [OPEN],1.0,False,
Brassinosteroids inhibit autotropic root straighte.txt,cleaned,79845,56732,28.95,2734,15895,971,3514,Data availability|Supplementary|Author contributions|Funding|Competing interests,10.3389/fpls.2020.00005,Front Plant Sci,Brassinosteroids Inhibit Autotropic Root Straightening by Modifying Filamentous-Actin Organization and Dynamics,1.0,False,
Cell typespecific imaging of calcium signaling in .txt,cleaned,59141,45552,22.98,1258,8263,1536,2533,Supplementary|Author contributions|Funding,10.3390/ijms21176385,Int J Mol Sci,Cell Type-Specific Imaging of Calcium Signaling in Arabidopsis thaliana Seedling Roots Using GCaMP3,1.0,False,
Spatial and temporal localization of SPIRRIG and W.txt,cleaned,96432,69335,28.1,2899,19182,101,4916,Supplementary,10.1093/plcell/koab115,Plant Cell,Spatial and temporal localization of SPIRRIG and WAVE/SCAR reveal roles for these proteins in actin-mediated root hair development,1.0,False,
Microgravity Stress Bone and Connective Tissue.txt,excluded_title_mismatch,69467,0,100.0,10702,9826,102,2699,Supplementary,10.1038/s41598-024-79315-0,Sci Rep,Impact of microgravity and lunar gravity on murine skeletal and immune systems during space travel,0.382,True,"título divergente (sim=0.38): metadata diz 'Microgravity Stress: Bone and Connective', documento é 'Impact of microgravity and lunar gravity'"
S aureus MscL is a pentamer in vivo but of variabl.txt,cleaned,45205,32442,28.23,2704,8327,0,1733,,10.1371/journal.pbio.1000555,PLoS Biol,S. aureus MscL Is a Pentamer In Vivo but of Variable Stoichiometries In Vitro: Implications for Detergent-Solubilized Membrane Proteins,1.0,False,
Manipulating the permeation of charged compounds t.txt,cleaned,38730,27623,28.68,809,8143,80,2076,Supplementary,10.1096/fj.10-170076,FASEB J,Manipulating the permeation of charged compounds through the MscL nanovalve,1.0,False,
The oligomeric state of the truncated mechanosensi.txt,cleaned,20529,14568,29.04,1370,3409,59,1124,Supplementary,10.1002/pro.686,Protein Sci,The oligomeric state of the truncated mechanosensitive channel of large conductance shows no variance in vivo,1.0,False,
Three routes to modulate the pore size of the MscL.txt,cleaned,44455,31572,28.98,1545,9018,0,2321,,10.1021/nn203703j,ACS Nano,Three Routes to Modulate the Pore Size of the MscL Channel/Nanovalve,1.0,False,
The dynamics of proteinprotein interactions betwee.txt,cleaned,34125,23631,30.75,772,7722,0,2001,,10.4161/chan.20756,Channels (Austin),The dynamics of protein-protein interactions between domains of MscL at the cytoplasmic-lipid interface,1.0,False,
The MscS and MscL families of mechanosensitive cha.txt,cleaned,55488,35370,36.26,850,14826,0,4443,,10.1128/JB.00576-12,J Bacteriol,The MscS and MscL Families of Mechanosensitive Channels Act as Microbial Emergency Release Valves,1.0,False,
Chimeras reveal a single lipidinterface residue th.txt,cleaned,43320,29477,31.96,1073,10307,401,2063,Supplementary,10.1016/j.celrep.2013.01.018,Cell Rep,Chimeras reveal a single lipid-interface residue that controls MscL channel kinetics as well as mechanosensitivity,1.0,False,
Evidence for extensive horizontal gene transfer fr.txt,excluded,1564,0,100.0,0,0,0,258,,10.1073/pnas.1613046113,Proc Natl Acad Sci U S A,"Correction for Boothby et al., Evidence for extensive horizontal gene transfer from the draft genome of a tardigrade Article notes Copyright and License information Issue date 2016 Sep 6. PMC Copyright notice PMCID: PMC5018776  PMID: 27551073 This corrects the article "" Evidence for extensive horizo",0.697,False,"documento não-científico: Correction for Boothby et al., Evidence for extensive horizo"
Reply to Bemm et al and Arakawa Identifying foreig.txt,cleaned,14856,10015,32.59,755,2710,246,1131,Footnotes,10.1073/pnas.1601149113,Proc Natl Acad Sci U S A,Reply to Bemm et al. and Arakawa: Identifying foreign genes in independent Hypsibius dujardini genome assemblies,1.0,False,
Tardigrades Use Intrinsically Disordered Proteins .txt,cleaned,59878,46325,22.63,2694,8739,251,1870,Supplementary|Supplementary,10.1038/s42003-024-06336-w,Commun Biol,Tardigrade secretory proteins protect biological structures from desiccation,0.608,False,
Desiccation of Hypsibius exemplaris.txt,excluded,1910,0,100.0,0,0,0,207,,10.1093/gbe/evaf018,Genome Biol Evol,Correction to: The Evolution of Temperature and Desiccation-Related Protein Families in Tardigrada Reveals a Complex Acquisition of Extremotolerance Article notes Copyright and License information Collection date 2025 Feb. © The Author(s) 2025. Published by Oxford University Press on behalf of Socie,0.32,True,documento não-científico: Correction to: The Evolution of Temperature and Desiccation-
The biology of tardigrade disordered proteins in e.txt,excluded_title_mismatch,58625,0,100.0,4772,15096,0,2426,,10.1247/csf.24035,Cell Struct Funct,Possible roles of CAHS proteins from Tardigrade in osmotic stress tolerance in mammalian cells,0.491,True,"título divergente (sim=0.49): metadata diz 'The biology of tardigrade disordered pro', documento é 'Possible roles of CAHS proteins from Tar'"
Production of reactive oxygen species and involvem.txt,cleaned,66929,43385,35.18,2486,17173,67,3819,Supplementary,10.1038/s41598-022-05734-6,Sci Rep,Production of reactive oxygen species and involvement of bioprotectants during anhydrobiosis in the tardigrade Paramacrobiotus spatialis,1.0,False,
Partial weight suspension A novel murine model for.txt,cleaned,50543,40946,18.99,2012,5977,0,1609,,10.1152/japplphysiol.00014.2009,J Appl Physiol (1985),Partial weight suspension: a novel murine model for investigating adaptation to reduced musculoskeletal loading,1.0,False,
Partial reductions in mechanical loading yield pro.txt,cleaned,51054,39556,22.52,2678,7260,0,1561,,10.1002/jbmr.1814,J Bone Miner Res,"Partial Reductions in Mechanical Loading Yield Proportional Changes in Bone Density, Bone Architecture, and Muscle Mass",1.0,False,
Spaceflight and hind limb unloading induce similar.txt,cleaned,30625,20110,34.33,2205,6657,0,1654,,,J Musculoskelet Neuronal Interact,Spaceflight and hind limb unloading induce similar changes in electrical impedance characteristics of mouse gastrocnemius muscle,1.0,False,
Spaceflight Activates Lipotoxic Pathways in Mouse .txt,excluded_title_mismatch,73036,0,100.0,3496,14979,61,4036,Supplementary,10.1038/s41598-019-55869-2,Sci Rep,Multi-omics analysis of multiple missions to space reveal a theme of lipid dysregulation in mouse liver,0.29,True,"título divergente (sim=0.29): metadata diz 'Spaceflight Activates Lipotoxic Pathways', documento é 'Multi-omics analysis of multiple mission'"
Treatment with a soluble bone morphogenetic protei.txt,cleaned,33086,23456,29.11,3228,4941,0,1462,,10.1002/jbm4.10012,JBMR Plus,Treatment With a Soluble Bone Morphogenetic Protein Type 1A Receptor (BMPR1A) Fusion Protein Increases Bone Mass and Bone Formation in Mice Subjected to Hindlimb Unloading,1.0,False,
RNAseq and RNA molecular barcoding reveal differen.txt,cleaned,32913,16458,50.0,3657,10042,530,2227,Data availability|Funding,10.1371/journal.pone.0250715,PLoS One,RNAseq and RNA molecular barcoding reveal differential gene expression in cortical bone following hindlimb unloading in female mice,1.0,False,
Proteomic and phosphoproteomic characterization of.txt,cleaned,77504,53473,31.01,3635,17722,0,2675,,10.3389/fphys.2024.1248276,Front Physiol,Proteomic and phosphoproteomic characterization of cardiovascular tissues after long term exposure to simulated space radiation,1.0,False,
Adaptive Changes in the Vestibular System of Land .txt,cleaned,94176,73545,21.91,4270,12856,656,2850,Author contributions|Competing interests,10.3389/fncel.2017.00348,Front Cell Neurosci,Adaptive Changes in the Vestibular System of Land Snail to a 30-Day Spaceflight and Readaptation on Return to Earth,1.0,False,
Morphology of the Utricular Otolith Organ in the T.txt,cleaned,100961,71897,28.79,1974,22403,0,4688,,10.1002/cne.24429,J Comp Neurol,"Morphology of the Utricular Otolith Organ in the Toadfish, Opsanus tau",1.0,False,
Influence of Magnitude and Duration of Altered Gra.txt,cleaned,131865,96706,26.66,2198,26494,525,5943,Author contributions|Competing interests,10.3389/fphys.2018.01469,Front Physiol,"Influence of Magnitude and Duration of Altered Gravity and Readaptation to 1 g on the Structure and Function of the Utricle in Toadfish, Opsanus tau",0.989,False,
Organization of the ERGolgi interface for membrane.txt,cleaned,84441,45920,45.62,1034,28595,1764,7129,Acknowledgments|Footnotes|Competing interests,10.1038/nrm3588,Nat Rev Mol Cell Biol,Organization of the ER–Golgi interface for membrane traffic control,1.0,False,
IRE1 ER stress sensor and cell fate executor.txt,cleaned,53748,30823,42.65,1018,17192,0,4716,,10.1016/j.tcb.2013.06.005,Trends Cell Biol,IRE1: ER stress sensor and cell fate executor,1.0,False,
Interregulation of the unfolded protein response a.txt,cleaned,58715,38645,34.18,2223,13825,1239,2784,Supplementary,10.1111/tpj.12373,Plant J,INTER-REGULATION OF THE UNFOLDED PROTEIN RESPONSE AND AUXIN SIGNALING,1.0,False,
Endoplasmic reticulumshape and function in stress .txt,cleaned,13088,7635,41.66,2028,2263,204,959,Competing interests,10.3389/fpls.2014.00425,editorial,Endoplasmic reticulum—shape and function in stress translation,1.0,False,
Galactosedepleted xycoglucan is dysfunctional and .txt,cleaned,72436,46928,35.21,11607,11049,83,2770,Supplementary,10.1104/pp.114.255943,Plant Physiol,Galactose-Depleted Xyloglucan Is Dysfunctional and Leads to Dwarfism in Arabidopsis,0.988,False,
Unfolded protein response in plants one master man.txt,cleaned,41042,20675,49.62,1577,15738,0,3053,,10.1016/j.pbi.2015.05.016,Curr Opin Plant Biol,"Unfolded protein response in plants: one master, many questions",1.0,False,
Vesicles versus Tubes Is Endoplasmic ReticulumGolg.txt,cleaned,87809,61923,29.48,4098,16795,285,4709,Footnotes,10.1104/pp.15.00124,Plant Physiol,Vesicles versus Tubes: Is Endoplasmic Reticulum-Golgi Transport in Plants Fundamentally Different from Other Eukaryotes?,1.0,False,
Pectin methylesterification impacts the relationsh.txt,cleaned,77873,65364,16.06,3955,6873,82,1600,Supplementary,10.1104/pp.16.00173,Plant Physiol,Pectin Methylesterification Impacts the Relationship between Photosynthesis and Plant Growth,1.0,False,
Reduced Chloroplast Coverage genes from Arabidopsi.txt,cleaned,80446,59378,26.19,4381,13091,189,3408,Supplementary,10.1073/pnas.1515741113,Proc Natl Acad Sci U S A,REDUCED CHLOROPLAST COVERAGE genes from Arabidopsis thaliana help to establish the size of the chloroplast compartment,1.0,False,
Maintaining the factory The roles of the unfolded .txt,cleaned,84731,44180,47.86,1615,31850,0,7087,,10.1111/tpj.13449,Plant J,Maintaining the Factory: The Roles of the Unfolded Protein Response in Cellular Homeostasis in Plants,1.0,False,
NADPH oxidase activity is required for ER stress s.txt,cleaned,75483,55691,26.22,1278,14842,0,3673,,10.1111/tpj.14091,Plant J,NADPH Oxidase activity is required for ER stress survival in plants,1.0,False,
Relevance of the Unfolded Protein Response to Spac.txt,cleaned,63369,45607,28.03,1838,11577,1170,3178,Supplementary,10.1089/ast.2020.2313,Astrobiology,Relevance of the Unfolded Protein Response to Spaceflight-Induced Transcriptional Reprogramming in Arabidopsis,1.0,False,
Reanalysis of the Mars500 experiment reveals commo.txt,cleaned,75177,42877,42.97,1712,24889,483,5217,Funding|Author contributions,10.1016/j.csbj.2021.03.040,Comput Struct Biotechnol J,Reanalysis of the Mars500 experiment reveals common gut microbiome alterations in astronauts induced by long-duration confinement,1.0,False,
High atomic weight highenergy radiation HZE induce.txt,excluded,3358,0,100.0,0,0,0,309,,10.3389/fpls.2016.01753,Front Plant Sci,"Corrigendum: High atomic weight, high-energy radiation (HZE) induces transcriptional responses shared with conventional stresses in addition to a core “DSB” response specific to clastogenic treatments",0.867,False,"documento não-científico: Corrigendum: High atomic weight, high-energy radiation (HZE)"
Genomic stability in response to high versus low l.txt,cleaned,42438,27253,35.78,2390,10080,204,2512,Competing interests,10.3389/fpls.2014.00206,Front Plant Sci,Genomic stability in response to high versus low linear energy transfer radiation in Arabidopsis thaliana,1.0,False,
Acceleration profiles and processing methods for p.txt,cleaned,25126,18930,24.66,2503,2819,283,592,Data availability,10.1038/s41526-018-0050-3,NPJ Microgravity,Acceleration profiles and processing methods for parabolic flight,1.0,False,
Cytoskeleton structure and total methylation of mo.txt,cleaned,63869,40131,37.17,2553,17779,0,3407,,10.1371/journal.pone.0192643,PLoS One,Cytoskeleton structure and total methylation of mouse cardiac and lung tissue during space flight,1.0,False,
Toward countering muscle and bone loss with spacef.txt,cleaned,72964,50167,31.24,3940,15695,0,3163,,10.1016/j.isci.2023.107047,iScience,Toward countering muscle and bone loss with spaceflight: GSK3 as a potential target,1.0,False,
Cardiovascular progenitor cells cultured aboard th.txt,cleaned,68630,52166,23.99,2882,10536,399,2648,Data availability,10.1038/s41526-018-0048-x,NPJ Microgravity,Cardiovascular progenitor cells cultured aboard the International Space Station exhibit altered developmental and functional properties,1.0,False,
Interagency perspective Translating advances in bi.txt,cleaned,86994,52999,39.08,2235,24382,1104,6275,Footnotes,10.1016/j.lssr.2022.06.004,Life Sci Space Res (Amst),Inter-agency perspective: Translating advances in biomarker discovery and medical countermeasures development between terrestrial and space radiation environments,1.0,False,
Genomic and functional characterization of Enteroc.txt,cleaned,79747,36993,53.61,2896,20805,14900,4154,Supplementary|Data availability|Author contributions|Competing interests,10.3389/fmicb.2020.515319,Front Microbiol,Genomic and Functional Characterization of Enterococcus faecalis Isolates Recovered From the International Space Station and Their Potential for Pathogenicity,1.0,False,
Evaluation of in vitro macrophage differentiation .txt,cleaned,75685,52797,30.24,1063,18116,121,3589,Supplementary,10.1016/j.asr.2012.02.021,Adv Space Res,Evaluation of in vitro macrophage differentiation during space flight,1.0,False,
Ehrlichia chaffeensis replication sites in adult D.txt,cleaned,54341,38304,29.51,1197,12055,0,2786,,10.1016/j.ijmm.2012.12.002,Int J Med Microbiol,Ehrlichia chaffeensis replication sites in adult Drosophila melanogaster,1.0,False,
Development and characterization of two porcine mo.txt,excluded_title_mismatch,63221,0,100.0,2749,9989,5779,2447,Supplementary|Author contributions|Funding|Data availability|Competing interests|Footnotes|Contributor Information,10.1186/s12985-024-02374-2,Virol J,"Antiviral screening of natural, anti-inflammatory compound library against African swine fever virus",0.24,True,"título divergente (sim=0.24): metadata diz 'Development and characterization of two ', documento é 'Antiviral screening of natural, anti-inf'"
Understanding macrophage differentiation during sp.txt,cleaned,38346,22344,41.73,954,12787,0,2262,,10.2174/18776116112029990011,Recent Pat Space Technol,Understanding macrophage differentiation during space flight: The importance of ground-based experiments before space flight,1.0,False,
Bone marrow leptin signaling mediates obesityassoc.txt,cleaned,33157,20142,39.25,1728,8748,0,2540,,10.1210/en.2013-1607,Endocrinology,Bone Marrow Leptin Signaling Mediates Obesity-Associated Adipose Tissue Inflammation in Male Mice,1.0,False,
Establishment and characterization of DB1 a leptin.txt,cleaned,51553,35232,31.66,1235,12264,0,2823,,10.1007/s10616-015-9843-3,Cytotechnology,Establishment and characterization of DB-1: a leptin receptor-deficient murine macrophage cell line,1.0,False,
Validation of methods to assess the immunoglobulin.txt,cleaned,61780,44505,27.96,1088,13361,0,2827,,,Gravit Space Res,Validation of Methods to Assess the Immunoglobulin Gene Repertoire in Tissues Obtained from Mice on the International Space Station,1.0,False,
Characterization of the naive murine antibody repe.txt,cleaned,67117,42602,36.53,3290,17822,0,3404,,10.1371/journal.pone.0190982,PLoS One,Characterization of the naive murine antibody repertoire using unamplified high-throughput sequencing,1.0,False,
Effects of spaceflight on the immunoglobulin reper.txt,cleaned,80287,52790,34.25,1662,20569,752,4515,Supplementary|Footnotes,10.1016/j.lssr.2017.11.003,Life Sci Space Res (Amst),Effects of spaceflight on the immunoglobulin repertoire of unimmunized C57BL/6 mice,1.0,False,
A comparison of unamplified and massively multiple.txt,cleaned,55390,39289,29.07,1297,11859,87,2859,Supplementary,,FASEB Bioadv,A comparison of unamplified and massively multiplexed PCR amplification for murine antibody repertoire sequencing,1.0,False,
Effects of skeletal unloading on the antibody repe.txt,excluded_title_mismatch,70650,0,100.0,2511,19098,182,3712,Data availability,10.1016/j.omtm.2025.101424,Mol Ther Methods Clin Dev,"Preclinical development of TAK-754, a high-performance AAV8-based vector expressing coagulation factor VIII",0.333,True,"título divergente (sim=0.33): metadata diz 'Effects of skeletal unloading on the ant', documento é 'Preclinical development of TAK-754, a hi'"
Effects of skeletal unloading on the bone marrow a.txt,excluded_title_mismatch,70650,0,100.0,2511,19098,182,3712,Data availability,10.1016/j.omtm.2025.101424,Mol Ther Methods Clin Dev,"Preclinical development of TAK-754, a high-performance AAV8-based vector expressing coagulation factor VIII",0.289,True,"título divergente (sim=0.29): metadata diz 'Effects of skeletal unloading on the bon', documento é 'Preclinical development of TAK-754, a hi'"
An Analysis of the Effects of Spaceflight and Vacc.txt,cleaned,49946,36195,27.53,2048,9227,0,2477,,10.4049/immunohorizons.2100056,Immunohorizons,An Analysis of the Effects of Spaceflight and Vaccination on Antibody Repertoire Diversity,1.0,False,
Effects of spaceflight aboard the International Sp.txt,cleaned,41630,29780,28.47,2614,7262,116,1859,Supplementary,10.1038/s41526-021-00139-7,NPJ Microgravity,Effects of spaceflight aboard the International Space Station on mouse estrous cycle and ovarian gene expression,1.0,False,
Effect of spaceflight on Pseudomonas aeruginosa fi.txt,cleaned,54946,36742,33.13,3989,10565,963,2688,Competing interests|Supplementary|Contributor Information,10.1186/1471-2180-13-241,BMC Microbiol,Effect of spaceflight on Pseudomonas aeruginosa final cell density is modulated by nutrient and oxygen availability,1.0,False,
Spaceflight promotes biofilm formation by Pseudomo.txt,cleaned,48626,32725,32.7,4226,9823,0,1853,,10.1371/journal.pone.0062437,PLoS One,Spaceflight Promotes Biofilm Formation by Pseudomonas aeruginosa,1.0,False,
NASA GeneLab Interfaces for the exploration of spa.txt,cleaned,36657,24494,33.18,1680,8639,95,1750,Data availability,10.1093/nar/gkaa887,Nucleic Acids Res,NASA GeneLab: interfaces for the exploration of space omics data,1.0,False,
Comprehensive multiomics analysis reveals mitochon.txt,cleaned,163647,94696,42.13,8815,44588,7413,8136,Supplementary|Supplementary,10.1016/j.cell.2020.11.002,Cell,Comprehensive Multi-Omics Analysis Reveals Mitochondrial Stress as a Central Biological Hub for Spaceflight Impact,1.0,False,
A New Era for Space Life Science International Sta.txt,cleaned,68400,36290,46.94,5630,22113,0,4368,,10.1016/j.patter.2020.100148,Patterns (N Y),A New Era for Space Life Science: International Standards for Space Omics Processing,1.0,False,
Knowledge Network Embedding of Transcriptomic Data.txt,cleaned,47297,30744,35.0,4122,7921,2453,2058,Supplementary|Author contributions|Funding|Data availability|Footnotes,10.3390/life11010042,Life (Basel),Knowledge Network Embedding of Transcriptomic Data from Spaceflown Mice Uncovers Signs and Symptoms Associated with Terrestrial Diseases,1.0,False,
NASA GeneLab RNASeq Consensus Pipeline Standardize.txt,cleaned,74308,48705,34.46,7808,13921,0,3875,,10.1016/j.isci.2021.102361,iScience,NASA GeneLab RNA-seq consensus pipeline: standardized processing of short-read RNA-seq data,1.0,False,
Spatially resolved multiomics on the neuronal effe.txt,cleaned,90695,56640,37.55,7668,21083,622,4683,Supplementary|Supplementary,10.1038/s41467-024-48916-8,Nat Commun,Spatially resolved multiomics on the neuronal effects induced by spaceflight in mice,1.0,False,
Biological horizons pioneering open science in the.txt,cleaned,9773,6240,36.15,801,1486,604,643,Author contributions|Competing interests|Footnotes,10.1038/s41467-024-48633-2,Nat Commun,Biological horizons: pioneering open science in the cosmos,1.0,False,
Inspiration4 data access through the NASA Open Sci.txt,cleaned,30866,23197,24.85,2319,4314,57,980,Supplementary,10.1038/s41526-024-00393-5,NPJ Microgravity,Inspiration4 data access through the NASA Open Science Data Repository,1.0,False,
NASA GeneLab derived microarray studies of Mus mus.txt,cleaned,69589,45478,34.65,2396,18118,0,3598,,10.1038/s41526-024-00392-6,NPJ Microgravity,NASA GeneLab derived microarray studies of Mus musculus and Homo sapiens organisms in altered gravitational conditions,1.0,False,
Dichotomous effects on lymphatic transport with lo.txt,cleaned,62256,44687,28.22,3346,10524,986,2714,Supplementary,10.1111/apha.13656,Acta Physiol (Oxf),Dichotomous effects on lymphatic transport with loss of caveolae in mice,1.0,False,
Fungal diversity differences in the indoor dust mi.txt,cleaned,50001,30044,39.91,3808,13387,68,2695,Supplementary,10.1038/s41598-024-62191-z,Sci Rep,Fungal diversity differences in the indoor dust microbiome from built environments on earth and in space,1.0,False,
Chronic skeletal unloading of the rat femur mechan.txt,cleaned,43768,30594,30.1,1572,9512,0,2091,,10.1016/j.bone.2013.09.003,Bone,Chronic Skeletal Unloading of the Rat Femur: Mechanisms and Functional Consequences of Vascular Remodeling,1.0,False,
Differential effects of aging and exercise on intr.txt,cleaned,57489,36357,36.76,2713,14382,542,3496,Author contributions,10.1152/japplphysiol.01358.2012,J Appl Physiol (1985),Differential effects of aging and exercise on intra-abdominal adipose arteriolar function and blood flow regulation,1.0,False,
Effects of spaceflight and ground recovery on mese.txt,cleaned,60893,39360,35.36,1654,16677,0,3203,,10.1096/fj.12-218503,FASEB J,Effects of spaceflight and ground recovery on mesenteric artery and vein constrictor properties in mice,1.0,False,
Spaceflightinduced alterations in cerebral artery .txt,cleaned,60343,38541,36.13,2268,16482,0,3053,,10.1096/fj.12-222687,FASEB J,"Spaceflight-induced alterations in cerebral artery vasoconstrictor, mechanical, and structural properties: implications for elevated cerebral perfusion and intracranial pressure",1.0,False,
Exercise training augments regional bone and marro.txt,cleaned,34436,21968,36.21,1490,8969,0,2010,,10.1249/MSS.0000000000000342,Med Sci Sports Exerc,Exercise Training Augments Regional Bone and Marrow Blood Flow during Exercise,1.0,False,
Effects of Skeletal Unloading on the Vasomotor Pro.txt,cleaned,49907,33679,32.52,1922,11150,461,2696,Author contributions,10.1152/japplphysiol.00576.2014,J Appl Physiol (1985),Effects of skeletal unloading on the vasomotor properties of the rat femur principal nutrient artery,1.0,False,
Type 2 diabetes alters bone and marrow blood flow .txt,cleaned,54330,33933,37.54,1913,15268,299,2918,Supplementary,10.1530/JOE-14-0514,J Endocrinol,Type 2 diabetes alters bone and marrow blood flow and vascular control mechanisms in the ZDF rat,1.0,False,
Spaceflight on the BionM1 biosatellite alters cere.txt,cleaned,61998,39283,36.64,3192,15249,716,3559,Author contributions,10.1152/japplphysiol.00976.2014,J Appl Physiol (1985),Spaceflight on the Bion-M1 biosatellite alters cerebral artery vasomotor and mechanical properties in mice,1.0,False,
Apollo Lunar Astronauts Show Higher Cardiovascular.txt,cleaned,50135,37944,24.32,1969,8136,81,2006,Supplementary|Supplementary,10.1038/srep29901,Sci Rep,Apollo Lunar Astronauts Show Higher Cardiovascular Disease Mortality: Possible Deep Space Radiation Effects on the Vascular Endothelium,1.0,False,
Effects of age and exercise training on coronary m.txt,cleaned,55340,36489,34.06,2627,12660,683,2882,Author contributions,10.1152/japplphysiol.00459.2017,J Appl Physiol (1985),Effects of age and exercise training on coronary microvascular smooth muscle phenotype and function,1.0,False,
Impact of Spaceflight and Artificial Gravity on th.txt,cleaned,46503,34128,26.61,4333,6405,0,1638,,10.3390/ijms19092546,Int J Mol Sci,Impact of Spaceflight and Artificial Gravity on the Mouse Retina: Biochemical and Proteomic Analysis,1.0,False,
Simulated microgravity induces regionally distinct.txt,cleaned,51961,35348,31.97,3060,10373,944,2237,Data availability|Author contributions|Competing interests|Footnotes,10.3389/fphys.2020.00675,Front Physiol,Simulated Microgravity Induces Regionally Distinct Neurovascular and Structural Remodeling of Skeletal Muscle and Cutaneous Arteries in the Rat,1.0,False,
Spaceflight decelerates the epigenetic clock orche.txt,cleaned,72500,52693,27.32,3544,13044,100,3120,Supplementary,10.1093/pcmedi/pbab012,Precis Clin Med,Spaceflight decelerates the epigenetic clock orchestrated with a global alteration in DNA methylome and transcriptome in the mouse retina,1.0,False,
Development of otolith receptors in Japanese quail.txt,cleaned,77264,56167,27.31,1403,15989,0,3706,,10.1002/dneu.20787,Dev Neurobiol,DEVELOPMENT OF OTOLITH RECEPTORS IN JAPANESE QUAIL,1.0,False,
Spatial and temporal characteristics of vestibular.txt,cleaned,69197,53643,22.48,1422,11618,0,2515,,10.1016/j.neuroscience.2011.06.070,Neuroscience,Spatial and temporal characteristics of vestibular convergence,1.0,False,
Bone remodeling is regulated by inner ear vestibul.txt,excluded_title_mismatch,47129,0,100.0,3490,7802,367,2222,Supplementary,10.1016/j.bone.2019.05.024,Bone,The Ca V 1.2 L-type calcium channel regulates bone homeostasis in the middle and inner ear,0.324,True,"título divergente (sim=0.32): metadata diz 'Bone remodeling is regulated by inner ea', documento é 'The Ca V 1.2 L-type calcium channel regu'"
Simulated Microgravity Enhances Oligodendrocyte Mi.txt,cleaned,60445,47926,20.71,3925,6877,0,1718,,10.1002/jnr.23958,J Neurosci Res,SIMULATED MICROGRAVITY ENHANCES OLIGODENDROCYTE MITOCHONDRIAL FUNCTION AND LIPID METABOLISM,1.0,False,
Human Neural Stem Cells Flown into Space Prolifera.txt,cleaned,24999,18240,27.04,3115,2704,93,848,Footnotes,10.3390/app9194042,Appl Sci (Basel),Human Neural Stem Cells Flown into Space Proliferate and Generate Young Neurons,1.0,False,
Delayed Maturation of Oligodendrocyte Progenitors .txt,excluded,6655,0,100.0,0,0,0,398,,10.3390/life13102051,Life (Basel),"Correction: Tran et al. Delayed Maturation of Oligodendrocyte Progenitors by Microgravity: Implications for Multiple Sclerosis and Space Flight. Life 2022,",0.756,False,documento não-científico: Correction: Tran et al. Delayed Maturation of Oligodendrocyt
Space Microgravity Alters Neural Stem Cell Divisio.txt,cleaned,59332,42532,28.32,2469,12164,0,2168,,10.3390/ijms232214320,Int J Mol Sci,Space Microgravity Alters Neural Stem Cell Division: Implications for Brain Cancer Research on Earth and in Space,1.0,False,
Oligodendrocyte Progenitors Display Enhanced Proli.txt,cleaned,47857,34492,27.93,2049,9734,0,1583,,10.3390/biom13020201,Biomolecules,Oligodendrocyte Progenitors Display Enhanced Proliferation and Autophagy after Space Flight,1.0,False,
Metabolomics profile of the secretome of spaceflow.txt,cleaned,62235,40608,34.75,2526,16208,0,2894,,10.3390/cells12182249,Cells,Metabolomics Profile of the Secretome of Space-Flown Oligodendrocytes,1.0,False,
Metabolomic profiling of the secretome from human .txt,cleaned,41694,28140,32.51,1621,9830,0,2104,,10.3390/bioengineering11010011,Bioengineering (Basel),Metabolomic Profiling of the Secretome from Human Neural Stem Cells Flown into Space,1.0,False,
Strategies research priorities and challenges for .txt,excluded_title_mismatch,83385,0,100.0,3064,0,19766,4782,Acknowledgments|Author contributions|Competing interests|Footnotes|Contributor Information|References,10.1038/s41526-023-00295-y,NPJ Microgravity,Paving the way to better understand the effects of prolonged spaceflight on operational performance and its neural bases,0.256,True,"título divergente (sim=0.26): metadata diz 'Strategies, research priorities, and cha', documento é 'Paving the way to better understand the '"
Spaceflight Induces Specific Alterations in the Pr.txt,cleaned,61739,40683,34.1,1424,16176,161,3296,Supplementary,10.1089/ast.2014.1210,Astrobiology,Spaceflight Induces Specific Alterations in the Proteomes of Arabidopsis,1.0,False,
The effect of spaceflight on the gravitysensing au.txt,cleaned,51537,38169,25.94,1721,9330,0,2318,,10.1038/npjmgrav.2015.23,NPJ Microgravity,The effect of spaceflight on the gravity-sensing auxin gradient of roots: GFP reporter gene microscopy on orbit,1.0,False,
Skewing in Arabidopsis roots involves disparate en.txt,cleaned,89801,52006,42.09,2376,29336,0,6084,,10.1186/s12870-017-0975-9,BMC Plant Biol,Skewing in Arabidopsis roots involves disparate environmental signaling pathways,1.0,False,
Genetic dissection of the Arabidopsis spaceflight .txt,cleaned,79822,52665,34.02,2561,20978,0,3619,,10.1371/journal.pone.0180186,PLoS One,Genetic dissection of the Arabidopsis spaceflight transcriptome: Are some responses dispensable for the physiological adaptation of plants to spaceflight?,1.0,False,
Phenotypic characterization of an Arabidopsis T DN.txt,cleaned,14655,9514,35.08,1649,2757,0,736,,10.1016/j.dib.2018.03.107,Data Brief,Phenotypic characterization of an Arabidopsis T-DNA insertion line SALK_063500,0.993,False,
Utilization of singleÄêimage normalized difference.txt,cleaned,42639,29690,30.37,2216,9943,0,791,,10.1002/aps3.1186,Appl Plant Sci,Utilization of single‐image normalized difference vegetation index (SI‐NDVI) for early plant stress detection,1.0,False,
Comparing RNASeq and microarray gene expression da.txt,cleaned,56818,42012,26.06,1709,10616,0,2482,,10.1002/aps3.1197,Appl Plant Sci,Comparing RNA‐Seq and microarray gene expression data in two zones of the Arabidopsis root apex relevant to spaceflight,1.0,False,
Spaceflightinduced alternative splicing during see.txt,cleaned,30503,19665,35.53,2759,6208,168,1704,Supplementary,10.1038/s41526-019-0070-7,NPJ Microgravity,Spaceflight-induced alternative splicing during seedling development in Arabidopsis thaliana,1.0,False,
The Plant Health Monitoring System of the EDEN ISS.txt,cleaned,57526,33147,42.38,1961,8189,12848,1382,Supplementary|Data availability|Author contributions|Competing interests,10.3389/fpls.2020.00656,Front Plant Sci,Biomass Production of the EDEN ISS Space Greenhouse in Antarctica During the 2018 Experiment Phase,0.678,False,
Root skewingassociated genes impact the spacefligh.txt,cleaned,129928,88226,32.1,3163,30533,1137,6870,Data availability|Author contributions|Competing interests,10.3389/fpls.2020.00239,Front Plant Sci,Root Skewing-Associated Genes Impact the Spaceflight Response of Arabidopsis thaliana,1.0,False,
Articular cartilage and sternal fibrocartilage res.txt,cleaned,25777,16529,35.88,2220,5560,95,1374,Supplementary|Supplementary,10.1038/s41526-019-0063-6,NPJ Microgravity,Articular cartilage and sternal fibrocartilage respond differently to extended microgravity,1.0,False,
Hostmicrobe interactions in microgravity assessmen.txt,cleaned,59246,29537,50.15,1276,23464,0,4970,,10.3390/life4020250,Life (Basel),Host-Microbe Interactions in Microgravity: Assessment and Implications,1.0,False,
Environmental cues and symbiont microbeassociated .txt,cleaned,59275,38905,34.37,2043,15003,0,3325,,10.1111/cmi.12602,Cell Microbiol,Environmental cues and symbiont microbe-associated molecular patterns function in concert to drive the daily remodelling of the crypt-cell brush border of the Euprymna scolopes light organ,1.0,False,
Symbiotic organs shaped by distinct modes of genom.txt,cleaned,42531,24320,42.82,6926,8704,141,2441,Supplementary,10.1073/pnas.1817322116,Proc Natl Acad Sci U S A,Symbiotic organs shaped by distinct modes of genome evolution in cephalopods,1.0,False,
Modeled microgravity alters lipopolysaccharide and.txt,cleaned,71505,45431,36.46,2481,18719,143,4732,Supplementary|Supplementary,10.1038/s41526-021-00138-8,NPJ Microgravity,Modeled microgravity alters lipopolysaccharide and outer membrane vesicle production of the beneficial symbiont Vibrio fischeri,1.0,False,
Emergence of novel cephalopod gene regulation and .txt,cleaned,71303,44893,37.04,3886,18865,296,3364,Supplementary|Supplementary,10.1038/s41467-022-29694-7,Nat Commun,Emergence of novel cephalopod gene regulation and expression through large-scale genome reorganization,1.0,False,
Modeled microgravity alters apoptotic gene express.txt,cleaned,92095,55516,39.72,2240,19417,10561,4362,Supplementary|Supplementary|Funding|Competing interests|Footnotes,10.1186/s12866-022-02614-x,BMC Microbiol,Modeled microgravity alters apoptotic gene expression and caspase activity in the squid-vibrio symbiosis,1.0,False,
In vitro generation of mechanically functional car.txt,cleaned,52268,30466,41.71,3328,15626,0,2849,,10.1016/j.biomaterials.2009.11.092,Biomaterials,In vitro generation of mechanically functional cartilage grafts based on adult human stem cells and 3D-woven poly(ε-caprolactone) scaffolds,1.0,False,
Chondrogenesis and mineralization during in vitro .txt,cleaned,49060,33120,32.49,3045,10565,0,2331,,10.1089/ten.tea.2010.0190,Tissue Eng Part A,Chondrogenesis and Mineralization During In Vitro Culture of Human Mesenchymal Stem Cells on Three-Dimensional Woven Scaffolds,1.0,False,
Microbiome metadata standards Report of the Nation.txt,excluded,10269,0,100.0,0,0,0,920,,10.1128/mSystems.00273-21,mSystems,"Correction for Vangay et al., “Microbiome Metadata Standards: Report of the National Microbiome Data Collaborative’s Workshop and Follow-On Activities”",0.689,False,"documento não-científico: Correction for Vangay et al., “Microbiome Metadata Standards"
Asparagine biosynthesis as a mechanism of increase.txt,cleaned,65815,51196,22.21,1146,10071,521,2882,Funding|Data availability,10.1016/j.heliyon.2022.e09379,Heliyon,Asparagine biosynthesis as a mechanism of increased host lethality induced by Serratia marcescens in simulated microgravity environments,1.0,False,
Comparative genomic analysis of Cohnella hashimoto.txt,cleaned,84714,53519,36.82,2869,22800,1036,4491,Data availability|Supplementary|Author contributions,10.3389/fmicb.2023.1166013,Front Microbiol,Comparative genomic analysis of Cohnella hashimotonis sp. nov. isolated from the International Space Station,1.0,False,
Biocontrol in built environments to reduce pathoge.txt,cleaned,77547,42842,44.75,4430,24171,0,6105,,10.1093/ismejo/wrad024,ISME J,Biocontrol in built environments to reduce pathogen exposure and infection risk,1.0,False,
Extracellular nucleotides elicit cytosolic free ca.txt,excluded_title_mismatch,17880,0,100.0,1249,7032,0,1781,,10.4161/psb.6.11.17014,Plant Signal Behav,Release of extracellular purines from plant roots and effect on ion fluxes,0.369,True,"título divergente (sim=0.37): metadata diz 'Extracellular nucleotides elicit cytosol', documento é 'Release of extracellular purines from pl'"
Calcium mechanical signaling and tip growth.txt,excluded_title_mismatch,92222,0,100.0,3730,13879,309,3687,Supplementary|Supplementary,10.1038/s41467-025-59047-z,Nat Commun,Mechanosensing antagonizes ethylene signaling to promote root gravitropism in rice,0.416,True,"título divergente (sim=0.42): metadata diz 'Calcium, mechanical signaling, and tip g', documento é 'Mechanosensing antagonizes ethylene sign'"
Gravitropism and mechanical signaling in plants.txt,excluded_title_mismatch,92222,0,100.0,3730,13879,309,3687,Supplementary|Supplementary,10.1038/s41467-025-59047-z,Nat Commun,Mechanosensing antagonizes ethylene signaling to promote root gravitropism in rice,0.248,True,"título divergente (sim=0.25): metadata diz 'Gravitropism and mechanical signaling in', documento é 'Mechanosensing antagonizes ethylene sign'"
Salt stressinduced Ca2 waves are associated with r.txt,cleaned,51285,36003,29.8,2433,10150,87,2613,Supplementary,10.1073/pnas.1319955111,Proc Natl Acad Sci U S A,"Salt stress-induced Ca 2+ waves are associated with rapid, long-distance root-to-shoot signaling in plants",0.989,False,
Gravitropic signaling in plants.txt,excluded_title_mismatch,92222,0,100.0,3730,13879,309,3687,Supplementary|Supplementary,10.1038/s41467-025-59047-z,Nat Commun,Mechanosensing antagonizes ethylene signaling to promote root gravitropism in rice,0.319,True,"título divergente (sim=0.32): metadata diz 'Gravitropic signaling in plants', documento é 'Mechanosensing antagonizes ethylene sign'"
A ROSassisted calcium wave dependent on AtRBOHD an.txt,cleaned,77019,57934,24.78,2864,12759,83,3380,Supplementary,10.1104/pp.16.00215,Plant Physiol,A ROS-Assisted Calcium Wave Dependent on the AtRBOHD NADPH Oxidase and TPC1 Cation Channel Propagates the Systemic Response to Salt Stress,0.711,False,
ROS calcium and electric signals Key mediators of .txt,excluded_title_mismatch,54659,0,100.0,1824,11583,0,3062,,10.1105/tpc.20.00453,Plant Cell,Vascular Bundles Mediate Systemic Reactive Oxygen Signaling during Light Stress [OPEN],0.476,True,"título divergente (sim=0.48): metadata diz 'ROS, calcium and electric signals: Key m', documento é 'Vascular Bundles Mediate Systemic Reacti'"
Realtime In Vivo Recording of Arabidopsis Calcium .txt,cleaned,43136,28260,34.49,2287,9879,0,2711,,10.3791/56142,J Vis Exp,Real-time In Vivo Recording of Arabidopsis Calcium Signals During Insect Feeding Using a Fluorescent Biosensor,1.0,False,
Orchestrating rapid longdistance signaling in plan.txt,cleaned,60878,37984,37.61,1896,16892,0,4107,,10.1111/tpj.13492,Plant J,"Orchestrating rapid long-distance signaling in plants with Ca 2+ , ROS and electrical signals",0.994,False,
Glutamate triggers longdistance calciumbased plant.txt,cleaned,65625,42113,35.83,5810,13397,732,3574,Supplementary|Supplementary,10.1038/s41467-025-57239-1,Nat Commun,"Glutathione triggers leaf-to-leaf, calcium-based plant defense signaling",0.838,False,
Test of Arabidopsis Space Transcriptome A discover.txt,cleaned,90222,55150,38.87,1897,27943,817,4416,Data availability|Author contributions|Funding|Competing interests,10.3389/fpls.2020.00147,Front Plant Sci,Test of Arabidopsis Space Transcriptome: A Discovery Environment to Explore Multiple Plant Biology Spaceflight Experiments,1.0,False,
Tonoplastlocalized Ca2 pumps regulate Ca2 signals .txt,cleaned,64065,44414,30.67,3206,12581,343,3522,Supplementary,10.1073/pnas.2004183117,Proc Natl Acad Sci U S A,Tonoplast-localized Ca 2+ pumps regulate Ca 2+ signals during pattern-triggered immunity in Arabidopsis thaliana,0.978,False,
The fast and the furious Rapid longrange signaling.txt,cleaned,73545,47568,35.32,1556,19360,0,5062,,10.1093/plphys/kiaa098,Plant Physiol,The fast and the furious: rapid long-range signaling in plants,1.0,False,
RadBioApp A discovery environment for biologists t.txt,cleaned,50579,33954,32.87,2401,11738,100,2387,Supplementary,10.1038/s41526-021-00143-x,NPJ Microgravity,Rad-Bio-App: a discovery environment for biologists to explore spaceflight-related radiation exposures,1.0,False,
The vacuolar HCa transporter CAX1 participates in .txt,cleaned,99161,70468,28.94,3433,19736,101,5424,Supplementary,10.1093/plphys/kiac375,Plant Physiol,The vacuolar H + /Ca transporter CAX1 participates in submergence and anoxia stress responses,0.994,False,
Metaanalysis of the space flight and microgravity .txt,cleaned,84517,60184,28.79,4926,15352,343,3713,Supplementary,10.1038/s41526-023-00247-6,NPJ Microgravity,Meta-analysis of the space flight and microgravity response of the Arabidopsis plant transcriptome,1.0,False,
Lowdose ionizing radiation and agerelated changes .txt,cleaned,30380,21357,29.7,1700,5928,0,1396,,10.1155/2012/481983,J Aging Res,"Low-Dose, Ionizing Radiation and Age-Related Changes in Skeletal Microarchitecture",1.0,False,
Ionizing Radiation Stimulates Expression of ProOst.txt,cleaned,45801,31232,31.81,2328,9741,0,2501,,10.1089/jir.2014.0152,J Interferon Cytokine Res,Ionizing Radiation Stimulates Expression of Pro-Osteoclastogenic Genes in Marrow and Skeletal Tissue,1.0,False,
Preservation of Multiple Mammalian Tissues to Maxi.txt,cleaned,39799,27390,31.18,2471,8245,0,1694,,10.1371/journal.pone.0167391,PLoS One,Preservation of Multiple Mammalian Tissues to Maximize Science Return from Ground Based and Spaceflight Experiments,1.0,False,
Hindlimb Unloading Rodent Analog for Microgravity.txt,excluded_title_mismatch,82479,0,100.0,4028,18491,249,3872,Supplementary,10.1007/s00018-024-05572-x,Cell Mol Life Sci,Single-cell RNA sequencing of the carotid artery and femoral artery of rats exposed to hindlimb unloading,0.058,True,"título divergente (sim=0.06): metadata diz 'Hindlimb Unloading: Rodent Analog for Mi', documento é 'Single-cell RNA sequencing of the caroti'"
Redox Signaling and Its Impact on Skeletal and Vas.txt,cleaned,84894,36831,56.62,1105,39524,0,7435,,10.3390/ijms18102153,Int J Mol Sci,Redox Signaling and Its Impact on Skeletal and Vascular Responses to Spaceflight,1.0,False,
Influence of social isolation during prolonged sim.txt,cleaned,86977,51483,40.81,3799,25252,1304,5140,Data availability|Author contributions|Competing interests,10.3389/fphys.2019.01147,Front Physiol,Influence of Social Isolation During Prolonged Simulated Weightlessness by Hindlimb Unloading,1.0,False,
Validation of a new Rodent experimental System to .txt,cleaned,90865,68875,24.2,3011,15349,68,3563,Supplementary,10.1038/s41598-020-58898-4,Sci Rep,Validation of a New Rodent Experimental System to Investigate Consequences of Long Duration Space Habitation,1.0,False,
Skeletal tissue regulation by catalase overexpress.txt,excluded_title_mismatch,65561,0,100.0,2362,14802,0,2892,,10.1113/jphysiol.2014.286740,J Physiol,The role of alterations in mitochondrial dynamics and PGC-1α over-expression in fast muscle atrophy following hindlimb unloading,0.503,True,"título divergente (sim=0.50): metadata diz 'Skeletal tissue regulation by catalase o', documento é 'The role of alterations in mitochondrial'"
Overexpression of catalase in mitochondria mitigat.txt,cleaned,61653,36165,41.34,4146,16864,99,4380,Supplementary|Supplementary,10.1038/s41526-021-00152-w,NPJ Microgravity,Overexpression of catalase in mitochondria mitigates changes in hippocampal cytokine expression following simulated microgravity and isolation,1.0,False,
An extensive allelic series of Drosophila kae1 mut.txt,cleaned,82661,64426,22.06,3496,11415,88,3237,Supplementary,10.1261/rna.053934.115,RNA,An extensive allelic series of Drosophila kae1 mutants reveals diverse and tissue-specific requirements for t6A biogenesis,1.0,False,
Novel Organelles with Elements of Bacterial and Eu.txt,cleaned,93046,45562,51.03,2910,29548,10039,4988,Supplementary,10.1016/j.cub.2017.08.019,Curr Biol,Novel organelles with elements of bacterial and eukaryotic secretion systems weaponize parasites of Drosophila,1.0,False,
A combined computational strategy of sequence and .txt,cleaned,125387,73282,41.56,3351,42452,219,6084,Data availability|Funding,10.1371/journal.pone.0211897,PLoS One,A combined computational strategy of sequence and structural analysis predicts the existence of a functional eicosanoid pathway in Drosophila melanogaster,1.0,False,
Immune suppressive extracellular vesicle proteins .txt,flagged,78444,73481,6.33,0,0,0,4964,,10.1534/g3.119.400349,G3 (Bethesda),Immune Suppressive Extracellular Vesicle Proteins of Leptopilina heterotoma Are Encoded in the Wasp Genome,1.0,False,S1: corte agressivo revertido (restariam 26% do original); apenas R6 aplicado
Spaceflight and simulated microgravity conditions .txt,cleaned,64591,42737,33.83,2583,15526,97,3649,Supplementary|Supplementary,10.1038/s41526-019-0091-2,NPJ Microgravity,Spaceflight and simulated microgravity conditions increase virulence of Serratia marcescens in the Drosophila melanogaster infection model,1.0,False,
A parasitoid wasp of Drosophila employs preemptive.txt,cleaned,81738,44096,46.05,3721,28756,0,5166,,10.1371/journal.ppat.1009615,PLoS Pathog,A parasitoid wasp of Drosophila employs preemptive and reactive strategies to deplete its host’s blood cells,1.0,False,
In Silico Analysis of a Drosophila Parasitoid Veno.txt,cleaned,81960,44164,46.12,2834,29240,0,5723,,10.3390/pathogens12010143,Pathogens,In Silico Analysis of a Drosophila Parasitoid Venom Peptide Reveals Prevalence of the Cation–Polar–Cation Clip Motif in Knottin Proteins,1.0,False,
Drosophila parasitoids go to space Unexpected effe.txt,cleaned,128778,97778,24.07,3700,22572,0,4729,,10.1016/j.isci.2023.108759,iScience,Drosophila parasitoids go to space: Unexpected effects of spaceflight on hosts and their parasitoids,1.0,False,
Simultaneous exposure of cultured human lymphoblas.txt,cleaned,52998,31932,39.75,2429,15690,0,2948,,10.3390/life10090187,Life (Basel),Simultaneous Exposure of Cultured Human Lymphoblastic Cells to Simulated Microgravity and Radiation Increases Chromosome Aberrations,1.0,False,
Genes required for survival in microgravity reveal.txt,cleaned,53590,37787,29.49,3271,9272,1200,2061,Supplementary,10.1155/2015/976458,Biomed Res Int,Genes Required for Survival in Microgravity Revealed by Genome-Wide Yeast Deletion Collections Cultured during Spaceflight,1.0,False,
Physical Forces Modulate Oxidative Status and Stre.txt,cleaned,61502,43225,29.72,3010,12590,0,2678,,10.1007/s12217-017-9588-z,Microgravity Sci Technol,Physical Forces Modulate Oxidative Status and Stress Defense Meditated Metabolic Adaptation of Yeast Colonies: Spaceflight and Microgravity Simulations,1.0,False,
Effects of space flight on mouse liver versus kidn.txt,cleaned,33959,25068,26.18,2109,5619,0,1164,,10.3390/ijms19124106,Int J Mol Sci,Effects of Space Flight on Mouse Liver versus Kidney: Gene Pathway Analyses,1.0,False,
Yeast in Space.txt,excluded_title_mismatch,33744,0,100.0,1575,10717,0,2692,,10.1097/MD.0000000000042125,Medicine (Baltimore),Cryptococcus albidus meningitis: A case report and literature review,0.222,True,"título divergente (sim=0.22): metadata diz 'Yeast in Space', documento é 'Cryptococcus albidus meningitis: A case '"
Endocrine Effects of Space Flight.txt,excluded_title_mismatch,81705,0,100.0,4357,12137,69,2893,Supplementary,10.1038/s41598-025-90212-y,Sci Rep,Behavioral and multiomics analysis of 3D clinostat simulated microgravity effect in mice focusing on the central nervous system,0.325,True,"título divergente (sim=0.33): metadata diz 'Endocrine Effects of Space Flight', documento é 'Behavioral and multiomics analysis of 3D'"
Role of shear stress on renal proximal tubular cel.txt,excluded_title_mismatch,49882,0,100.0,4347,9887,1430,2396,Supplementary|Author contributions|Funding|Footnotes,10.3390/mi13050688,Micromachines (Basel),Three-Dimensional Kidney-on-a-Chip Assessment of Contrast-Induced Kidney Injury: Osmolality and Viscosity,0.25,True,"título divergente (sim=0.25): metadata diz 'Role of shear stress on renal proximal t', documento é 'Three-Dimensional Kidney-on-a-Chip Asses'"
Bone hemodynamic responses to changes in external .txt,excluded_title_mismatch,34687,0,100.0,3512,4483,939,1197,Footnotes,10.1177/19160216241288811,J Otolaryngol Head Neck Surg,"The Effect of Different Concentrations of Epinephrine in Otoendoscopic Surgery on Surgical Field Clarity: A Double-Blind, Randomized Study",0.324,True,"título divergente (sim=0.32): metadata diz 'Bone hemodynamic responses to changes in', documento é 'The Effect of Different Concentrations o'"
Back pain in space and postflight spine injury Mec.txt,excluded_title_mismatch,47078,0,100.0,2891,13298,0,2779,,10.1016/j.spinee.2017.08.261,Spine J,From the international space station to the clinic: how prolonged unloading may disrupt lumbar spine stability,0.225,True,"título divergente (sim=0.23): metadata diz 'Back pain in space and post-flight spine', documento é 'From the international space station to '"
Fifteen days of microgravity causes growth in calv.txt,cleaned,31168,20656,33.73,2436,6817,0,1260,,10.1016/j.bone.2013.06.009,Bone,Fifteen Days Microgravity Causes Growth in Calvaria of Mice,0.975,False,
Altered disc compression in children with idiopath.txt,cleaned,28561,19902,30.32,2331,5162,0,1167,,10.1097/BRS.0000000000000114,Spine (Phila Pa 1976),Altered Disc Compression in Children with Idiopathic Low Back Pain: An Upright MRI Backpack Study,0.9,False,
Spaceflightinduced bone loss alters failure mode a.txt,cleaned,49031,34667,29.3,1252,10842,0,2271,,10.1002/jor.23029,J Orthop Res,Spaceflight-Induced Bone Loss Alters Failure Mode and Reduces Bending Strength in Murine Spinal Segments,1.0,False,
Spaceflightassociated vascular remodeling and gene.txt,cleaned,48792,32153,34.1,2600,11688,0,2352,,10.3389/fphys.2022.893025,Front Physiol,Spaceflight-Associated Vascular Remodeling and Gene Expression in Mouse Calvaria,1.0,False,
Exposure of Mycobacterium marinum to lowshear mode.txt,cleaned,81026,59807,26.19,3709,13609,0,3902,,10.1038/npjmgrav.2016.38,NPJ Microgravity,"Exposure of Mycobacterium marinum to low-shear modeled microgravity: effect on growth, the transcriptome and survival under stress",1.0,False,
Effects of mechanostimulation on gravitropism and .txt,cleaned,35448,22655,36.09,755,9770,0,2269,,10.4161/psb.6.9.16601,Plant Signal Behav,Effects of mechanostimulation on gravitropism and signal persistence in flax roots,1.0,False,
Oxygen dependency of germinating Brassica seeds.txt,excluded_title_mismatch,73772,0,100.0,2430,26506,616,4226,Funding|Data availability,10.1016/j.heliyon.2023.e14403,Heliyon,Amelioration of the physio-biochemical responses to salinity stress and computing the primary germination index components in cauliflower on seed priming,0.263,True,"título divergente (sim=0.26): metadata diz 'Oxygen dependency of germinating Brassic', documento é 'Amelioration of the physio-biochemical r'"
Desiccation mitigates heat stress in the resurrect.txt,cleaned,79582,50404,36.66,1534,22357,882,4406,Data availability|Author contributions|Competing interests|Footnotes|Supplementary,10.3389/fpls.2020.597731,Front Plant Sci,"Desiccation Mitigates Heat Stress in the Resurrection Fern, Pleopeltis polypodioides",1.0,False,
Transcription profile of auxin related genes durin.txt,cleaned,54322,33219,38.85,1225,15457,584,3838,Author contributions|Data availability|Funding|Footnotes,10.3390/plants11091191,Plants (Basel),Transcription Profile of Auxin Related Genes during Positively Gravitropic Hypocotyl Curvature of Brassica rapa,1.0,False,
Highgradient magnetic fields and starch metabolism.txt,cleaned,58518,36329,37.92,2119,16095,143,3833,Supplementary,10.1038/s41598-022-22691-2,Sci Rep,High-gradient magnetic fields and starch metabolism: results from a space experiment,1.0,False,
Lipid rafts and plant gravisensitivity.txt,cleaned,66866,28738,57.02,1246,30076,561,6246,Author contributions|Data availability|Funding|Footnotes,10.3390/life12111809,Life (Basel),Lipid Rafts and Plant Gravisensitivity,1.0,False,
Expression and characterization of the bacterial m.txt,excluded_title_mismatch,44542,0,100.0,983,11445,88,3231,Supplementary,10.1073/pnas.1213931109,Proc Natl Acad Sci U S A,MscS-Like10 is a stretch-activated ion channel from Arabidopsis thaliana with a preference for anions,0.278,True,"título divergente (sim=0.28): metadata diz 'Expression and characterization of the b', documento é 'MscS-Like10 is a stretch-activated ion c'"
United in Diversity Mechanosensitive Ion Channels .txt,excluded_title_mismatch,167417,0,100.0,2880,75001,0,4715,,10.7554/eLife.33285,eLife,The signaling lipid sphingosine 1-phosphate regulates mechanical pain,0.299,True,"título divergente (sim=0.30): metadata diz 'United in Diversity: Mechanosensitive Io', documento é 'The signaling lipid sphingosine 1-phosph'"
Expressing and Characterizing Mechanosensitive Cha.txt,cleaned,48242,20927,56.62,924,24428,0,1964,,10.1007/978-1-4939-2697-8_13,Methods Mol Biol,Expressing and Characterizing Mechanosensitive Channels in Xenopus Oocytes,1.0,False,
The ongoing search for the molecular basis of plan.txt,cleaned,33066,23130,30.05,1164,7067,0,1706,,10.1085/jgp.201411295,J Gen Physiol,The ongoing search for the molecular basis of plant osmosensing,1.0,False,
Plastid osmotic stress influences cell differentia.txt,cleaned,72189,45478,37.0,1289,20892,0,4531,,10.1242/dev.136234,Development,Plastid osmotic stress influences cell differentiation at the plant shoot apex,1.0,False,
Spaceflightinduced synaptic modifications within h.txt,cleaned,97745,79855,18.3,2534,12105,423,2829,Author contributions,10.1152/jn.00240.2016,J Neurophysiol,Spaceflight-induced synaptic modifications within hair cells of the mammalian utricle,1.0,False,
Effects of angular frequency during clinorotation .txt,cleaned,50774,36266,28.57,1702,10384,0,2423,,10.1038/npjmgrav.2015.7,NPJ Microgravity,Effects of angular frequency during clinorotation on mesenchymal stem cell morphology and migration,1.0,False,
The role of FGF2 and BMP2 in regulation of gene in.txt,cleaned,36410,24465,32.81,1787,7829,552,1778,Competing interests|Contributor Information,10.1186/1749-799X-6-8,J Orthop Surg Res,"The role of FGF-2 and BMP-2 in regulation of gene induction, cell proliferation and mineralization",1.0,False,
Nutritional supplements COX2 and IGF1 expression i.txt,excluded_title_mismatch,49493,0,100.0,3341,12832,0,2197,,10.1007/s10552-010-9684-5,Cancer Causes Control,"Nutritional supplements, COX -",0.462,True,"título divergente (sim=0.46): metadata diz 'Nutritional supplements, COX-2 and IGF-1', documento é 'Nutritional supplements, COX -'"
Hyperoxia inhibits T cell activation in mice.txt,excluded_title_mismatch,82975,0,100.0,2395,15614,1308,4148,Funding,10.1016/j.redox.2024.103370,Redox Biol,Over-activation of iNKT cells aggravate lung injury in bronchopulmonary dysplasia mice,0.31,True,"título divergente (sim=0.31): metadata diz 'Hyperoxia inhibits T cell activation in ', documento é 'Over-activation of iNKT cells aggravate '"
Effects of gravitational mechanical unloading in e.txt,cleaned,49564,33662,32.08,2278,10380,369,2876,Author contributions,10.1038/srep01494,Sci Rep,"Effects of Gravitational Mechanical Unloading in Endothelial Cells: Association between Caveolins, Inflammation and Adhesion Molecules",1.0,False,
n3 Polyunsaturated fatty acids supplementation in .txt,excluded_title_mismatch,53809,0,100.0,4166,11374,159,2647,Supplementary,10.1016/j.jss.2019.01.038,J Surg Res,Fish Oil Increases Specialized Pro-resolving Lipid Mediators in PAD (The OMEGA-PAD II Trial),0.36,True,"título divergente (sim=0.36): metadata diz 'n-3 Polyunsaturated fatty acids suppleme', documento é 'Fish Oil Increases Specialized Pro-resol'"
Molecular mechanisms underlying the enhanced funct.txt,cleaned,59902,39837,33.5,1501,15180,73,3312,Supplementary,10.1016/j.biomaterials.2013.11.063,Biomaterials,Molecular mechanisms underlying the enhanced functions of three-dimensional hepatocyte aggregates,1.0,False,
Spaceflight alters expression of microRNA during T.txt,cleaned,43195,30738,28.84,2297,8389,0,1772,,10.1096/fj.15-277392,FASEB J,Spaceflight alters expression of microRNA during T-cell activation,1.0,False,
Spaceflight impairs antigenspecific tolerance indu.txt,cleaned,67508,55133,18.33,2070,8166,226,1914,Supplementary,10.1096/fj.15-275073,FASEB J,Spaceflight impairs antigen-specific tolerance induction in vivo and increases inflammatory cytokines,1.0,False,
From cellular mechanotransduction to biologically .txt,cleaned,79778,62935,21.11,1502,12553,0,2789,,10.1007/s10439-010-9946-0,Ann Biomed Eng,"From Cellular Mechanotransduction to Biologically Inspired Engineering 2009 Pritzker Award Lecture, BMES Annual Meeting October 10, 2009",1.0,False,
Crewmember microbiome may influence microbial comp.txt,cleaned,75855,47211,37.76,5127,20273,0,3245,,10.1371/journal.pone.0231838,PLoS One,Crewmember microbiome may influence microbial composition of ISS habitable surfaces,1.0,False,
Sierra Nevada sweep Metagenomic measurements of bi.txt,cleaned,59810,42037,29.72,3251,11858,65,2600,Supplementary|Supplementary,10.1038/s41598-020-69188-4,Sci Rep,Sierra Nevada sweep: metagenomic measurements of bioaerosols vertically distributed across the troposphere,1.0,False,
Draft Genome Sequences of Fungi Isolated from the .txt,cleaned,33738,18194,46.07,3060,10126,306,2053,Data availability,10.1128/MRA.00751-21,Microbiol Resour Announc,Draft Genome Sequences of Fungi Isolated from the International Space Station during the Microbial Tracking-2 Experiment,1.0,False,
Microbial tracking2 a metagenomics analysis of bac.txt,cleaned,80325,48292,39.88,3543,20366,4696,3429,Supplementary|Supplementary,10.1186/s40168-022-01293-0,Microbiome,"Microbial Tracking-2, a metagenomics analysis of bacteria and fungi onboard the International Space Station",1.0,False,
Detection of Target Genes for Drug Repurposing to .txt,cleaned,64243,43902,31.66,2216,14959,0,3167,,10.3390/genes13030473,Genes (Basel),Detection of Target Genes for Drug Repurposing to Treat Skeletal Muscle Atrophy in Mice Flown in Spaceflight,1.0,False,
Release of CD36associated cellfree mitochondrial D.txt,cleaned,81034,53917,33.46,3606,18564,407,4541,Supplementary|Supplementary,10.1038/s41467-023-41995-z,Nat Commun,Release of CD36-associated cell-free mitochondrial DNA and RNA as a hallmark of space environment response,1.0,False,
Increasing the number of unloadingreambulation cyc.txt,cleaned,46301,29926,35.37,1478,12526,0,2372,,10.1016/j.actaastro.2012.04.003,Acta Astronaut,Increasing the Number of Unloading/Reambulation Cycles does not Adversely Impact Body Composition and Lumbar Bone Mineral Density but Reduces Tissue Sensitivity,0.989,False,
Bone shaft bending strength index is unaffected by.txt,cleaned,30064,18564,38.25,1279,8493,0,1729,,10.1111/joa.12277,J Anat,Bone shaft bending strength index is unaffected by exercise and unloading in mice,0.994,False,
Focal enhancement of the skeleton to exercise corr.txt,cleaned,47729,32885,31.1,1999,10564,0,2282,,10.1242/jeb.118729,J Exp Biol,Focal enhancement of the skeleton to exercise correlates with responsivity of bone marrow mesenchymal stem cells rather than peak external forces,0.756,False,
Cytoskeletal configuration modulates mechanically .txt,cleaned,60127,41407,31.13,1575,13688,81,3377,Supplementary|Supplementary,10.1038/srep34791,Sci Rep,"Cytoskeletal Configuration Modulates Mechanically Induced Changes in Mesenchymal Stem Cell Osteogenesis, Morphology, and Stiffness",1.0,False,
Genetic and tissue level musclebone interactions d.txt,cleaned,39638,25813,34.88,1473,9671,272,2410,Author contributions,,J Musculoskelet Neuronal Interact,Genetic and tissue level muscle-bone interactions during unloading and reambulation,1.0,False,
Osteocyte apoptosis caused by hindlimb unloading i.txt,cleaned,53704,33912,36.85,2027,14447,0,3319,,10.1002/jbmr.2807,J Bone Miner Res,Osteocyte Apoptosis Caused by Hindlimb Unloading is Required to Trigger Osteocyte RANKL Production and Subsequent Resorption of Cortical and Trabecular Bone in Mice Femurs,1.0,False,
Differential Single Cell Responses of Embryonic St.txt,cleaned,45211,30723,32.05,1923,9866,72,2628,Supplementary,10.1089/scd.2022.0037,Stem Cells Dev,Differential Single Cell Responses of Embryonic Stem Cells Versus Embryoid Bodies to Gravity Mechanostimulation,1.0,False,
Macrophages inhibit Aspergillus fumigatus germinat.txt,cleaned,104169,70862,31.97,3687,25089,0,4532,,10.1371/journal.ppat.1007229,PLoS Pathog,Macrophages inhibit Aspergillus fumigatus germination and neutrophil-mediated fungal killing,1.0,False,
Contributions of spore secondary metabolites to UV.txt,cleaned,60972,33011,45.86,4837,19387,0,3738,,10.1128/mBio.03415-19,mBio,Contributions of Spore Secondary Metabolites to UV-C Protection and Virulence Vary in Different Aspergillus fumigatus Strains,1.0,False,
Regulation of hemocytes in Drosophila requires dap.txt,cleaned,68975,45836,33.55,1681,17273,0,4186,,10.1007/s10528-010-9411-7,Biochem Genet,Regulation of Hemocytes in Drosophila Requires dappled Cytochrome b5,1.0,False,
A novel phototropic response to red light is revea.txt,excluded_title_mismatch,58123,0,100.0,1454,11738,395,2944,Supplementary,10.1007/s00425-016-2581-8,Planta,A novel blue-light phototropic response is revealed in roots of Arabidopsis thaliana in microgravity,0.591,True,"título divergente (sim=0.59): metadata diz 'A novel phototropic response to red ligh', documento é 'A novel blue-light phototropic response '"
Plant cell proliferation and growth are altered by.txt,excluded_title_mismatch,111242,0,100.0,1672,13929,0,3088,,10.1016/j.isci.2022.104687,iScience,Recent transcriptomic studies to elucidate the plant adaptive response to spaceflight and to simulated space environments,0.313,True,"título divergente (sim=0.31): metadata diz 'Plant cell proliferation and growth are ', documento é 'Recent transcriptomic studies to elucida'"
Phototropism of Arabidopsis thaliana in microgravi.txt,excluded_title_mismatch,58123,0,100.0,1454,11738,395,2944,Supplementary,10.1007/s00425-016-2581-8,Planta,A novel blue-light phototropic response is revealed in roots of Arabidopsis thaliana in microgravity,0.467,True,"título divergente (sim=0.47): metadata diz 'Phototropism of Arabidopsis thaliana in ', documento é 'A novel blue-light phototropic response '"
Light and gravity signals synergize in modulating .txt,cleaned,133693,79058,40.87,1761,0,43181,9694,Author contributions|Competing interests|Acknowledgments|References,10.3389/fpls.2014.00563,Front Plant Sci,Light and gravity signals synergize in modulating plant development,1.0,False,
A novel bluelight phototropic response is revealed.txt,cleaned,58123,41593,28.44,1454,11738,395,2944,Supplementary,10.1007/s00425-016-2581-8,Planta,A novel blue-light phototropic response is revealed in roots of Arabidopsis thaliana in microgravity,1.0,False,
Comparative transcriptomics indicate changes in ce.txt,cleaned,81353,58123,28.55,1844,17714,209,3464,Supplementary,10.3732/ajb.1700079,Am J Bot,Comparative transcriptomics indicate changes in cell wall organization and stress response in seedlings during spaceflight,1.0,False,
RNAseq analysis of the response of Arabidopsis tha.txt,cleaned,58109,38304,34.08,2795,12614,1563,2834,Data availability|Author contributions|Funding|Competing interests,10.3389/fpls.2019.01529,Front Plant Sci,RNAseq Analysis of the Response of Arabidopsis thaliana to Fractional Gravity Under Blue-Light Stimulation During Spaceflight,1.0,False,
Comparison of Microgravity Analogs to Spaceflight .txt,cleaned,54724,32040,41.45,2990,15758,608,3329,Author contributions|Funding|Competing interests,10.3389/fpls.2019.01577,Front Plant Sci,Comparison of Microgravity Analogs to Spaceflight in Studies of Plant Growth and Development,1.0,False,
The importance of Earth reference controls in spac.txt,cleaned,57872,38312,33.8,1901,14684,0,2976,,10.1016/j.isci.2020.101686,iScience,The Importance of Earth Reference Controls in Spaceflight -Omics Research: Characterization of Nucleolin Mutants from the Seedling Growth Experiments,0.989,False,
Conducting plant experiments in space and on the M.txt,excluded_title_mismatch,49414,0,100.0,2638,12824,369,2397,Supplementary,10.1038/s41598-023-49680-3,Sci Rep,Effects of altered gravity on growth and morphology in Wolffia globosa implications for bioregenerative life support systems and space-based agriculture,0.224,True,"título divergente (sim=0.22): metadata diz 'Conducting plant experiments in space an', documento é 'Effects of altered gravity on growth and'"
Red light enhances plant adaptation to spaceflight.txt,cleaned,79036,53552,32.24,1385,20302,0,3798,,10.3390/life12101484,Life (Basel),Red Light Enhances Plant Adaptation to Spaceflight and Mars g -Levels,0.993,False,
EUK134 ameliorates nNOSµ translocation and skeleta.txt,cleaned,61192,45224,26.09,2865,9838,473,2793,Author contributions,10.1152/ajpregu.00371.2013,Am J Physiol Regul Integr Comp Physiol,EUK-134 ameliorates nNOSμ translocation and skeletal muscle fiber atrophy during short-term mechanical unloading,1.0,False,
MnSOD Overexpression Reduces Fibrosis and ProApopt.txt,cleaned,50717,46133,9.04,2278,0,0,2307,,10.1093/gerona/glu090,J Gerontol A Biol Sci Med Sci,MnSOD Overexpression Reduces Fibrosis and Pro-Apoptotic Signaling in the Aging Mouse Heart,1.0,False,
Lifelong wheel running exercise and mild caloric r.txt,cleaned,44131,32025,27.43,1811,8608,0,1688,,10.1016/j.exger.2015.06.007,Exp Gerontol,Lifelong Wheel Running Exercise and Mild Caloric Restriction Attenuate Nuclear EndoG in the Aging Plantaris Muscle,1.0,False,
Agerelated alterations in the sarcolemmal environm.txt,cleaned,72729,48184,33.75,1734,19419,0,3393,,10.1016/j.exger.2016.08.006,Exp Gerontol,Age-related alterations in the sarcolemmal environment are attenuated by lifelong caloric restriction and voluntary exercise,1.0,False,
The impact of SRT2104 on skeletal muscle mitochond.txt,cleaned,58078,35683,38.56,4738,12652,1878,3128,Supplementary|Author contributions|Data availability|Funding|Footnotes,10.3390/ijms241311135,Int J Mol Sci,"The Impact of SRT2104 on Skeletal Muscle Mitochondrial Function, Redox Biology, and Loss of Muscle Mass in Hindlimb Unloaded Rats",1.0,False,
Bioreactor development for skeletal muscle hypertr.txt,cleaned,63423,40349,36.38,2340,16665,58,4012,Supplementary,10.1038/s41526-023-00320-0,NPJ Microgravity,Bioreactor development for skeletal muscle hypertrophy and atrophy by manipulating uniaxial cyclic strain: proof of concept,1.0,False,
Genomic and phenotypic characterization of Burkhol.txt,excluded_title_mismatch,81413,0,100.0,2565,18079,2458,4167,Funding,10.1016/j.bioflm.2023.100108,Biofilm,Microbial isolation and characterization from two flex lines from the urine processor assembly onboard the international space station,0.533,True,"título divergente (sim=0.53): metadata diz 'Genomic and phenotypic characterization ', documento é 'Microbial isolation and characterization'"
CAMDLES CFDDEM Simulation of Microbial Communities.txt,flagged,71270,68027,4.55,0,0,0,3244,,10.3390/life12050660,Life (Basel),CAMDLES: CFD-DEM Simulation of Microbial Communities in Spaceflight and Artificial Microgravity,1.0,False,S1: corte agressivo revertido (restariam 14% do original); apenas R6 aplicado
Hardware validation of the Advanced Plant Habitat .txt,cleaned,70876,58168,17.93,2371,7872,938,1528,Data availability|Author contributions|Competing interests,10.3389/fpls.2020.00673,Front Plant Sci,Hardware Validation of the Advanced Plant Habitat on ISS: Canopy Photosynthesis in Reduced Gravity,1.0,False,
Trimeric structure of pinoresinolforming dirigent .txt,cleaned,55785,41559,25.5,2565,9437,0,2225,,10.1074/jbc.M114.611780,J Biol Chem,Trimeric Structure of (+)-Pinoresinol-forming Dirigent Protein at 1.95 Å Resolution with Three Isolated Active Sites *,0.978,False,
New insights into lignification via network and mu.txt,cleaned,97210,73452,24.44,4104,13744,2044,3867,Data availability|Author contributions|Competing interests|Supplementary,10.3389/fpls.2021.664250,Front Plant Sci,New Insights Into Lignification via Network and Multi-Omics Analyses of Arogenate Dehydratase Knock-Out Mutants in Arabidopsis thaliana,1.0,False,
Functional consequences of radiationinduced oxidat.txt,cleaned,64252,47645,25.85,2628,10553,524,2903,Supplementary,10.1089/ars.2012.5134,Antioxid Redox Signal,Functional Consequences of Radiation-Induced Oxidative Stress in Cultured Neural Stem Cells and the Brain Exposed to Charged Particle Irradiation,1.0,False,
Exploration of space to achieve scientific breakth.txt,excluded_title_mismatch,43564,0,100.0,1141,0,13844,2774,Acknowledgments|Funding|Footnotes|Data availability|Author contributions|Competing interests|References|Data availability,10.3389/ti.2025.14565,Transpl Int,The Last Mile in Beta-Cell Replacement Therapy for Type 1 Diabetes: Time to Grow Up,0.234,True,"título divergente (sim=0.23): metadata diz 'Exploration of space to achieve scientif', documento é 'The Last Mile in Beta-Cell Replacement T'"
Network Analysis of Gene Transcriptions of Arabido.txt,cleaned,60225,43742,27.37,2034,11736,0,2714,,10.3390/genes12030337,Genes (Basel),Network Analysis of Gene Transcriptions of Arabidopsis thaliana in Spaceflight Microgravity,1.0,False,
Detection of Genes in Arabidopsis thaliana L Respo.txt,flagged,71648,68494,4.4,0,0,0,3155,,10.3390/genes12060938,Genes (Basel),Detection of Genes in Arabidopsis thaliana L. Responding to DNA Damage from Radiation and Other Stressors in Spaceflight,1.0,False,S1: corte agressivo revertido (restariam 31% do original); apenas R6 aplicado
The Effect of spaceflight on mouse olfactory bulb .txt,cleaned,81910,51845,36.7,2430,21972,510,5154,Author contributions,10.1152/japplphysiol.01174.2013,J Appl Physiol (1985),"The effect of spaceflight on mouse olfactory bulb volume, neurogenesis, and cell death indicates the protective effect of novel environment",1.0,False,
Effects of lowdose rate Œirradiation combined with.txt,cleaned,75538,42563,43.65,5434,24223,0,3319,,10.1371/journal.pone.0180594,PLoS One,"Effects of low-dose rate γ-irradiation combined with simulated microgravity on markers of oxidative stress, DNA methylation potential, and remodeling in the mouse heart",1.0,False,
Characterization of mouse ocular response to a 35d.txt,cleaned,65033,47050,27.65,4647,10500,98,2739,Supplementary,10.1038/s41598-019-44696-0,Sci Rep,Characterization of mouse ocular response to a 35-day spaceflight mission: Evidence of blood-retinal barrier disruption and ocular adaptations,1.0,False,
Mice Exposed to Combined Chronic LowDose Irradiati.txt,cleaned,55404,36677,33.8,3468,12364,0,2896,,10.3390/ijms20174094,Int J Mol Sci,Mice Exposed to Combined Chronic Low-Dose Irradiation and Modeled Microgravity Develop Long-Term Neurological Sequelae,1.0,False,
Spaceflight influences gene expression photorecept.txt,cleaned,64851,42059,35.15,4295,14734,226,3538,Supplementary,10.1038/s41598-019-49453-x,Sci Rep,"Spaceflight influences gene expression, photoreceptor integrity, and oxidative stress-related damage in the murine retina",1.0,False,
Evaluating ocular response in the retina and optic.txt,cleaned,46053,31242,32.16,2148,10650,0,2014,,10.3390/life11080849,Life (Basel),Evaluating Ocular Response in the Retina and Optic Nerve Head after Single and Fractionated High-Energy Protons,1.0,False,
Characterization of gene expression profiles in th.txt,cleaned,70636,43128,38.94,2647,19519,81,5262,Supplementary,10.1038/s41526-022-00217-4,NPJ Microgravity,Characterization of gene expression profiles in the mouse brain after 35 days of spaceflight mission,1.0,False,
A multiomics longitudinal study of the murine reti.txt,cleaned,74888,53274,28.86,2420,15060,112,4023,Supplementary,10.1038/s41598-022-19360-9,Sci Rep,A multi-omics longitudinal study of the murine retinal response to chronic low-dose irradiation and simulated microgravity,1.0,False,
Evidence of spaceflightinduced adverse effects on .txt,cleaned,56224,35534,36.8,1877,15674,0,3140,,10.3390/ijms24087362,Int J Mol Sci,Evidence of Spaceflight-Induced Adverse Effects on Photoreceptors and Retinal Function in the Mouse Eye,1.0,False,
Effects of spaceflight on the brain.txt,excluded_title_mismatch,52278,0,100.0,2641,3850,1268,1463,Author contributions|Funding|Data availability|Competing interests|Footnotes|Contributor Information,10.1007/s00221-025-07090-z,Exp Brain Res,Disturbances in human position sense during alterations in gravity: a parabolic flight experiment,0.272,True,"título divergente (sim=0.27): metadata diz 'Effects of spaceflight on the brain', documento é 'Disturbances in human position sense dur'"
Routine omics collection is a golden opportunity f.txt,cleaned,113328,63697,43.79,5066,37269,0,7297,,10.1016/j.patter.2022.100550,Patterns (N Y),Routine omics collection is a golden opportunity for European human research in space and analog environments,1.0,False,
Spatial omics technologies at multimodal and singl.txt,flagged,82891,76876,7.26,0,0,0,6016,,10.1186/s13059-022-02824-6,Genome Biol,Spatial omics technologies at multimodal and single cell/subcellular level,1.0,False,S1: corte agressivo revertido (restariam 3% do original); apenas R6 aplicado
Genomic characterization and radiation tolerance o.txt,cleaned,122729,65368,46.74,5114,37612,9139,5497,Supplementary|Supplementary,10.1186/s43008-023-00119-4,IMA Fungus,Genomic characterization and radiation tolerance of Naganishia kalamii sp. nov. and Cystobasidium onofrii sp. nov. from Mars 2020 mission assembly facilities,1.0,False,
Genome and clonal hematopoiesis stability contrast.txt,cleaned,90347,56391,37.58,8913,20418,1161,3465,Competing interests|Supplementary,10.1093/pcmedi/pbae007,Precis Clin Med,"Genome and clonal hematopoiesis stability contrasts with immune, cfDNA, mitochondrial, and telomere length changes during short duration spaceflight",1.0,False,
Molecular and physiologic changes in the SpaceX In.txt,cleaned,123607,69004,44.17,16614,17112,16218,4660,Supplementary|Supplementary|Supplementary,10.1038/s41586-024-07648-x,Nature,Molecular and physiological changes in the SpaceX Inspiration4 civilian crew,0.987,False,
Telomeric RNA TERRA increases in response to space.txt,cleaned,95197,58286,38.77,7242,23281,371,6018,Supplementary|Supplementary,10.1038/s42003-024-06014-x,Commun Biol,Telomeric RNA (TERRA) increases in response to spaceflight and high-altitude climbing,1.0,False,
Spatial multiomics of human skin reveals KRAS and .txt,cleaned,84486,53235,36.99,6548,19890,361,4453,Supplementary|Supplementary,10.1038/s41467-024-48625-2,Nat Commun,Spatial multi-omics of human skin reveals KRAS and inflammatory responses to spaceflight,1.0,False,
Longitudinal multiomics analysis of host microbiom.txt,cleaned,105429,68968,34.58,9201,21226,1466,4569,Supplementary|Supplementary,10.1038/s41564-024-01635-8,Nat Microbiol,Longitudinal multi-omics analysis of host microbiome architecture and immune responses during short-term spaceflight,1.0,False,
Spatiotemporal expression and control of haemoglob.txt,cleaned,86040,58809,31.65,5457,17977,129,3669,Supplementary,10.1038/s41467-024-49289-8,Nat Commun,Spatiotemporal expression and control of haemoglobin in space,1.0,False,
Singlecell multiome and immune profiles of the Ins.txt,cleaned,123396,77710,37.02,17026,22741,297,5623,Supplementary|Supplementary,10.1038/s41467-024-49211-2,Nat Commun,"Single-cell multi-ome and immune profiles of the Inspiration4 crew reveal conserved, cell-type, and sex-specific responses to spaceflight",1.0,False,
Singlecell analysis identifies conserved features .txt,cleaned,147739,110223,25.39,7793,23417,932,5375,Supplementary|Supplementary,10.1038/s41467-023-42013-y,Nat Commun,Single-cell analysis identifies conserved features of immune dysfunction in simulated microgravity and spaceflight,1.0,False,
The Space Omics and Medical Atlas SOMA and interna.txt,cleaned,108153,84723,21.66,0,17321,1907,4203,Supplementary|Supplementary,10.1038/s41586-024-07639-y,Nature,The Space Omics and Medical Atlas (SOMA) and international astronaut biobank,1.0,False,
Secretome profiling reveals acute changes in oxida.txt,cleaned,102525,60068,41.41,10810,25537,164,5947,Supplementary|Supplementary,10.1038/s41467-024-48841-w,Nat Commun,"Secretome profiling reveals acute changes in oxidative stress, brain homeostasis, and coagulation following short-duration spaceflight",1.0,False,
Cosmic kidney disease an integrated panomic physio.txt,cleaned,130803,94390,27.84,0,30363,695,5356,Supplementary|Supplementary,10.1038/s41467-024-49212-1,Nat Commun,"Cosmic kidney disease: an integrated pan-omic, physiological and morphological study into spaceflight-induced renal dysfunction",1.0,False,
Spaceflight induces changes in gene expression pro.txt,cleaned,106834,70584,33.93,8241,22205,249,5556,Supplementary,10.1038/s42003-023-05213-2,Commun Biol,Spaceflight induces changes in gene expression profiles linked to insulin and estrogen,1.0,False,
Protective alleles and precision healthcare in cre.txt,cleaned,95545,51359,46.25,6907,30196,285,6799,Supplementary,10.1038/s41467-024-49423-6,Nat Commun,Protective alleles and precision healthcare in crewed spaceflight,1.0,False,
Growth chambers on the International Space Station.txt,excluded_title_mismatch,66372,0,100.0,2496,10720,0,2083,,10.3390/plants13010073,Plants (Basel),Bread Wheat in Space Flight: Is There a Difference in Kernel Quality?,0.358,True,"título divergente (sim=0.36): metadata diz 'Growth chambers on the International Spa', documento é 'Bread Wheat in Space Flight: Is There a '"
Microbiological and nutritional analysis of lettuc.txt,cleaned,83264,55595,33.23,2632,19982,827,4229,Data availability|Author contributions|Competing interests,10.3389/fpls.2020.00199,Front Plant Sci,Microbiological and Nutritional Analysis of Lettuce Crops Grown on the International Space Station,1.0,False,
Natural variation in the expression of ORGANIC CAT.txt,cleaned,51432,36902,28.25,1619,10378,0,2534,,10.1093/jxb/eru444,J Exp Bot,Natural variation in the expression of ORGANIC CATION TRANSPORTER 1 affects root length responses to cadaverine in Arabidopsis,1.0,False,
Auxin Shape matters.txt,excluded_title_mismatch,67794,0,100.0,3815,12991,313,2627,Funding|Competing interests,10.1016/j.heliyon.2019.e02221,Heliyon,"Turbidity matters: differential effect of a 2,4-D formulation on the structure of microbial communities from clear and turbid freshwater systems",0.183,True,"título divergente (sim=0.18): metadata diz 'Auxin: Shape matters.', documento é 'Turbidity matters: differential effect o'"
Gravity signaling in flowering plant roots.txt,excluded_title_mismatch,92222,0,100.0,3730,13879,309,3687,Supplementary|Supplementary,10.1038/s41467-025-59047-z,Nat Commun,Mechanosensing antagonizes ethylene signaling to promote root gravitropism in rice,0.419,True,"título divergente (sim=0.42): metadata diz 'Gravity signaling in flowering plant roo', documento é 'Mechanosensing antagonizes ethylene sign'"
Cadaverine regulates biotin synthesis to modulate .txt,cleaned,88048,58217,33.88,2380,20352,3716,3384,Author contributions|Competing interests,10.1111/tpj.15417,Plant J,Cadaverine regulates biotin synthesis to modulate primary root growth in Arabidopsis,1.0,False,
Lowspeed clinorotation of Brachypodium distachyon .txt,cleaned,82357,62873,23.66,2436,14199,0,2850,,10.3390/ijms24021540,Int J Mol Sci,Low-Speed Clinorotation of Brachypodium distachyon and Arabidopsis thaliana Seedlings Triggers Root Tip Curvatures That Are Reminiscent of Gravitropism,1.0,False,
New device for highthroughput viability screening .txt,cleaned,38923,27327,29.79,1744,7744,0,2109,,10.1128/AEM.03065-09,Appl Environ Microbiol,New Device for High-Throughput Viability Screening of Flow Biofilms ▿,1.0,False,
Sigma Sdependent antioxidant defense protects stat.txt,cleaned,83586,50539,39.54,2133,24815,88,6012,Supplementary,10.1128/AAC.03683-14,Antimicrob Agents Chemother,Sigma S-Dependent Antioxidant Defense Protects Stationary-Phase Escherichia coli against the Bactericidal Antibiotic Gentamicin,1.0,False,
Plasma membrane disruption PMD formation and repai.txt,cleaned,80221,33686,58.01,1540,0,36301,8695,Acknowledgments|Footnotes|References,10.1016/j.bone.2021.115970,Bone,Plasma membrane disruption (PMD) formation and repair in mechanosensitive tissues,1.0,False,
Microgravity alters the expression of salivary pro.txt,excluded_title_mismatch,55668,0,100.0,2004,18733,0,3986,,10.1016/j.archoralbio.2019.104621,Arch Oral Biol,Effects of Spaceflight on the Mouse Submandibular Gland,0.291,True,"título divergente (sim=0.29): metadata diz 'Microgravity alters the expression of sa', documento é 'Effects of Spaceflight on the Mouse Subm'"
Salivary Gland Protein Expression after BionM1 and.txt,excluded_title_mismatch,55668,0,100.0,2004,18733,0,3986,,10.1016/j.archoralbio.2019.104621,Arch Oral Biol,Effects of Spaceflight on the Mouse Submandibular Gland,0.178,True,"título divergente (sim=0.18): metadata diz 'Salivary Gland Protein Expression after ', documento é 'Effects of Spaceflight on the Mouse Subm'"
Response of the mouse sublingual gland to spacefli.txt,cleaned,38817,24245,37.54,1734,10495,0,2344,,10.1111/eos.12541,Eur J Oral Sci,Response of the mouse sublingual gland to spaceflight,1.0,False,
Effects of spaceflight on the mouse submandibular .txt,excluded_title_mismatch,45921,0,100.0,2238,8973,0,1871,,10.3389/fphys.2024.1417719,Front Physiol,Upregulation of Amy1 in the salivary glands of mice exposed to a lunar gravity environment using the multiple artificial gravity research system,0.345,True,"título divergente (sim=0.34): metadata diz 'Effects of spaceflight on the mouse subm', documento é 'Upregulation of Amy1 in the salivary gla'"
Reactivation of Latent EpsteinBarr Virus A Compari.txt,flagged,51857,50349,2.91,0,0,0,1509,,10.3390/ijms19102961,Int J Mol Sci,"Reactivation of Latent Epstein-Barr Virus: A Comparison after Exposure to Gamma, Proton, Carbon, and Iron Radiation",1.0,False,S1: corte agressivo revertido (restariam 32% do original); apenas R6 aplicado
The influence of spaceflight on the astronaut sali.txt,cleaned,69079,40332,41.61,2750,19620,2834,3544,Supplementary,10.1186/s40168-020-00830-z,Microbiome,The influence of spaceflight on the astronaut salivary microbiome and the search for a microbiome biomarker for viral reactivation,1.0,False,
The cyclic nucleotidegated channel CNGC14 regulate.txt,excluded_title_mismatch,119393,0,100.0,3064,41563,0,4675,,10.7554/eLife.85193,eLife,The AUX1-AFB1-CNGC14 module establishes a longitudinal root surface pH profile,0.349,True,"título divergente (sim=0.35): metadata diz 'The cyclic nucleotide-gated channel CNGC', documento é 'The AUX1-AFB1-CNGC14 module establishes '"
Telomere length assessments of muscle stem cells i.txt,cleaned,46378,41134,11.31,1576,2629,0,1040,,10.1016/j.xpro.2021.100830,STAR Protoc,Telomere length assessments of muscle stem cells in rodent and human skeletal muscle sections,1.0,False,
Persistent NFŒB activation in muscle stem cells in.txt,cleaned,85055,56815,33.2,3365,11846,9854,3176,Supplementary,10.1016/j.celrep.2021.109098,Cell Rep,Persistent NF-κB activation in muscle stem cells induces proliferation-independent telomere shortening,1.0,False,
Piezo1 regulates the regenerative capacity of skel.txt,cleaned,85610,59817,30.13,6044,15775,0,3975,,10.1126/sciadv.abn0485,Sci Adv,Piezo1 regulates the regenerative capacity of skeletal muscles via orchestration of stem cell morphological states,1.0,False,
Impacts of radiation exposure hindlimb unloading a.txt,cleaned,71697,46983,34.47,3106,16931,93,4585,Supplementary,10.1038/s41526-023-00303-1,NPJ Microgravity,"Impacts of radiation exposure, hindlimb unloading, and recovery on murine skeletal muscle cell telomere length",1.0,False,
Ethyleneinduced flavonol accumulation in guard cel.txt,cleaned,66149,47854,27.66,1694,13048,82,3472,Supplementary,10.1104/pp.113.233528,Plant Physiol,Ethylene-Induced Flavonol Accumulation in Guard Cells Suppresses Reactive Oxygen Species and Moderates Stomatal Aperture,1.0,False,
Transcriptional and Hormonal Regulation of Gravitr.txt,cleaned,83605,62201,25.6,3575,14500,142,3188,Supplementary,10.1105/tpc.15.00531,Plant Cell,Transcriptional and Hormonal Regulation of Gravitropism of Woody Stems in Populus [OPEN],0.97,False,
Endosidin2 targets conserved exocyst complex subun.txt,excluded_title_mismatch,90665,0,100.0,4093,23788,856,5110,Data availability|Author contributions,10.3389/fpls.2023.1171957,Front Plant Sci,The EXO70 inhibitor Endosidin2 alters plasma membrane protein composition in Arabidopsis roots,0.412,True,"título divergente (sim=0.41): metadata diz 'Endosidin2 targets conserved exocyst com', documento é 'The EXO70 inhibitor Endosidin2 alters pl'"
A conditional mutation in SCD1 reveals linkage bet.txt,cleaned,83775,55929,33.24,2538,20657,620,4032,Data availability|Supplementary|Author contributions|Competing interests,10.3389/fpls.2020.00910,Front Plant Sci,"A Conditional Mutation in SCD1 Reveals Linkage Between PIN Protein Trafficking, Auxin Transport, Gravitropism, and Lateral Root Initiation",1.0,False,
A comprehensive SARSCoV2 and COVID19 review Part 1.txt,cleaned,68761,41450,39.72,4933,17874,62,4443,Supplementary,10.1038/s41431-022-01108-8,Eur J Hum Genet,"A comprehensive SARS-CoV-2 and COVID-19 review, Part 1: Intracellular overdrive for SARS-CoV-2 infection",1.0,False,
Changes in nuclear shape and gene expression in re.txt,cleaned,71346,46675,34.58,2981,17661,0,4030,,10.3390/ijms21186762,Int J Mol Sci,Changes in Nuclear Shape and Gene Expression in Response to Simulated Microgravity Are LINC Complex-Dependent,1.0,False,
Growth of Carnobacterium spp from permafrost under.txt,cleaned,32441,21984,32.23,1768,7150,0,1540,,10.1073/pnas.1209793110,Proc Natl Acad Sci U S A,"Growth of Carnobacterium spp. from permafrost under low pressure, temperature, and anoxic atmosphere has implications for Earth microbes on Mars",1.0,False,
Complete Genome Sequence of Carnobacterium gilichi.txt,cleaned,7287,3940,45.93,937,1754,0,657,,10.1128/genomeA.00985-13,Genome Announc,Complete Genome Sequence of Carnobacterium gilichinskyi Strain WN1359 T (DSM 27470 T ),0.988,False,
Exposure of Bacillus subtilis to low pressure 5 ki.txt,cleaned,47788,28027,41.35,1246,15172,87,3257,Supplementary,10.1128/AEM.00885-14,Appl Environ Microbiol,"Exposure of Bacillus subtilis to Low Pressure (5 Kilopascals) Induces Several Global Regulons, Including Those Involved in the SigB-Mediated General Stress Response",1.0,False,
Resistance of Bacillus subtilis Spore DNA to Letha.txt,cleaned,40042,23978,40.12,2228,11126,0,2711,,10.1128/AEM.03136-13,Appl Environ Microbiol,"Resistance of Bacillus subtilis Spore DNA to Lethal Ionizing Radiation Damage Relies Primarily on Spore Core Components and DNA Repair, with Minor Effects of Oxygen Radical Detoxification",1.0,False,
Cultivation of Staphylococcus epidermidis in the h.txt,cleaned,53393,37954,28.92,1616,10988,449,2387,Author contributions|Competing interests,10.3389/fmicb.2016.00999,Front Microbiol,Cultivation of Staphylococcus epidermidis in the Human Spaceflight Environment Leads to Alterations in the Frequency and Spectrum of Spontaneous Rifampicin-Resistance Mutations in the rpoB Gene,1.0,False,
Experimental Evolution of Bacillus subtilis.txt,excluded_title_mismatch,86297,0,100.0,4141,17490,0,3544,,10.3390/biology13121088,Biology (Basel),Thermal Plasticity and Evolutionary Constraints in Bacillus : Implications for Climate Change Adaptation,0.466,True,"título divergente (sim=0.47): metadata diz 'Experimental Evolution of Bacillus subti', documento é 'Thermal Plasticity and Evolutionary Cons'"
Cultivation in space flight produces minimal alter.txt,cleaned,51998,39641,23.76,1515,8890,0,1953,,10.1128/AEM.01584-17,Appl Environ Microbiol,Cultivation in Space Flight Produces Minimal Alterations in the Susceptibility of Bacillus subtilis Cells to 72 Different Antibiotics and Growth-Inhibiting Compounds,1.0,False,
Alterations in the Spectrum of Spontaneous Rifampi.txt,cleaned,52073,35354,32.11,1845,11388,560,2927,Author contributions|Competing interests,10.3389/fmicb.2018.00192,Front Microbiol,Alterations in the Spectrum of Spontaneous Rifampicin-Resistance Mutations in the Bacillus subtilis rpoB Gene after Cultivation in the Human Spaceflight Environment,1.0,False,
Mechanotransduction in Prokaryotes A Possible Mech.txt,cleaned,51103,27958,45.29,1180,17620,0,4346,,10.3390/life11010033,Life (Basel),Mechanotransduction in Prokaryotes: A Possible Mechanism of Spaceflight Adaptation,1.0,False,
Environmental dependence of competitive fitness in.txt,cleaned,60605,42086,30.56,932,14235,0,3353,,10.1128/aem.02422-21,Appl Environ Microbiol,Environmental Dependence of Competitive Fitness in Rifampin-Resistant rpoB Mutants of Bacillus subtilis,1.0,False,
Organotypic 3D cell culture models using the rotat.txt,excluded_title_mismatch,125263,0,100.0,2332,19571,0,4144,,10.1002/cpmc.129,Curr Protoc Microbiol,3D Oral and Cervical Tissue Models to Study Papillomavirus Host-Pathogen Interactions,0.506,True,"título divergente (sim=0.51): metadata diz 'Organotypic 3D cell culture models: usin', documento é '3D Oral and Cervical Tissue Models to St'"
Induction of attachmentindependent biofilm formati.txt,cleaned,70970,52035,26.68,1623,13339,0,3974,,10.1128/AEM.00175-11,Appl Environ Microbiol,Induction of Attachment-Independent Biofilm Formation and Repression of hfq Expression by Low-Fluid-Shear Culture of Staphylococcus aureus ▿,1.0,False,
Characterization of the Salmonella enterica serova.txt,cleaned,59801,44063,26.32,1540,10880,89,3230,Supplementary,10.1128/JB.01335-10,J Bacteriol,"Characterization of the Salmonella enterica Serovar Typhimurium ydcI Gene, Which Encodes a Conserved DNA Binding Protein Required for Full Acid Stress Resistance ▿ , †",1.0,False,
Evaluation of microorganisms cultured from injured.txt,cleaned,60971,35874,41.16,3758,18398,0,2942,,10.1371/journal.pone.0028906,PLoS One,Evaluation of Microorganisms Cultured from Injured and Repressed Tissue Regeneration Sites in Endangered Giant Aquatic Ozark Hellbender Salamanders,1.0,False,
Transcriptional and proteomic responses of Pseudom.txt,cleaned,64184,42937,33.1,8955,9583,0,2710,,10.1128/AEM.01582-10,Appl Environ Microbiol,Transcriptional and Proteomic Responses of Pseudomonas aeruginosa PAO1 to Spaceflight Conditions Involve Hfq Regulation and Reveal a Role for Oxygen ▿,1.0,False,
New insights into the bacterial fitnessassociated .txt,cleaned,82219,51165,37.77,3893,22261,0,4901,,10.1371/journal.pone.0029481,PLoS One,New Insights into the Bacterial Fitness-Associated Mechanisms Revealed by the Characterization of Large Plasmids of an Avian Pathogenic E. coli,1.0,False,
Lack of norovirus replication and histoblood group.txt,cleaned,46219,24815,46.31,8423,10402,0,2580,,10.3201/eid1903.121029,Emerg Infect Dis,Lack of Norovirus Replication and Histo-Blood Group Antigen Expression in 3-Dimensional Intestinal Epithelial Cells,1.0,False,
Conservation of the lowshear modeled microgravity .txt,cleaned,35081,21793,37.88,2446,8564,0,2279,,10.2174/1874285801408010051,Open Microbiol J,Conservation of the Low-shear Modeled Microgravity Response in Enterobacteriaceae and Analysis of the trp Genes in this Response,1.0,False,
Mimicking the host and its microenvironment in vit.txt,flagged,125775,114724,8.79,0,0,0,11052,,10.1111/2049-632X.12180,Pathog Dis,Mimicking the host and its microenvironment in vitro for studying mucosal infections by Pseudomonas aeruginosa,1.0,False,S1: corte agressivo revertido (restariam 11% do original); apenas R6 aplicado
Effects of Sex and Gender on Adaptation to Space I.txt,excluded_title_mismatch,85298,0,100.0,2247,31135,3429,6390,Competing interests,10.1016/j.mehy.2020.110237,Med Hypotheses,Hypotheses about sub-optimal hydration in the weeks before coronavirus disease (COVID-19) as a risk factor for dying from COVID-19,0.316,True,"título divergente (sim=0.32): metadata diz 'Effects of Sex and Gender on Adaptation ', documento é 'Hypotheses about sub-optimal hydration i'"
Recellularization of decellularized lung scaffolds.txt,cleaned,61207,38441,37.2,3183,16065,0,3519,,10.1371/journal.pone.0126846,PLoS One,Recellularization of Decellularized Lung Scaffolds Is Enhanced by Dynamic Suspension Culture,1.0,False,
Threedimensional organotypic coculture model of in.txt,cleaned,81539,53723,34.11,4390,18607,0,4820,,10.1038/s41526-017-0011-2,NPJ Microgravity,Three-dimensional organotypic co-culture model of intestinal epithelial cells and macrophages to study Salmonella enterica colonization patterns,1.0,False,
Modeling HostPathogen Interactions in the Context .txt,flagged,193240,173101,10.42,0,0,0,20140,,10.1128/IAI.00282-18,Infect Immun,Modeling Host-Pathogen Interactions in the Context of the Microenvironment: Three-Dimensional Cell Culture Comes of Age,0.856,False,S1: corte agressivo revertido (restariam 33% do original); apenas R6 aplicado
Evaluating the effect of spaceflight on the hostÄì.txt,cleaned,74653,45240,39.4,6563,18250,147,4454,Supplementary,10.1038/s41526-021-00136-w,NPJ Microgravity,Evaluating the effect of spaceflight on the host–pathogen interaction between human intestinal epithelial cells and Salmonella Typhimurium,1.0,False,
Spaceflight enhances cell aggregation and random b.txt,cleaned,122093,89250,26.9,5999,21140,0,5705,,10.1371/journal.pone.0080677,PLoS One,Spaceflight Enhances Cell Aggregation and Random Budding in Candida albicans,1.0,False,
Growth and antifungal resistance of the pathogenic.txt,cleaned,103450,76922,25.64,8826,14477,0,3226,,10.3390/life11040283,Life (Basel),"Growth and Antifungal Resistance of the Pathogenic Yeast, Candida Albicans , in the Microgravity Environment of the International Space Station: An Aggregate of Multiple Flight Experiences",1.0,False,
Challenges and considerations for singlecell and s.txt,flagged,97813,90231,7.75,0,0,0,7583,,10.1016/j.crmeth.2022.100325,Cell Rep Methods,Challenges and considerations for single-cell and spatially resolved transcriptomics sample collection during spaceflight,1.0,False,S1: corte agressivo revertido (restariam 13% do original); apenas R6 aplicado
Direct RNA sequencing of astronaut blood reveals s.txt,cleaned,61556,36496,40.71,5180,15278,517,4086,Supplementary|Supplementary,10.1038/s41467-024-48929-3,Nat Commun,Direct RNA sequencing of astronaut blood reveals spaceflight-associated m6A increases and hematopoietic transcriptional responses,1.0,False,
Collection of biospecimens from the inspiration4 m.txt,cleaned,75571,42628,43.59,9806,18299,129,4710,Supplementary|Supplementary,10.1038/s41467-024-48806-z,Nat Commun,Collection of biospecimens from the inspiration4 mission establishes the standards for the space omics and medical atlas (SOMA),1.0,False,
Microfluidicsenabled method to identify modes of C.txt,cleaned,42308,32693,22.73,1093,6199,0,2324,,10.1063/1.4829777,Biomicrofluidics,Microfluidics-enabled method to identify modes of Caenorhabditis elegans paralysis in four anthelmintics,1.0,False,
Multiparameter behavioral analyses provide insight.txt,cleaned,61985,50560,18.43,1371,7437,308,2310,Funding|Supplementary,10.1093/toxsci/kft138,Toxicol Sci,Multiparameter Behavioral Analyses Provide Insights to Mechanisms of Cyanide Resistance in Caenorhabditis elegans,1.0,False,
Growth performance and root transcriptome remodeli.txt,cleaned,75759,59828,21.03,2949,10647,0,2336,,10.1371/journal.pone.0012348,PLoS One,Growth Performance and Root Transcriptome Remodeling of Arabidopsis in Response to Mars-Like Levels of Magnesium Sulfate,1.0,False,
The 1433 proteins of Arabidopsis regulate root gro.txt,cleaned,51780,36551,29.41,1990,10762,0,2478,,10.1093/jxb/ers022,J Exp Bot,The 14-3-3 proteins of Arabidopsis regulate root growth and chloroplast development as components of the photosensory system,1.0,False,
1433 phosphoprotein interaction networks  does iso.txt,cleaned,88130,50870,42.28,2480,0,28538,6243,Competing interests|Acknowledgments|References,10.3389/fpls.2012.00190,Front Plant Sci,14-3-3 phosphoprotein interaction networks – does isoform diversity present functional interaction specification?,1.0,False,
Plant growth strategies are remodeled by spaceflig.txt,excluded_title_mismatch,56366,0,100.0,4603,12046,1349,3330,Funding|Author contributions,10.2147/DDDT.S486371,Drug Des Devel Ther,Ginsenoside Reshapes Intestinal Microecology to Alleviate Microgravity Stress,0.217,True,"título divergente (sim=0.22): metadata diz 'Plant growth strategies are remodeled by', documento é 'Ginsenoside Reshapes Intestinal Microeco'"
Spaceflight transcriptomes unique responses to a n.txt,excluded_title_mismatch,104342,0,100.0,3167,16090,1145,3392,Data availability|Author contributions,10.3389/fpls.2023.1260429,Front Plant Sci,Integrative transcriptomics and proteomics profiling of Arabidopsis thaliana elucidates novel mechanisms underlying spaceflight adaptation,0.256,True,"título divergente (sim=0.26): metadata diz 'Spaceflight transcriptomes: unique respo', documento é 'Integrative transcriptomics and proteomi'"
Fundamental plant biology enabled by the space shu.txt,excluded_title_mismatch,69397,0,100.0,4181,21797,471,4127,Data availability,10.1128/mSystems.00112-18,mSystems,Characterization of Aspergillus niger Isolated from the International Space Station,0.365,True,"título divergente (sim=0.36): metadata diz 'Fundamental plant biology enabled by the', documento é 'Characterization of Aspergillus niger Is'"
Organspecific remodeling of the Arabidopsis transc.txt,excluded_title_mismatch,100864,0,100.0,1429,25353,0,4446,,10.3390/life13030626,Life (Basel),Brachypodium distachyon Seedlings Display Accession-Specific Morphological and Transcriptomic Responses to the Microgravity Environment of the International Space Station,0.379,True,"título divergente (sim=0.38): metadata diz 'Organ-specific remodeling of the Arabido', documento é 'Brachypodium distachyon Seedlings Displa'"
A method for preparing spaceflight RNAlaterfixed A.txt,cleaned,26230,18431,29.73,2157,4428,0,1215,,10.3732/apps.1300034,Appl Plant Sci,A method for preparing spaceflight RNA later -fixed Arabidopsis thaliana (Brassicaceae) tissue for scanning electron microscopy,0.978,False,
ARG1 Functions in the Physiological Adaptation of .txt,cleaned,139236,117683,15.48,2392,14403,1006,3753,Supplementary,10.1089/ast.2016.1538,Astrobiology,ARG1 Functions in the Physiological Adaptation of Undifferentiated Plant Cells to Spaceflight,1.0,False,
A Member of the CONSTANSLike Protein Family is a P.txt,cleaned,80507,55346,31.25,1906,17241,1220,4795,Competing interests|Supplementary,10.1093/aobpla/ply075,AoB Plants,A member of the CONSTANS-Like protein family is a putative regulator of reactive oxygen species homeostasis and spaceflight physiological adaptation,0.833,False,
HSFA2 Functions in the Physiological Adaptation of.txt,cleaned,143768,87572,39.09,2042,48044,0,6111,,10.3390/ijms20020390,Int J Mol Sci,HSFA2 Functions in the Physiological Adaptation of Undifferentiated Plant Cells to Spaceflight,1.0,False,
Neutrophil to Lymphocyte ratio A biomarker to moni.txt,cleaned,69245,37412,45.97,3491,21228,1989,5126,Data availability|Author contributions|Funding|Competing interests,10.3389/fimmu.2020.564950,Front Immunol,Neutrophil-to-Lymphocyte Ratio: A Biomarker to Monitor the Immune Status of Astronauts,0.988,False,
Beyond lowEarth orbit Characterizing immune and mi.txt,cleaned,83303,52221,37.31,3115,22614,0,5354,,10.1016/j.isci.2020.101747,iScience,Beyond Low-Earth Orbit: Characterizing Immune and microRNA Differentials following Simulated Deep Spaceflight Conditions in Mice,1.0,False,
Immunological and hematological outcomes following.txt,cleaned,54404,33502,38.42,3973,13346,115,3469,Supplementary,10.1038/s41598-021-90439-5,Sci Rep,Immunological and hematological outcomes following protracted low dose/low dose rate ionizing radiation and simulated microgravity,1.0,False,
Epigenomic regulators elongator complex subunit 2 .txt,cleaned,110432,72048,34.76,2737,24081,5713,5854,Supplementary|Data availability|Author contributions|Competing interests,10.3389/fpls.2021.691790,Front Plant Sci,Epigenomic Regulators Elongator Complex Subunit 2 and Methyltransferase 1 Differentially Condition the Spaceflight Response in Arabidopsis,1.0,False,
Plants grown in Apollo lunar regolith present stre.txt,cleaned,51988,33515,35.53,1956,13796,364,2358,Supplementary|Supplementary,10.1038/s42003-022-03334-8,Commun Biol,Plants grown in Apollo lunar regolith present stress-associated transcriptomes that inform prospects for lunar exploration,1.0,False,
Artificial gravity partially protects spaceinduced.txt,cleaned,138877,78844,43.23,4721,35438,13493,6382,Supplementary,10.1016/j.celrep.2022.111279,Cell Rep,Artificial Gravity Partially Protects Space-induced Neurological Deficits in Drosophila melanogaster,1.0,False,
Utilizing the KSC fixation tube to conduct humante.txt,cleaned,46040,33158,27.98,3152,8230,0,1501,,10.3390/life12111871,Life (Basel),Utilizing the KSC Fixation Tube to Conduct Human-Tended Plant Biology Experiments on a Suborbital Spaceflight,1.0,False,
Changes in Mouse Thymus and Spleen after Return fr.txt,excluded,1971,0,100.0,0,0,0,357,,10.1371/annotation/e66bdc4e-2409-4582-b163-7bc182db275e,PLoS One,Correction: Changes in Mouse Thymus and Spleen after Return from the STS-135 Mission in Space,0.929,False,documento não-científico: Correction: Changes in Mouse Thymus and Spleen after Return 
PostSpaceflight STS135 Mouse Splenocytes Demonstra.txt,cleaned,62174,43267,30.41,2097,13688,0,3123,,10.1371/journal.pone.0124380,PLoS One,Post-Spaceflight (STS-135) Mouse Splenocytes Demonstrate Altered Activation Properties and Surface Molecule Expression,1.0,False,
Changes in the distribution and function of leukoc.txt,cleaned,53027,35349,33.34,1685,12582,0,3412,,10.1093/jrr/rrw051,J Radiat Res,Changes in the distribution and function of leukocytes after whole-body iron ion irradiation,1.0,False,
Is spaceflightinduced immune dysfunction linked to.txt,cleaned,84726,54613,35.54,3863,22250,0,4001,,10.1371/journal.pone.0174174,PLoS One,Is spaceflight-induced immune dysfunction linked to systemic changes in metabolism?,1.0,False,
Spaceflight Activates Autophagy Programs and the P.txt,cleaned,71801,50723,29.36,1534,15964,0,3581,,10.3390/ijms18102062,Int J Mol Sci,Spaceflight Activates Autophagy Programs and the Proteasome in Mouse Liver,1.0,False,
Vive la radiorsistance Converging research in radi.txt,cleaned,170396,85003,50.11,9981,61600,606,13207,Footnotes|Funding,10.18632/oncotarget.24461,Oncotarget,Vive la radiorésistance!: converging research in radiobiology and biogerontology to enhance human radioresistance for deep space exploration and colonization,1.0,False,
Proteomic analysis of mouse brain subjected to spa.txt,cleaned,72089,36868,48.86,4583,25346,0,5293,,10.3390/ijms20010007,Int J Mol Sci,Proteomic Analysis of Mouse Brain Subjected to Spaceflight,1.0,False,
Transcriptomic effects on the mouse heart followin.txt,cleaned,61330,37976,38.08,3802,14220,1806,3527,Author contributions|Data availability|Funding|Footnotes,10.3390/biom13020371,Biomolecules,Transcriptomic Effects on the Mouse Heart Following 30 Days on the International Space Station,1.0,False,
Spaceflightinduced gene expression profiles in the.txt,cleaned,57779,30020,48.04,4995,18971,0,3794,,10.3390/ijms241713569,Int J Mol Sci,Spaceflight-Induced Gene Expression Profiles in the Mouse Brain Are Attenuated by Treatment with the Antioxidant BuOE,1.0,False,
Basal signaling regulates plant growth and develop.txt,excluded_title_mismatch,67638,0,100.0,4481,13893,1476,3299,Supplementary|Author contributions|Data availability|Supplementary|Funding|Footnotes,10.3390/ijms26062685,Int J Mol Sci,Genome-Wide Analysis of the PERK Gene Family in Brassica napus L. and Their Potential Roles in Clubroot Disease,0.306,True,"título divergente (sim=0.31): metadata diz 'Basal signaling regulates plant growth a', documento é 'Genome-Wide Analysis of the PERK Gene Fa'"
Phosphoinositidesignaling is one component of a ro.txt,cleaned,88474,59376,32.89,2558,21052,671,4818,Author contributions|Competing interests,10.3389/fpls.2014.00267,Front Plant Sci,Phosphoinositide-signaling is one component of a robust plant defense response,1.0,False,
Uncovering transcriptional responses to fractional.txt,cleaned,65193,39271,39.76,2032,19737,0,4154,,10.3390/life11101010,Life (Basel),Uncovering Transcriptional Responses to Fractional Gravity in Arabidopsis Roots,1.0,False,
Conserved plant transcriptional responses to micro.txt,cleaned,95984,65015,32.26,1917,23516,711,4826,Data availability|Author contributions,10.3389/fpls.2023.1308713,Front Plant Sci,Conserved plant transcriptional responses to microgravity from two consecutive spaceflight experiments,1.0,False,
RNAseq analysis of rodent spaceflight experiments .txt,cleaned,57854,41871,27.63,2820,10654,0,2510,,10.1016/j.isci.2020.101733,iScience,RNAseq Analysis of Rodent Spaceflight Experiments Is Confounded by Sample Collection Techniques,1.0,False,
Functional changes in the snail statocyst system e.txt,cleaned,78749,56915,27.73,3271,15217,0,3347,,10.1371/journal.pone.0017710,PLoS One,Functional Changes in the Snail Statocyst System Elicited by Microgravity,1.0,False,
Multianalyte biochip MAB based on allsolidstate io.txt,cleaned,26118,20407,21.87,1940,2988,0,784,,10.3791/50020,J Vis Exp,Multi-analyte Biochip (MAB) Based on All-solid-state Ion-selective Electrodes (ASSISE) for Physiological Research,1.0,False,
Labonachip approaches for spacebiology research.txt,excluded_title_mismatch,60093,0,100.0,5001,15199,871,3214,Author contributions|Funding|Competing interests,10.3389/fmicb.2023.1215529,Front Microbiol,Reviewing the state of biosensors and lab-on-a- chip technologies: opportunities for extreme environments and space exploration,0.365,True,"título divergente (sim=0.36): metadata diz 'Lab-on-a-chip approaches for space-biolo', documento é 'Reviewing the state of biosensors and la'"
The interaction of vortical flows with red cells i.txt,flagged,56402,53646,4.89,0,0,0,2757,,10.1063/5.0078337,Biomicrofluidics,The interaction of vortical flows with red cells in venous valve mimics,1.0,False,S1: corte agressivo revertido (restariam 31% do original); apenas R6 aplicado
Mammalian and Invertebrate Models as Complementary.txt,cleaned,115821,61708,46.72,6878,39416,0,7820,,10.3390/ijms22179470,Int J Mol Sci,Mammalian and Invertebrate Models as Complementary Tools for Gaining Mechanistic Insight on Muscle Responses to Spaceflight,1.0,False,
Investigation of simulated microgravity effects on.txt,cleaned,73379,51739,29.49,1641,16118,0,3882,,10.1038/s41526-016-0006-4,NPJ Microgravity,Investigation of simulated microgravity effects on Streptococcus mutans physiology and global gene expression,1.0,False,
Altered quorum sensing and physiology of Staphyloc.txt,cleaned,75419,47995,36.36,1926,20655,94,4750,Supplementary,10.1038/s41526-023-00343-7,NPJ Microgravity,Altered quorum sensing and physiology of Staphylococcus aureus during spaceflight detected by multi-omics data analysis,1.0,False,
Homotypic vacuole fusion requires VTI11 and is reg.txt,excluded_title_mismatch,87151,0,100.0,3379,19499,80,5121,Supplementary,10.1073/pnas.1807763115,Proc Natl Acad Sci U S A,"Phosphoinositides control the localization of HOPS subunit VPS41, which together with VPS33 mediates vacuole fusion in plants",0.204,True,"título divergente (sim=0.20): metadata diz 'Homotypic vacuole fusion requires VTI11 ', documento é 'Phosphoinositides control the localizati'"
REGULATOR OF BULB BIOGENESIS1 RBB1 Is Involved in .txt,cleaned,73050,51453,29.56,1588,17164,0,2846,,10.1371/journal.pone.0125621,PLoS One,REGULATOR OF BULB BIOGENESIS1 (RBB1) Is Involved in Vacuole Bulb Formation in Arabidopsis,1.0,False,
Phosphoinositides control the localization of HOPS.txt,cleaned,87151,59073,32.22,3379,19499,80,5121,Supplementary,10.1073/pnas.1807763115,Proc Natl Acad Sci U S A,"Phosphoinositides control the localization of HOPS subunit VPS41, which together with VPS33 mediates vacuole fusion in plants",1.0,False,
Microgravity enhances the phenotype of Arabidopsis.txt,cleaned,56941,38437,32.5,1858,13408,90,3149,Supplementary,10.1038/s41526-022-00226-3,NPJ Microgravity,Microgravity enhances the phenotype of Arabidopsis zigzag-1 and reduces the Wortmannin-induced vacuole fusion in root cells,1.0,False,
Hypergravity disruption of homeorhetic adaptations.txt,cleaned,77439,56676,26.81,1997,15362,85,3320,Supplementary|Supplementary,10.1242/bio.2012687,Biol Open,Hypergravity disruption of homeorhetic adaptations to lactation in rat dams include changes in circadian clocks,1.0,False,
Intrauterine exposure to maternal stress alters Bd.txt,cleaned,59010,32325,45.22,2473,19662,0,4551,,10.1016/j.ijdevneu.2017.03.007,Int J Dev Neurosci,Intrauterine exposure to maternal stress alters Bdnf IV DNA methylation and telomere length in the brain of adult rat offspring,1.0,False,
Influence of gonadectomy on muscle health in micro.txt,excluded_duplicate_doi,53386,0,100.0,2630,6683,132,1940,Competing interests,10.1016/j.smhs.2023.09.002,Sports Med Health Sci,Sex differences in muscle health in simulated micro- and partial-gravity environments in rats,0.778,False,DOI 10.1016/j.smhs.2023.09.002 já representado por 'Sex differences in muscle health in simulate'
Sex differences in muscle health in simulated micr.txt,cleaned,53386,42002,21.32,2630,6683,132,1940,Competing interests,10.1016/j.smhs.2023.09.002,Sports Med Health Sci,Sex differences in muscle health in simulated micro- and partial-gravity environments in rats,1.0,False,
Brassinazole resistant 1 BZR1dependent brassinoste.txt,cleaned,81362,62295,23.43,2913,12202,601,3352,Supplementary,10.1093/jxb/erv316,J Exp Bot,Brassinazole resistant 1 (BZR1)-dependent brassinosteroid signalling pathway leads to ectopic activation of quiescent cell division and suppresses columella stem cell differentiation,1.0,False,
Proteomic study of microsomal proteins reveals a k.txt,cleaned,52629,37695,28.38,3513,9085,0,2337,,10.1074/mcp.M114.042697,Mol Cell Proteomics,Proteomic Study of Microsomal Proteins Reveals a Key Role for Arabidopsis Annexin 1 in Mediating Heat Stress-Induced Increase in Intracellular Calcium Levels *,1.0,False,
Apyrase inhibitors enhance the ability of diverse .txt,cleaned,63394,44196,30.28,1068,15583,0,2548,,10.1111/mpp.12458,Mol Plant Pathol,Apyrase inhibitors enhance the ability of diverse fungicides to inhibit the growth of different plant‐pathogenic fungi,1.0,False,
ANN1 and ANN2 Function in PostPhloem Sugar Transpo.txt,cleaned,56603,38984,31.13,1888,12205,0,3527,,10.1104/pp.18.00713,Plant Physiol,ANN1 and ANN2 Function in Post-Phloem Sugar Transport in Root Tips to Affect Primary Root Growth,1.0,False,
Mitochondriatargeted human catalase in the mouse l.txt,cleaned,66130,38377,41.97,4105,17823,1668,4158,Supplementary|Author contributions|Funding|Footnotes,10.3390/life12111838,Life (Basel),Mitochondria-Targeted Human Catalase in the Mouse Longevity MCAT Model Mitigates Head-Tilt Bedrest-Induced Neuro-Inflammation in the Hippocampus,1.0,False,
Structural and functional properties of bone are c.txt,cleaned,26246,17246,34.29,2344,5057,59,1541,Footnotes,10.1080/21678421.2018.1452946,Amyotroph Lateral Scler Frontotemporal Degener,Structural and functional properties of bone are compromised in amyotrophic lateral sclerosis mice,1.0,False,
Longitudinal time course of muscle impairments dur.txt,cleaned,42081,27928,33.63,2259,9634,93,2168,Supplementary,10.1038/s41526-019-0080-5,NPJ Microgravity,Longitudinal time course of muscle impairments during partial weight-bearing in rats,1.0,False,
The partial weightbearing rat model using a pelvic.txt,excluded_title_mismatch,51120,0,100.0,932,19937,0,4348,,10.1016/j.asmr.2024.101022,Arthrosc Sports Med Rehabil,Blood Flow Restriction Training: A Tool to Enhance Rehabilitation and Build Athlete Resiliency,0.278,True,"título divergente (sim=0.28): metadata diz 'The partial weight-bearing rat model usi', documento é 'Blood Flow Restriction Training: A Tool '"
Dosedependent skeletal deficits due to varied redu.txt,cleaned,38838,23928,38.39,2492,9866,96,2457,Supplementary,10.1038/s41526-020-0105-0,NPJ Microgravity,Dose-dependent skeletal deficits due to varied reductions in mechanical loading in rats,1.0,False,
Approaching Gravity as a Continuum Using the Rat P.txt,cleaned,99571,43538,56.27,1068,0,45978,8988,Acknowledgments|Author contributions|Funding|References,10.3390/life10100235,Life (Basel),Approaching Gravity as a Continuum Using the Rat Partial Weight-Bearing Model,1.0,False,
Hindlimb suspension in Wistar rats Sexbased differ.txt,cleaned,67013,40219,39.98,2369,20057,381,3988,Author contributions,10.14814/phy2.15042,Physiol Rep,Hindlimb suspension in Wistar rats: Sex‐based differences in muscle response,1.0,False,
Adaptation to full weightbearing following disuse .txt,excluded,1468,0,100.0,0,0,0,200,,10.14814/phy2.15978,Physiol Rep,Correction to “Adaptation to full weight‐bearing following disuse in rats: The impact of biological sex on musculoskeletal recovery” Article notes Copyright and License information Collection date 2024 Mar. © 2024 The Authors. Physiological Reports published by Wiley Periodicals LLC on behalf of The,0.844,False,documento não-científico: Correction to “Adaptation to full weight‐bearing following d
Effects of liquid cultivation on gene expression a.txt,cleaned,67869,47388,30.18,1630,15885,0,2967,,10.1186/s12864-018-4948-7,BMC Genomics,Effects of liquid cultivation on gene expression and phenotype of C. elegans,1.0,False,
Transcriptomic Signature of the Simulated Microgra.txt,cleaned,70451,46087,34.58,1483,18783,0,4099,,10.3390/cells12020270,Cells,Transcriptomic Signature of the Simulated Microgravity Response in Caenorhabditis elegans and Comparison to Spaceflight Experiments,1.0,False,
Enabling clonal analyses of yeast in outer space b.txt,cleaned,69902,54833,21.56,2835,10551,0,1684,,10.3390/life12081168,Life (Basel),Enabling Clonal Analyses of Yeast in Outer Space by Encapsulation and Desiccation in Hollow Microparticles,1.0,False,
Caenorhabditis elegans in microgravity An omics pe.txt,cleaned,74564,45859,38.5,2478,21770,0,4458,,10.1016/j.isci.2023.107189,iScience,Caenorhabditis elegans in microgravity: An omics perspective,1.0,False,
Dried plum diet protects from bone loss caused by .txt,cleaned,51729,32459,37.25,2337,13412,0,3522,,10.1038/srep21343,Sci Rep,Dried plum diet protects from bone loss caused by ionizing radiation,1.0,False,
Dietary countermeasure mitigates simulated spacefl.txt,cleaned,66977,41062,38.69,3195,18705,68,3948,Supplementary,10.1038/s41598-020-63404-x,Sci Rep,Dietary countermeasure mitigates simulated spaceflight-induced osteopenia in mice,1.0,False,
Autophagy and its consequences for platelet biolog.txt,excluded_title_mismatch,45179,0,100.0,4325,8273,2195,2823,Supplementary|Author contributions|Funding|Data availability|Competing interests|Footnotes|Contributor Information,10.1038/s41598-025-94761-0,Sci Rep,Identification of therapeutic targets for chronic kidney disease through Mendelian randomization analysis of druggable genes,0.255,True,"título divergente (sim=0.26): metadata diz 'Autophagy and its consequences for plate', documento é 'Identification of therapeutic targets fo'"
A new role of NAP1L1 in megakaryocytes and human p.txt,cleaned,93078,59784,35.77,1424,26489,0,5382,,10.3390/ijms232314694,Int J Mol Sci,A New Role of NAP1L1 in Megakaryocytes and Human Platelets,1.0,False,
Evaluation of rodent spaceflight in the NASA anima.txt,cleaned,41689,32173,22.83,4092,4214,0,1211,,10.1038/npjmgrav.2016.2,NPJ Microgravity,Evaluation of rodent spaceflight in the NASA animal enclosure module for an extended operational period (up to 35 days),1.0,False,
Morphology of Penicillium rubens Biofilms Formed i.txt,cleaned,72212,47604,34.08,4068,17726,0,2815,,10.3390/life13041001,Life (Basel),Morphology of Penicillium rubens Biofilms Formed in Space,1.0,False,
Explainable machine learning identifies multiomics.txt,flagged,53432,51500,3.62,0,0,0,1933,,10.1038/s41526-023-00337-5,NPJ Microgravity,Explainable machine learning identifies multi-omics signatures of muscle response to spaceflight in mice,1.0,False,S1: corte agressivo revertido (restariam 38% do original); apenas R6 aplicado
Microbial adaptation to spaceflight is correlated .txt,cleaned,66282,43232,34.78,1771,16985,298,3997,Supplementary|Supplementary,10.1038/s41467-023-42104-w,Nat Commun,Microbial adaptation to spaceflight is correlated with bacteriophage-encoded functions,1.0,False,
Influence of the spaceflight environment on macrop.txt,cleaned,65520,34162,47.86,6331,19593,58,5377,Supplementary,10.1038/s41526-023-00293-0,NPJ Microgravity,Influence of the spaceflight environment on macrophage lineages,1.0,False,
MARSBOx Fungal and bacterial endurance from a ball.txt,cleaned,91192,36760,59.69,4610,26391,18690,4742,References|Data availability|Supplementary|Author contributions|Competing interests,10.3389/fmicb.2021.601713,Front Microbiol,MARSBOx: Fungal and Bacterial Endurance From a Balloon-Flown Analog Mission in the Stratosphere,1.0,False,
In situ linkage of fungal and bacterial proliferat.txt,cleaned,76217,45143,40.77,3927,23091,857,3200,Data availability|Author contributions|Competing interests,10.3389/fmicb.2020.00167,Front Microbiol,In situ Linkage of Fungal and Bacterial Proliferation to Microbiologically Influenced Corrosion in B20 Biodiesel Storage Tanks,1.0,False,
Identification of metagenomeassembled genomes cont.txt,cleaned,19543,12475,36.17,1658,4152,381,878,Data availability,10.1128/MRA.00003-20,Microbiol Resour Announc,"Identification of Metagenome-Assembled Genomes Containing Antimicrobial Resistance Genes, Isolated from an Advanced Water Treatment Facility",1.0,False,
Nature of preearthquake phenomena and their effect.txt,cleaned,64079,46136,28.0,1393,14072,0,2479,,10.3390/ani3020513,Animals (Basel),Nature of Pre-Earthquake Phenomena and their Effects on Living Organisms,1.0,False,
The rapid diagnosis and effective inhibition of co.txt,cleaned,46444,35063,24.5,2113,6726,88,2455,Supplementary,10.1039/d0na01007c,Nanoscale Adv,The rapid diagnosis and effective inhibition of coronavirus using spike antibody attached gold nanoparticles †,1.0,False,
Blocking SARSCoV2 Delta variant B16172 spike prote.txt,cleaned,42928,29743,30.71,3198,8077,0,1911,,10.1021/acsomega.2c00113,ACS Omega,Blocking SARS-CoV-2 Delta Variant (B.1.617.2) Spike Protein Receptor-Binding Domain Binding with the ACE2 Receptor of the Host Cell and Inhibiting Virus Infections Using Human Host Defense Peptide-Conjugated Graphene Quantum Dots,1.0,False,
Safety and pharmacokinetics of intranasally admini.txt,cleaned,50354,35267,29.96,4951,6936,975,2226,Supplementary|Supplementary|Footnotes,10.1007/s11095-022-03191-4,Pharm Res,Safety and Pharmacokinetics of Intranasally Administered Heparin,1.0,False,
Inhibition of SARSCoV2 wildtype WuhanHu1 and Delta.txt,cleaned,32558,19480,40.17,3199,6351,1803,1726,Funding|Competing interests|Supplementary|Contributor Information,10.1093/glycob/cwac042,Glycobiology,Inhibition of SARS-CoV-2 wild-type (Wuhan-Hu-1) and Delta (B.1.617.2) strains by marine sulfated glycans,1.0,False,
A Tissue Retrieval and Postharvest Processing Regi.txt,cleaned,46578,38682,16.95,2228,4601,0,1068,,10.1155/2015/475935,Biomed Res Int,A Tissue Retrieval and Postharvest Processing Regimen for Rodent Reproductive Tissues Compatible with Long-Term Storage on the International Space Station and Postflight Biospecimen Sharing Program,1.0,False,
Effects of sex and gender on adaptations to space .txt,excluded_title_mismatch,106834,0,100.0,8241,22205,249,5556,Supplementary,10.1038/s42003-023-05213-2,Commun Biol,Spaceflight induces changes in gene expression profiles linked to insulin and estrogen,0.219,True,"título divergente (sim=0.22): metadata diz 'Effects of sex and gender on adaptations', documento é 'Spaceflight induces changes in gene expr'"
Effects of spaceflight on the muscles of the murin.txt,excluded_title_mismatch,75275,0,100.0,3270,14926,2037,3651,Supplementary|Footnotes,10.1016/j.actbio.2018.10.024,Acta Biomater,The multiscale structural and mechanical effects of mouse supraspinatus muscle unloading on the mature enthesis,0.32,True,"título divergente (sim=0.32): metadata diz 'Effects of spaceflight on the muscles of', documento é 'The multiscale structural and mechanical'"
Multiscale effects of spaceflight on murine tendon.txt,cleaned,53054,35593,32.91,2630,11768,710,2354,Supplementary,10.1016/j.bone.2019.115152,Bone,Multiscale effects of spaceflight on murine tendon and bone,1.0,False,
Reproducible changes in the gut microbiome suggest.txt,cleaned,101182,76200,24.69,1907,19962,0,3114,,10.1186/s40168-019-0724-4,Microbiome,Reproducible changes in the gut microbiome suggest a shift in microbial and host metabolism during spaceflight,1.0,False,
Failure to Generate Bone Marrow Adipocytes Does No.txt,cleaned,53004,33862,36.11,1218,14931,0,2994,,10.1016/j.bone.2012.11.034,Bone,Failure to Generate Bone Marrow Adipocytes Does Not Protect Mice from Ovariectomy-Induced Osteopenia,1.0,False,
Acute exposure to high dose gammaradiation results.txt,cleaned,63696,45911,27.92,2999,11992,0,2795,,10.1016/j.bone.2013.08.002,Bone,Acute Exposure to High Dose γ-Radiation Results in Transient Activation of Bone Lining Cells,0.944,False,
Morbid obesity attenuates the skeletal abnormaliti.txt,cleaned,64035,43653,31.83,2266,14553,0,3564,,10.1530/JOE-14-0224,J Endocrinol,Morbid Obesity Attenuates the Skeletal Abnormalities Associated with Leptin Deficiency in Mice,1.0,False,
Hypothalamic leptin gene therapy reduces body weig.txt,cleaned,69362,38965,43.82,3467,22067,0,4864,,10.1530/JOE-15-0280,J Endocrinol,Hypothalamic Leptin Gene Therapy Reduces Body Weight without Accelerating Age-Related Bone Loss,1.0,False,
Hypothalamic Leptin Gene Therapy Reduces Bone Marr.txt,cleaned,50616,32813,35.17,2859,11526,573,2846,Author contributions|Competing interests,10.3389/fendo.2016.00110,Front Endocrinol (Lausanne),Hypothalamic Leptin Gene Therapy Reduces Bone Marrow Adiposity in ob/ob Mice Fed Regular and High-Fat Diets,1.0,False,
Room temperature housing results in premature canc.txt,cleaned,51397,34304,33.26,3334,11030,367,2363,Supplementary,10.1007/s00198-016-3634-3,Osteoporos Int,Room Temperature Housing Results in Premature Cancellous Bone Loss in Growing Female Mice: Implications for the Mouse as a Preclinical Model for Age-Related Bone Loss,1.0,False,
Spaceflightinduced vertebral bone loss in ovariect.txt,cleaned,28809,19199,33.36,2664,5342,0,1605,,10.1038/npjmgrav.2016.16,NPJ Microgravity,Spaceflight-induced vertebral bone loss in ovariectomized rats is associated with increased bone marrow adiposity and no change in bone formation,1.0,False,
Role of oestrogen receptor signaling in skeletal r.txt,cleaned,48126,33356,30.69,2139,9179,1356,2097,Data availability|Author contributions|Funding|Competing interests,10.3389/fendo.2021.749449,Front Endocrinol (Lausanne),The Role of Estrogen Receptor α in Response to Longitudinal Bone Growth in ob/ob Mice,0.686,False,
Effects of hypothalamic leptin gene therapy on ost.txt,cleaned,45627,28468,37.61,2350,12129,0,2681,,10.1530/JOE-17-0524,J Endocrinol,Effects of hypothalamic leptin gene therapy on osteopetrosis in leptin-deficient mice,1.0,False,
Leptin stimulates bone formation in obob mice at d.txt,cleaned,60056,42014,30.04,2158,13032,0,2853,,10.1530/JOE-16-0484,J Endocrinol,Leptin Stimulates Bone Formation in ob/ob Mice at Doses Having Minimal Impact on Energy Metabolism,1.0,False,
Bone Marrow Adipose Tissue Deficiency Increases Di.txt,cleaned,49745,32273,35.12,2246,11965,81,3181,Supplementary|Supplementary,10.1038/srep46325,Sci Rep,Bone Marrow Adipose Tissue Deficiency Increases Disuse-Induced Bone Loss in Male Mice,1.0,False,
Metabolic Coupling Between Bone Marrow Adipose Tis.txt,excluded_title_mismatch,51886,0,100.0,0,0,0,2333,,10.3390/metabo12121205,Metabolites,Mannose Receptor Deficiency Impacts Bone Marrow and Circulating Immune Cells during High Fat Diet Induced Obesity,0.398,True,"título divergente (sim=0.40): metadata diz 'Metabolic Coupling Between Bone Marrow A', documento é 'Mannose Receptor Deficiency Impacts Bone'"
Maintenance of near normal bone mass and architect.txt,cleaned,64678,51286,20.71,2963,8132,0,2298,,10.1667/RR15164.1,Radiat Res,Maintenance of Near Normal Bone Mass and Architecture in Lethally Irradiated Female Mice following Adoptive Transfer with as few as 750 Purified Hematopoietic Stem Cells,1.0,False,
Effect of leptin deficiency on the skeletal respon.txt,cleaned,60895,37764,37.99,2598,16430,64,4040,Supplementary,10.1038/s41598-019-45587-0,Sci Rep,Effect of Leptin Deficiency on the Skeletal Response to Hindlimb Unloading in Adult Male Mice,1.0,False,
Thermoneutral housing attenuates premature cancell.txt,cleaned,53880,36317,32.6,3216,11201,110,3037,Funding,10.1530/EC-19-0359,Endocr Connect,Thermoneutral housing attenuates premature cancellous bone loss in male C57BL/6J mice,1.0,False,
Effects of Spaceflight on Cancellous and Cortical .txt,cleaned,37519,24248,35.37,2256,8907,85,2024,Footnotes,10.1016/j.bonr.2021.100755,Bone Rep,Effects of spaceflight on cancellous and cortical bone in proximal femur in growing rats ☆,1.0,False,
Evidence for increased thermogenesis in female C57.txt,cleaned,22581,12577,44.3,2087,6056,99,1763,Supplementary|Supplementary,10.1038/s41526-021-00150-y,NPJ Microgravity,Evidence for increased thermogenesis in female C57BL/6J mice housed aboard the international space station,1.0,False,
Leptin and environmental temperature as determinan.txt,cleaned,65644,40432,38.41,3080,16419,1589,4125,Data availability|Supplementary|Author contributions|Funding|Competing interests|Supplementary,10.3389/fendo.2022.959743,Front Endocrinol (Lausanne),Leptin and environmental temperature as determinants of bone marrow adiposity in female mice,1.0,False,
Small changes in thermoregulation influence cancel.txt,cleaned,42963,33683,21.6,2411,5140,0,1730,,10.1016/j.bonr.2023.101675,Bone Rep,Small changes in thermoregulation influence cancellous bone turnover balance in distal femur metaphysis in growing female mice,1.0,False,
Bone Marrow Adipose Tissue Is Not Required for Rec.txt,cleaned,54769,35384,35.39,3231,11662,1465,3028,Author contributions|Data availability|Funding|Footnotes,10.3390/ijms25041980,Int J Mol Sci,Bone Marrow Adipose Tissue Is Not Required for Reconstitution of the Immune System following Irradiation in Male Mice,1.0,False,
Simulated Microgravity Promotes Horizontal Gene Tr.txt,cleaned,35788,21143,40.92,2161,8596,1675,2214,Supplementary|Author contributions|Funding|Data availability|Footnotes,10.3390/life11090960,Life (Basel),Simulated Microgravity Promotes Horizontal Gene Transfer of Antimicrobial Resistance Genes between Bacterial Genera in the Absence of Antibiotic Selective Pressure,1.0,False,
Understanding the Complexities and Changes of the .txt,flagged,249776,227071,9.09,0,0,0,22706,,10.3390/life12040495,Life (Basel),Understanding the Complexities and Changes of the Astronaut Microbiome for Successful Long-Duration Space Missions,1.0,False,S1: corte agressivo revertido (restariam 9% do original); apenas R6 aplicado
Toward sustainable space exploration a roadmap for.txt,cleaned,73476,44125,39.95,4683,21028,0,3641,,10.1038/s41467-023-37070-2,Nat Commun,Toward sustainable space exploration: a roadmap for harnessing the power of microorganisms,1.0,False,
Roll maneuvers are essential for active reorientat.txt,cleaned,66992,50181,25.09,2787,10522,390,3113,Supplementary,10.1073/pnas.1706754115,Proc Natl Acad Sci U S A,Roll maneuvers are essential for active reorientation of Caenorhabditis elegans in 3D media,1.0,False,
Microfluidic Device for Studying Nematodes.txt,excluded_title_mismatch,49564,0,100.0,2278,10332,0,1904,,10.1371/journal.pone.0318143,PLoS One,Development of a size-separation technique to isolate Caenorhabditis elegans embryos using mesh filters,0.242,True,"título divergente (sim=0.24): metadata diz 'Microfluidic Device for Studying Nematod', documento é 'Development of a size-separation techniq'"
NemaFlex A microfluidicsbased technology for stand.txt,cleaned,68632,55193,19.58,2027,8303,311,2799,Supplementary,10.1039/c8lc00103k,Lab Chip,NemaFlex: A microfluidics-based technology for standardized measurement of muscular strength of C. elegans,1.0,False,
Swim exercise in Caenorhabditis elegans extends ne.txt,cleaned,73858,54280,26.51,3398,12179,186,3816,Supplementary,10.1073/pnas.1909210116,Proc Natl Acad Sci U S A,"Swim exercise in Caenorhabditis elegans extends neuromuscular and gut healthspan, enhances learning ability, and protects against neurodegeneration",1.0,False,
Molecular muscle experiment Hardware and operation.txt,cleaned,46355,33416,27.91,3617,7376,0,1947,,10.1089/ast.2019.2181,Astrobiology,Molecular Muscle Experiment: Hardware and Operational Lessons for Future Astrobiology Space Experiments,1.0,False,
Tart Cherry Increases Lifespan in Caenorhabditis e.txt,cleaned,61873,33546,45.78,2214,21749,0,4365,,10.3390/nu12051482,Nutrients,Tart Cherry Increases Lifespan in Caenorhabditis elegans by Altering Metabolic Signaling Pathways,1.0,False,
A region of UNC89 obscurin lying between two prote.txt,cleaned,74834,48603,35.05,2158,17277,2916,3881,Supplementary,10.1016/j.jmb.2020.06.024,J Mol Biol,A Region of UNC-89 (obscurin) Lying Between Two Protein Kinase Domains is a Highly Elastic Spring Required for Proper Sarcomere Organization,1.0,False,
NemaLife chip a micropillarbased microfluidic cult.txt,cleaned,91472,65707,28.17,2988,17828,250,4700,Supplementary,10.1038/s41598-020-73002-6,Sci Rep,NemaLife chip: a micropillar-based microfluidic culture device optimized for aging studies in crawling C. elegans,1.0,False,
Spaceflight affects neuronal morphology and alters.txt,cleaned,76757,52928,31.04,3009,17259,0,3562,,10.1016/j.isci.2021.102105,iScience,Spaceflight affects neuronal morphology and alters transcellular degradation of neuronal debris in adult Caenorhabditis elegans,1.0,False,
Microfluidicsintegrated spaceflight hardware for m.txt,cleaned,74690,53463,28.42,3042,14556,129,3501,Supplementary|Supplementary,10.1038/s41526-022-00241-4,NPJ Microgravity,Microfluidics-integrated spaceflight hardware for measuring muscle strength of Caenorhabditis elegans on the International Space Station,1.0,False,
A Compact Imaging Platform for Conducting C elegan.txt,cleaned,53884,33383,38.05,1188,14256,1598,3460,Author contributions|Data availability|Funding|Footnotes,10.3390/life13010200,Life (Basel),A Compact Imaging Platform for Conducting C. elegans Phenotypic Assays on Earth and in Spaceflight,1.0,False,
Mitochondrial sulfide promotes life span and healt.txt,cleaned,87565,58041,33.72,5802,18103,161,5459,Supplementary,10.1073/pnas.2216141120,Proc Natl Acad Sci U S A,Mitochondrial sulfide promotes life span and health span through distinct mechanisms in developing versus adult treated Caenorhabditis elegans,1.0,False,
Bisphosphonates attenuate agerelated muscle declin.txt,cleaned,50059,33350,33.38,3473,9765,1084,2388,Competing interests,10.1002/jcsm.13335,J Cachexia Sarcopenia Muscle,Bisphosphonates attenuate age‐related muscle decline in Caenorhabditis elegans,1.0,False,
Spaceflight Induces Strength Decline in Caenorhabd.txt,cleaned,94745,45899,51.56,7712,34020,0,7115,,10.3390/cells12202470,Cells,Spaceflight Induces Strength Decline in Caenorhabditis elegans,1.0,False,
Metabolic model predictions enable targeted microb.txt,cleaned,88505,54927,37.94,8070,20959,78,4472,Supplementary,10.1128/spectrum.01144-23,Microbiol Spectr,Metabolic model predictions enable targeted microbiome manipulation through precision prebiotics,1.0,False,
Transcriptomics analysis reveals molecular alterat.txt,cleaned,127092,75784,40.37,9159,34511,357,7282,Supplementary|Supplementary,10.1038/s43856-024-00532-9,Commun Med (Lond),Transcriptomics analysis reveals molecular alterations underpinning spaceflight dermatology,1.0,False,
Identification and characterization of a skin micr.txt,cleaned,74947,49214,34.33,4209,17787,0,3738,,10.1128/spectrum.00169-24,Microbiol Spectr,Identification and characterization of a skin microbiome on Caenorhabditis elegans suggests environmental microbes confer cuticle protection,1.0,False,
New perspectives on viable microbial communities i.txt,cleaned,65294,45156,30.84,2165,14662,0,3312,,10.1038/ismej.2012.114,ISME J,New perspectives on viable microbial communities in low-biomass cleanroom environments,1.0,False,
Microbial existence in controlled habitats and the.txt,excluded_title_mismatch,53588,0,100.0,5279,11895,0,2853,,10.1371/journal.pone.0288290,PLoS One,Wild mouse gut microbiota limits initial tuberculosis infection in BALB/c mice,0.3,True,"título divergente (sim=0.30): metadata diz 'Microbial existence in controlled habita', documento é 'Wild mouse gut microbiota limits initial'"
Microbiomes of the dust particles collected from t.txt,cleaned,91656,64111,30.05,3134,20268,0,4144,,10.1186/s40168-015-0116-3,Microbiome,Microbiomes of the dust particles collected from the International Space Station and Spacecraft Assembly Facilities,1.0,False,
Draft genome sequences of two Aspergillus fumigatu.txt,cleaned,10706,4916,54.08,1263,3854,0,674,,10.1128/genomeA.00553-16,Genome Announc,"Draft Genome Sequences of Two Aspergillus fumigatus Strains, Isolated from the International Space Station",1.0,False,
Characterization of Aspergillus fumigatus isolates.txt,excluded_duplicate_doi,62686,0,100.0,3317,23604,2008,4736,Supplementary,10.1016/j.fgb.2019.01.001,Fungal Genet Biol,Proteomic characterization of Aspergillus fumigatus isolated from air and surfaces of the International Space Station,0.878,False,DOI 10.1016/j.fgb.2019.01.001 já representado por 'Proteomic characterization of Aspergillus fu'
Draft genome sequences of biosafety level 2 opport.txt,cleaned,12349,6232,49.53,1590,3684,0,844,,10.1128/genomeA.01263-16,Genome Announc,Draft Genome Sequences of Biosafety Level 2 Opportunistic Pathogens Isolated from the Environmental Surfaces of the International Space Station,1.0,False,
Draft Genome Sequences of Several Fungal Strains S.txt,flagged,14366,13092,8.87,0,0,0,1275,,10.1128/genomeA.01602-16,Genome Announc,Draft Genome Sequences of Several Fungal Strains Selected for Exposure to Microgravity at the International Space Station,1.0,False,S1: corte agressivo revertido (restariam 35% do original); apenas R6 aplicado
Human presence impacts fungal diversity of inflate.txt,cleaned,87038,51178,41.2,2457,28938,0,4466,,10.1186/s40168-017-0280-8,Microbiome,Human presence impacts fungal diversity of inflated lunar/Mars analog habitat,1.0,False,
Whole metagenome profiles of particulates collecte.txt,excluded,4084,0,100.0,0,0,0,385,,10.1186/s40168-017-0330-2,Microbiome,Erratum to: Whole metagenome profiles of particulates collected from the International Space Station,0.888,False,documento não-científico: Erratum to: Whole metagenome profiles of particulates collec
Microbial Characteristics of ISS Environmental Sur.txt,excluded_title_mismatch,66154,0,100.0,3492,18318,134,3714,Supplementary|Supplementary,10.1038/s41522-021-00240-5,NPJ Biofilms Microbiomes,Longitudinal characterization of multispecies microbial populations recovered from spaceflight potable water,0.51,True,"título divergente (sim=0.51): metadata diz 'Microbial Characteristics of ISS Environ', documento é 'Longitudinal characterization of multisp'"
Draft Genome Sequences from a Novel Clade of Bacil.txt,cleaned,14835,8401,43.37,0,5370,0,1065,,10.1128/genomeA.00680-17,Genome Announc,"Draft Genome Sequences from a Novel Clade of Bacillus cereus Sensu Lato Strains, Isolated from the International Space Station",0.989,False,
Draft Genome Sequences of Acinetobacter and Bacill.txt,cleaned,11205,4544,59.45,1623,4035,0,1004,,10.1128/genomeA.01554-17,Genome Announc,Draft Genome Sequences of Acinetobacter and Bacillus Strains Isolated from Spacecraft-Associated Surfaces,1.0,False,
KatharoSeq enables highthroughput microbiome analy.txt,cleaned,72031,50856,29.4,4852,13297,531,2496,Data availability,10.1128/mSystems.00218-17,mSystems,KatharoSeq Enables High-Throughput Microbiome Analysis from Low-Biomass Samples,1.0,False,
Draft genome sequence of a clinical isolate of Fus.txt,cleaned,6339,3691,41.77,770,1437,0,442,,10.1128/genomeA.00476-18,Genome Announc,Draft Genome Sequence of a Clinical Isolate of Fusarium fujikuroi Isolated from a Male Patient with Acute Myeloid Leukemia,1.0,False,
Draft Genome Sequence of Solibacillus kalamii Isol.txt,cleaned,7660,3413,55.44,1482,2269,0,497,,10.1128/genomeA.00696-17,Genome Announc,"Draft Genome Sequence of Solibacillus kalamii , Isolated from an Air Filter Aboard the International Space Station",1.0,False,
Detection of antimicrobial resistance genes associ.txt,excluded_title_mismatch,80325,0,100.0,3543,20366,4696,3429,Supplementary|Supplementary,10.1186/s40168-022-01293-0,Microbiome,"Microbial Tracking-2, a metagenomics analysis of bacteria and fungi onboard the International Space Station",0.422,True,"título divergente (sim=0.42): metadata diz 'Detection of antimicrobial resistance ge', documento é 'Microbial Tracking-2, a metagenomics ana'"
Draft genome sequences of two Fusarium oxysporum i.txt,flagged,9700,8998,7.24,0,0,0,703,,10.1128/genomeA.00326-18,Genome Announc,Draft Genome Sequences of Two Fusarium oxysporum Isolates Cultured from Infected Zinnia hybrida Plants Grown on the International Space Station,1.0,False,S1: corte agressivo revertido (restariam 40% do original); apenas R6 aplicado
Characterization of Aspergillus niger Isolated fro.txt,cleaned,65662,46047,29.87,2999,12837,716,3064,Data availability|Supplementary|Author contributions|Competing interests,10.3389/fmicb.2020.00931,Front Microbiol,Metabolomic Analysis of Aspergillus niger Isolated From the International Space Station Reveals Enhanced Production Levels of the Antioxidant Pyranonigrin A,0.821,False,
Multidrug resistant Enterobacter bugandensis speci.txt,cleaned,59093,35287,40.29,3035,17836,0,2936,,10.1186/s12866-018-1325-2,BMC Microbiol,Multi-drug resistant Enterobacter bugandensis species isolated from the International Space Station and comparative genomic analyses with human pathogenic strains,1.0,False,
Succession and persistence of microbial communitie.txt,excluded,3351,0,100.0,0,0,0,335,,10.1186/s40168-018-0609-y,Microbiome,Correction to: Succession and persistence of microbial communities and antimicrobial resistance genes associated with International Space Station environmental surfaces,0.844,False,documento não-científico: Correction to: Succession and persistence of microbial commu
International Space Station conditions alter genom.txt,cleaned,78297,47369,39.5,4682,21445,412,4390,Data availability|Supplementary,10.1007/s00253-018-9525-0,Appl Microbiol Biotechnol,"International Space Station conditions alter genomics, proteomics, and metabolomics in Aspergillus nidulans",1.0,False,
Proteomic characterization of Aspergillus fumigatu.txt,cleaned,62686,29022,53.7,3317,23604,2008,4736,Supplementary,10.1016/j.fgb.2019.01.001,Fungal Genet Biol,Proteomic characterization of Aspergillus fumigatus isolated from air and surfaces of the International Space Station,1.0,False,
Genomic Characterization and Virulence Potential o.txt,cleaned,82807,52202,36.96,2683,23961,227,3735,Data availability,10.1128/mSystems.00345-18,mSystems,Genomic Characterization and Virulence Potential of Two Fusarium oxysporum Isolates Cultured from the International Space Station,1.0,False,
Characterization of the total and viable bacterial.txt,cleaned,114419,74155,35.19,4530,30289,0,5446,,10.1186/s40168-019-0666-x,Microbiome,Characterization of the total and viable bacterial and fungal communities associated with the International Space Station surfaces,1.0,False,
Proteomic and Metabolomic Characteristics of Extre.txt,cleaned,79059,50758,35.8,3953,19110,999,4240,Author contributions|Competing interests,10.3389/fmicb.2019.01013,Front Microbiol,Proteomic and Metabolomic Characteristics of Extremophilic Fungi Under Simulated Mars Conditions,1.0,False,
MetaMiner A Scalable Peptidogenomics Approach for .txt,cleaned,71896,41645,42.08,10211,14268,2039,3734,Supplementary,10.1016/j.cels.2019.09.004,Cell Syst,MetaMiner: A Scalable Peptidogenomics Approach for Discovery of Ribosomal Peptide Natural Products with Blind Modifications from Microbial Communities,1.0,False,
Draft Genome Sequences of Sphingomonas Species Ass.txt,flagged,12972,11911,8.18,0,0,0,1062,,10.1128/MRA.00578-20,Microbiol Resour Announc,Draft Genome Sequences of Sphingomonas Species Associated with the International Space Station,1.0,False,S1: corte agressivo revertido (restariam 33% do original); apenas R6 aplicado
Draft Genome Sequences of Tremellomycetes Strains .txt,flagged,12688,11789,7.09,0,0,0,900,,10.1128/MRA.00504-20,Microbiol Resour Announc,Draft Genome Sequences of Tremellomycetes Strains Isolated from the International Space Station,1.0,False,S1: corte agressivo revertido (restariam 36% do original); apenas R6 aplicado
Draft Genome Sequences of Rhodotorula mucilaginosa.txt,cleaned,16290,7103,56.4,2968,4841,226,1153,Data availability,10.1128/MRA.00570-20,Microbiol Resour Announc,Draft Genome Sequences of Rhodotorula mucilaginosa Strains Isolated from the International Space Station,1.0,False,
Draft Genome Sequences of Enterobacteriales Strain.txt,cleaned,17060,7793,54.32,3373,4562,300,1033,Data availability,10.1128/MRA.00817-20,Microbiol Resour Announc,Draft Genome Sequences of Enterobacteriales Strains Isolated from the International Space Station,1.0,False,
Draft Genome Sequences of Lactobacillales Isolated.txt,cleaned,16188,7137,55.91,3288,4517,271,976,Data availability,10.1128/MRA.00942-20,Microbiol Resour Announc,Draft Genome Sequences of Lactobacillales Isolated from the International Space Station,1.0,False,
Draft Genome Sequences of Klebsiella Species Isola.txt,cleaned,15424,6479,57.99,2995,4486,428,1037,Data availability,10.1128/MRA.00923-20,Microbiol Resour Announc,Draft Genome Sequences of Klebsiella Species Isolated from the International Space Station,1.0,False,
Draft Genome Sequences of Bacillaceae Strains Isol.txt,cleaned,15533,7293,53.05,2734,4253,282,972,Data availability,10.1128/MRA.00701-20,Microbiol Resour Announc,Draft Genome Sequences of Bacillaceae Strains Isolated from the International Space Station,1.0,False,
Assessing the risk of transfer of microorganisms a.txt,cleaned,92651,63735,31.21,3759,19252,2504,3402,Data availability|Author contributions|Competing interests,10.3389/fmicb.2020.566412,Front Microbiol,Assessing the Risk of Transfer of Microorganisms at the International Space Station Due to Cargo Delivery by Commercial Resupply Vehicles,1.0,False,
Methylobacterium ajmalii sp nov isolated from the .txt,cleaned,62618,41612,33.55,2772,12817,2633,2785,Data availability|Author contributions|Competing interests,10.3389/fmicb.2021.639396,Front Microbiol,"Methylobacterium ajmalii sp. nov., Isolated From the International Space Station",1.0,False,
Draft Genome Sequences of Aspergillus and Penicill.txt,cleaned,19386,9213,52.48,2860,5784,332,1198,Data availability,10.1128/MRA.01398-20,Microbiol Resour Announc,Draft Genome Sequences of Aspergillus and Penicillium Species Isolated from the International Space Station and Crew Resupply Vehicle Capsule,1.0,False,
Advances in Space Microbiology.txt,excluded_title_mismatch,81750,0,100.0,2021,0,30841,6520,Author contributions|Acknowledgments|Data availability|References|Data availability,10.1002/ece3.71371,Ecol Evol,MHC Diversity Across Time and Space,0.277,True,"título divergente (sim=0.28): metadata diz 'Advances in Space Microbiology', documento é 'MHC Diversity Across Time and Space'"
Effects of simulated microgravity on the proteome .txt,cleaned,134241,94416,29.67,3375,28989,1179,6283,Data availability|Author contributions|Competing interests,10.3389/fgene.2021.638708,Front Genet,Effects of Simulated Microgravity on the Proteome and Secretome of the Polyextremotolerant Black Fungus Knufia chersonesos,1.0,False,
Draft Genome Sequences of Various Bacterial Phyla .txt,cleaned,29853,16620,44.33,2958,8182,296,1798,Data availability,10.1128/MRA.00214-21,Microbiol Resour Announc,Draft Genome Sequences of Various Bacterial Phyla Isolated from the International Space Station,1.0,False,
Evaluating the lettuce metatranscriptome with MinI.txt,cleaned,67516,43437,35.66,2688,17410,167,3815,Supplementary|Supplementary,10.1038/s41526-021-00151-x,NPJ Microgravity,Evaluating the lettuce metatranscriptome with MinION sequencing for future spaceflight food production applications,1.0,False,
Investigation of Spaceflight Induced Changes to As.txt,excluded_title_mismatch,114186,0,100.0,7074,23786,0,5021,,10.3390/ijms26073094,Int J Mol Sci,Molecular Mechanism of Microgravity-Induced Intestinal Flora Dysbiosis on the Abnormalities of Liver and Brain Metabolism,0.39,True,"título divergente (sim=0.39): metadata diz 'Investigation of Spaceflight Induced Cha', documento é 'Molecular Mechanism of Microgravity-Indu'"
Genomic Characterization of Potential Plant Growth.txt,cleaned,78581,51102,34.97,2188,20853,268,4171,Data availability|Supplementary,10.1128/spectrum.01994-21,Microbiol Spectr,Genomic Characterization of Potential Plant Growth-Promoting Features of Sphingomonas Strains Isolated from the International Space Station,1.0,False,
Genomic Characterization of the Titanlike Cell Pro.txt,cleaned,90296,53850,40.36,3977,28005,0,4465,,10.3390/jof8020165,J Fungi (Basel),"Genomic Characterization of the Titan-like Cell Producing Naganishia tulchinskyi , the First Novel Eukaryote Isolated from the International Space Station",1.0,False,
Metabolic modeling of the International Space Stat.txt,cleaned,82460,46768,43.28,3603,19932,8985,3173,Supplementary|Supplementary,10.1186/s40168-022-01279-y,Microbiome,Metabolic modeling of the International Space Station microbiome reveals key microbial interactions,1.0,False,
Microbial Burden Estimation of Food Items Built En.txt,cleaned,54763,36256,33.79,1623,14633,0,2252,,10.3390/microorganisms10091714,Microorganisms,"Microbial Burden Estimation of Food Items, Built Environments, and the International Space Station Using Film Media",1.0,False,
Multidrugresistant Acinetobacter pittii is adaptin.txt,cleaned,71077,41746,41.27,3691,20557,1885,3199,Supplementary|Supplementary,10.1186/s40168-022-01358-0,Microbiome,Multidrug-resistant Acinetobacter pittii is adapting to and exhibiting potential succession aboard the International Space Station,1.0,False,
Characterization of metagenomeassembled genomes fr.txt,cleaned,83537,61597,26.26,2962,15511,297,3171,Supplementary|Supplementary,10.1186/s40168-023-01545-7,Microbiome,Characterization of metagenome-assembled genomes from the International Space Station,1.0,False,
Genomic analysis reveals the presence of emerging .txt,cleaned,65097,36983,43.19,4323,19954,0,3838,,10.1128/spectrum.01897-23,Microbiol Spectr,Genomic analysis reveals the presence of emerging pathogenic Klebsiella lineages aboard the International Space Station,1.0,False,
Genomic functional and metabolic enhancements in m.txt,cleaned,81636,52496,35.7,3898,19598,2120,3525,Supplementary|Supplementary,10.1186/s40168-024-01777-1,Microbiome,"Genomic, functional, and metabolic enhancements in multidrug-resistant Enterobacter bugandensis facilitating its persistence and succession in the International Space Station",0.989,False,
Phylogenomics phenotypic and functional traits of .txt,cleaned,111387,76320,31.48,4620,25153,69,5226,Supplementary,10.1038/s41598-023-44172-w,Sci Rep,"Phylogenomics, phenotypic, and functional traits of five novel (Earth-derived) bacterial species isolated from the International Space Station and their prevalence in metagenomes",1.0,False,
Spatial regulation of a common precursor from two .txt,cleaned,45165,34953,22.61,2688,5433,0,2092,,10.1039/c5sc01058f,Chem Sci,Spatial regulation of a common precursor from two distinct genes generates metabolite diversity †,1.0,False,
Recent advances in the genome mining of Aspergillu.txt,cleaned,102746,66437,35.34,1755,25765,0,8790,,10.1039/c9md00054b,Medchemcomm,Recent advances in the genome mining of Aspergillus secondary metabolites (covering 2012–2018),1.0,False,
Cortical thinning and structural bone changes in n.txt,cleaned,45796,26059,43.1,3367,13614,0,2757,,10.1667/RR15007.1,Radiat Res,Cortical Thinning and Structural Bone Changes in Non-human Primates Following Single Fraction Whole Chest Radiation,0.9,False,
Knee and Hip Joint Cartilage Damage from Combined .txt,cleaned,45625,31399,31.18,3469,8487,0,2271,,10.1667/RR15216.1,Radiat Res,Knee and Hip Joint Cartilage Damage from Combined Spaceflight Hazards of Low-Dose Radiation Less than 1 Gy and Prolonged Hindlimb Unloading,1.0,False,
The individual and combined effects of spaceflight.txt,cleaned,160283,88082,45.05,2578,0,55552,14072,Acknowledgments|References,10.1080/26896583.2021.1885283,J Environ Sci Health C Toxicol Carcinog,THE INDIVIDUAL AND COMBINED EFFECTS OF SPACEFLIGHT RADIATION AND MICROGRAVITY ON BIOLOGIC SYSTEMS AND FUNCTIONAL OUTCOMES,1.0,False,
Spaceflight and hind limb unloading induces an art.txt,cleaned,77437,54455,29.68,5870,13542,68,3503,Supplementary,10.1038/s41598-021-90010-2,Sci Rep,Spaceflight and hind limb unloading induces an arthritic phenotype in knee articular cartilage and menisci of rodents,1.0,False,
ŒKlotho decreases after reduced weightbearing from.txt,cleaned,19506,10837,44.44,2735,4624,57,1254,Supplementary,10.1038/s41526-022-00203-w,NPJ Microgravity,αKlotho decreases after reduced weight-bearing from both spaceflight and hindlimb unloading,1.0,False,
Prolonged exposure to particulate chromate inhibit.txt,cleaned,42248,30980,26.67,1753,7892,0,1624,,10.1016/j.taap.2017.05.030,Toxicol Appl Pharmacol,Prolonged Exposure to Particulate Chromate Inhibits RAD51 Nuclear Import Mediator Proteins,1.0,False,
Transcriptomics NFŒB Pathway and Their Potential S.txt,cleaned,61919,34813,43.78,2320,20298,0,4489,,10.3390/ijms18061166,Int J Mol Sci,"Transcriptomics, NF-κB Pathway, and Their Potential Spaceflight-Related Health Consequences",1.0,False,
Interplay of space radiation and microgravity in D.txt,cleaned,52777,33162,37.17,2050,14597,0,2969,,10.1038/s41526-017-0019-7,NPJ Microgravity,Interplay of space radiation and microgravity in DNA damage and DNA damage response,1.0,False,
Synergistic Effects of Weightlessness Isoprotereno.txt,cleaned,91158,56534,37.98,3358,24572,1220,5475,Author contributions|Funding,10.3390/ijms19113689,Int J Mol Sci,"Synergistic Effects of Weightlessness, Isoproterenol, and Radiation on DNA Damage Response and Cytokine Production in Immune Cells",1.0,False,
Transcriptome and proteome responses in RNAlater p.txt,cleaned,33420,24105,27.87,1977,6105,0,1234,,10.1371/journal.pone.0175943,PLoS One,Transcriptome and proteome responses in RNAlater preserved tissue of Arabidopsis thaliana,1.0,False,
Spaceflight induces novel regulatory responses in .txt,cleaned,76309,54490,28.59,2904,15660,126,3130,Supplementary,10.1186/s12870-020-02392-6,BMC Plant Biol,Spaceflight induces novel regulatory responses in Arabidopsis seedling as revealed by combined proteomic and transcriptomic analyses,1.0,False,
Mitigation and use of biofilms in space for the be.txt,excluded_title_mismatch,248401,0,100.0,2606,91030,0,19022,,10.1038/s41526-023-00285-0,NPJ Microgravity,Microbial applications for sustainable space exploration beyond low Earth orbit,0.422,True,"título divergente (sim=0.42): metadata diz 'Mitigation and use of biofilms in space ', documento é 'Microbial applications for sustainable s'"
Longitudinal characterization of multispecies micr.txt,cleaned,66154,40497,38.78,3492,18318,134,3714,Supplementary|Supplementary,10.1038/s41522-021-00240-5,NPJ Biofilms Microbiomes,Longitudinal characterization of multispecies microbial populations recovered from spaceflight potable water,1.0,False,
Designing a Novel Monitoring Approach for the Effe.txt,cleaned,52825,32792,37.92,1909,13011,2314,2800,Supplementary|Author contributions|Data availability|Funding|Footnotes,10.3390/life13020576,Life (Basel),Designing a Novel Monitoring Approach for the Effects of Space Travel on Astronauts’ Health,1.0,False,
Draft genome sequence of Sphingomonas paucimobilis.txt,flagged,15673,14328,8.58,0,0,0,1346,,10.1128/MRA.00345-23,Microbiol Resour Announc,"Draft genome sequence of Sphingomonas paucimobilis strain Sph5, isolated from tap water filtration membrane",1.0,False,S1: corte agressivo revertido (restariam 31% do original); apenas R6 aplicado
Overexpression of CupB5 activates alginate overpro.txt,cleaned,52637,37470,28.81,2290,10169,123,2586,Supplementary,10.1111/mmi.12665,Mol Microbiol,Overexpression of CupB5 activates alginate overproduction in Pseudomonas aeruginosa by a novel AlgW-dependent mechanism,1.0,False,
Burn injuryassociated MHCII immune cell accumulati.txt,cleaned,44556,28332,36.41,2166,10881,116,3062,Supplementary,10.1089/lrb.2017.0032,Lymphat Res Biol,Burn Injury-Associated MHCII + Immune Cell Accumulation Around Lymphatic Vessels of the Mesentery and Increased Lymphatic Endothelial Permeability Are Blocked by Doxycycline Treatment,1.0,False,
CubeSats for microbiology and astrobiology researc.txt,cleaned,70461,45797,35.0,6785,14907,58,2915,Supplementary,10.1038/s41526-023-00292-1,NPJ Microgravity,Future space experiment platforms for astrobiology and astrochemistry research,0.62,False,
In situ resource utilisation The potential for spa.txt,excluded_title_mismatch,110291,0,100.0,1783,39392,0,7112,,10.1007/s00792-021-01253-w,Extremophiles,The smallest space miners: principles of space biomining,0.41,True,"título divergente (sim=0.41): metadata diz 'In situ resource utilisation: The potent', documento é 'The smallest space miners: principles of'"
Simulated micro lunar and Martian gravities on Ear.txt,cleaned,59336,40161,32.32,2431,14245,0,2500,,10.3390/life12091399,Life (Basel),"Simulated Micro-, Lunar, and Martian Gravities on Earth—Effects on Escherichia coli Growth, Phenotype, and Sensitivity to Antibiotics",1.0,False,
Biofilm formation of Pseudomonas aeruginosa in spa.txt,cleaned,83741,53845,35.7,2433,22489,541,4434,Supplementary,10.1038/s41526-023-00316-w,NPJ Microgravity,Biofilm formation of Pseudomonas aeruginosa in spaceflight is minimized on lubricant impregnated surfaces,1.0,False,
Competitive Growth Assay of Mutagenized Chlamydomo.txt,cleaned,55266,37181,32.72,2647,11832,742,2865,Data availability|Author contributions|Competing interests,10.3389/fpls.2020.00631,Front Plant Sci,Competitive Growth Assay of Mutagenized Chlamydomonas reinhardtii Compatible With the International Space Station Veggie Plant Growth Chamber,1.0,False,
Spatial Characterization of Microbial Communities .txt,cleaned,90264,56444,37.47,6453,22712,0,4656,,10.3390/life11101060,Life (Basel),Spatial Characterization of Microbial Communities on Multi-Species Leafy Greens Grown Simultaneously in the Vegetable Production Systems on the International Space Station,1.0,False,
Response of Arabidopsis thaliana and Mizuna mustar.txt,cleaned,61500,42808,30.39,3899,12572,0,2222,,10.3390/life12020144,Life (Basel),Response of Arabidopsis thaliana and Mizuna Mustard Seeds to Simulated Space Radiation Exposures,1.0,False,
Editorial Revisiting the limits of plant life  pla.txt,cleaned,13354,10375,22.31,0,1456,882,642,Author contributions|Competing interests,10.3389/fpls.2023.1267183,editorial,Editorial: Revisiting the limits of plant life - plant adaptations to extreme terrestrial environments relating to astrobiology and space biology,1.0,False,
Metagenomic interrogation of urban Superfund site .txt,cleaned,72049,43771,39.25,4901,19336,92,3950,Supplementary,10.1093/jambio/lxaf076,J Appl Microbiol,Metagenomic interrogation of urban Superfund site reveals antimicrobial resistance reservoir and bioremediation potential,1.0,False,
In situ monitoring of barrier function onchip via .txt,cleaned,68600,48562,29.21,1864,14344,550,3281,Author contributions|Supplementary,10.1039/d4lc01090f,Lab Chip,"In situ monitoring of barrier function on-chip via automated, non-invasive luminescence sensing †",1.0,False,
37day microgravity exposure in 16week female C57BL.txt,cleaned,69017,43110,37.54,3972,17790,0,4146,,10.1371/journal.pone.0317307,PLoS One,37-Day microgravity exposure in 16-Week female C57BL/6J mice is associated with bone loss specific to weight-bearing skeletal sites,1.0,False,
Effects of Space Flight on Inflammasome Activation.txt,cleaned,64317,28447,55.77,3566,26955,0,5350,,10.3390/cells14060417,Cells,Effects of Space Flight on Inflammasome Activation in the Brain of Mice,1.0,False,
Immunization induces inflammation in the mouse hea.txt,cleaned,66983,37655,43.78,2159,19574,2496,5100,Supplementary,10.1186/s12864-025-11426-y,BMC Genomics,Immunization induces inflammation in the mouse heart during spaceflight,1.0,False,
Analyzing the relationship between gene expression.txt,cleaned,70661,57036,19.28,2894,8702,69,1961,Supplementary,10.1038/s41598-024-81394-y,Sci Rep,Analyzing the relationship between gene expression and phenotype in space-flown mice using a causal inference machine learning ensemble,1.0,False,
Sexspecific cardiovascular adaptations to simulate.txt,cleaned,81176,50687,37.56,5000,20230,64,5196,Supplementary|Supplementary,10.1038/s41526-024-00450-z,NPJ Microgravity,Sex-specific cardiovascular adaptations to simulated microgravity in Sprague-Dawley rats,1.0,False,
NASA open science data repository Open science for.txt,cleaned,78439,49514,36.88,2016,21914,0,4996,,10.1093/nar/gkae1116,Nucleic Acids Res,NASA open science data repository: open science for life in space,1.0,False,
Artificial gravity attenuates the transcriptomic r.txt,cleaned,64152,37639,41.33,5626,17499,0,3389,,10.3390/ijms252212041,Int J Mol Sci,Artificial Gravity Attenuates the Transcriptomic Response to Spaceflight in the Optic Nerve and Retina,1.0,False,
Effect of simulated cosmic radiation on cytomegalo.txt,cleaned,50657,36870,27.22,3688,8523,0,1577,,10.3390/ijms251910337,Int J Mol Sci,Effect of Simulated Cosmic Radiation on Cytomegalovirus Reactivation and Lytic Replication,1.0,False,
Protein kinase 2 of the giant sarcomeric protein U.txt,cleaned,94718,68306,27.88,3370,17941,251,4851,Supplementary|Supplementary,10.1038/s42003-024-07042-3,Commun Biol,Protein kinase 2 of the giant sarcomeric protein UNC-89 regulates mitochondrial morphology and function,1.0,False,
To boldly go where no microRNAs have gone before S.txt,excluded,7947,0,100.0,0,0,0,560,,10.1038/s42003-024-07022-7,Commun Biol,Author Correction: To boldly go where no microRNAs have gone before: spaceflight impact on risk for small-for-gestational-age infants,0.8,False,documento não-científico: Author Correction: To boldly go where no microRNAs have gone
Adaptation to space conditions of novel bacterial .txt,cleaned,84858,49193,42.03,4094,23778,3607,4187,Supplementary|Supplementary,10.1186/s40168-024-01916-8,Microbiome,Adaptation to space conditions of novel bacterial species isolated from the International Space Station revealed by functional gene annotations and comparative genome analysis,1.0,False,
Celebrating 30 years of access to NASA space life .txt,cleaned,18440,11886,35.54,1334,4530,0,691,,10.1093/gigascience/giae066,Gigascience,Celebrating 30 years of access to NASA Space Life Sciences data,1.0,False,
Predicting how varying moisture conditions impact .txt,cleaned,73483,35161,52.15,3674,19921,11698,3030,Supplementary|Supplementary,10.1186/s40168-024-01864-3,Microbiome,Predicting how varying moisture conditions impact the microbiome of dust collected from the International Space Station,1.0,False,
Spaceflight alters hostgut microbiota interactions.txt,cleaned,125354,70949,43.4,6414,38063,569,9360,Supplementary|Supplementary,10.1038/s41522-024-00545-1,NPJ Biofilms Microbiomes,Spaceflight alters host-gut microbiota interactions,1.0,False,
Discoveries from human stem cell research in space.txt,cleaned,62236,42010,32.5,1818,13970,486,3953,Author contributions|Competing interests|Footnotes,10.1038/s41526-024-00425-0,NPJ Microgravity,Discoveries from human stem cell research in space that are relevant to advancing cellular therapies on Earth,1.0,False,
Simulated microgravity impairs human NK natural ki.txt,cleaned,60060,39614,34.04,2995,13906,0,3546,,10.1038/s41526-024-00424-1,NPJ Microgravity,Simulated microgravity impairs human NK cell cytotoxic activity against space radiation-relevant leukemic cells,0.833,False,
Simulated microgravity alters gene regulation link.txt,cleaned,75393,46461,38.37,6084,19058,0,3791,,10.3390/genes15080975,Genes (Basel),Simulated Microgravity Alters Gene Regulation Linked to Immunity and Cardiovascular Disease,1.0,False,
Spaceflight increases sarcoplasmic reticulum Ca2 l.txt,cleaned,45059,20479,54.55,1742,18565,67,4207,Supplementary|Supplementary,10.1038/s41526-024-00419-y,NPJ Microgravity,Spaceflight increases sarcoplasmic reticulum Ca 2+ leak and this cannot be counteracted with BuOE treatment,0.989,False,
