title,source_url,local_path,extraction_method,doi,journal,clean_path,cleaning_status,title_similarity
Mice in Bion-M 1 space mission: training and selection,https://www.ncbi.nlm.nih.gov/pmc/articles/PMC4136787/,data\processed_text\Mice in BionM 1 space mission training and selecti.txt,HTML_EXTRACTION,10.1371/journal.pone.0104830,PLoS One,data/clean_text/Mice in BionM 1 space mission training and selecti.txt,cleaned,1.0
"Microgravity induces pelvic bone loss through osteoclastic activity, osteocytic osteolysis, and osteoblastic cell cycle inhibition by CDKN1a/p21",https://www.ncbi.nlm.nih.gov/pmc/articles/PMC3630201/,data\processed_text\Microgravity induces pelvic bone loss through oste.txt,HTML_EXTRACTION,10.1371/journal.pone.0061372,PLoS One,data/clean_text/Microgravity induces pelvic bone loss through oste.txt,cleaned,1.0
Microgravity validation of a novel system for RNA isolation and multiplex quantitative real time PCR analysis of gene expression on the International Space Station,https://www.ncbi.nlm.nih.gov/pmc/articles/PMC5587110/,data\processed_text\Microgravity validation of a novel system for RNA .txt,HTML_EXTRACTION,10.1371/journal.pone.0183480,PLoS One,data/clean_text/Microgravity validation of a novel system for RNA .txt,cleaned,1.0
Spaceflight Modulates the Expression of Key Oxidative Stress and Cell Cycle Related Genes in Heart,https://www.ncbi.nlm.nih.gov/pmc/articles/PMC8396460/,data\processed_text\Spaceflight Modulates the Expression of Key Oxidat.txt,HTML_EXTRACTION,10.3390/ijms22169088,Int J Mol Sci,data/clean_text/Spaceflight Modulates the Expression of Key Oxidat.txt,cleaned,1.0
Dose- and Ion-Dependent Effects in the Oxidative Stress Response to Space-Like Radiation Exposure in the Skeletal System,https://www.ncbi.nlm.nih.gov/pmc/articles/PMC5666799/,data\processed_text\Dose and IonDependent Effects in the Oxidative Str.txt,HTML_EXTRACTION,10.3390/ijms18102117,Int J Mol Sci,data/clean_text/Dose and IonDependent Effects in the Oxidative Str.txt,cleaned,1.0
From the bench to exploration medicine: NASA life sciences translational research for human exploration and habitation missions.,https://www.ncbi.nlm.nih.gov/pmc/articles/PMC5460236/,data\processed_text\From the bench to exploration medicine NASA life s.txt,HTML_EXTRACTION,10.1038/s41526-016-0002-8,NPJ Microgravity,data/clean_text/From the bench to exploration medicine NASA life s.txt,cleaned,1.0
High-precision method for cyclic loading of small-animal vertebrae to assess bone quality.,https://www.ncbi.nlm.nih.gov/pmc/articles/PMC6222041/,data\processed_text\Highprecision method for cyclic loading of smallan.txt,HTML_EXTRACTION,10.1016/j.bonr.2018.10.002,Bone Rep,data/clean_text/Highprecision method for cyclic loading of smallan.txt,cleaned,1.0
Effects of ex vivo ionizing radiation on collagen structure and whole-bone mechanical properties of mouse vertebrae.,https://www.ncbi.nlm.nih.gov/pmc/articles/PMC6813909/,data\processed_text\Effects of ex vivo ionizing radiation on collagen .txt,HTML_EXTRACTION,10.1016/j.bone.2019.115043,Bone,data/clean_text/Effects of ex vivo ionizing radiation on collagen .txt,cleaned,1.0
Absence of gamma-sarcoglycan alters the response of p70S6 kinase to mechanical perturbation in murine skeletal muscle,https://www.ncbi.nlm.nih.gov/pmc/articles/PMC4095884/,data\processed_text\Absence of gammasarcoglycan alters the response of.txt,HTML_EXTRACTION,10.1186/2044-5040-4-13,Skelet Muscle,data/clean_text/Absence of gammasarcoglycan alters the response of.txt,cleaned,0.944
AtRabD2b and AtRabD2c have overlapping functions in pollen development and pollen tube growth.,https://www.ncbi.nlm.nih.gov/pmc/articles/PMC3040128/,data\processed_text\AtRabD2b and AtRabD2c have overlapping functions i.txt,HTML_EXTRACTION,10.1186/1471-2229-11-25,BMC Plant Biol,data/clean_text/AtRabD2b and AtRabD2c have overlapping functions i.txt,cleaned,0.989
TNO1 is involved in salt tolerance and vacuolar trafficking in Arabidopsis.,https://www.ncbi.nlm.nih.gov/pmc/articles/PMC3177255/,data\processed_text\TNO1 is involved in salt tolerance and vacuolar tr.txt,HTML_EXTRACTION,10.1104/pp.110.168963,Plant Physiol,data/clean_text/TNO1 is involved in salt tolerance and vacuolar tr.txt,cleaned,1.0
Gravitropism and lateral root emergence are dependent on the trans-Golgi network protein TNO1,https://www.ncbi.nlm.nih.gov/pmc/articles/PMC4642138/,data\processed_text\Gravitropism and lateral root emergence are depend.txt,HTML_EXTRACTION,10.3389/fpls.2015.00969,Front Plant Sci,data/clean_text/Gravitropism and lateral root emergence are depend.txt,cleaned,0.989
"TNO1, a TGN-localized SNARE-interacting protein, modulates root skewing in Arabidopsis thaliana.",https://www.ncbi.nlm.nih.gov/pmc/articles/PMC5387210/,data\processed_text\TNO1 a TGNlocalized SNAREinteracting protein modul.txt,HTML_EXTRACTION,10.1186/s12870-017-1024-4,BMC Plant Biol,data/clean_text/TNO1 a TGNlocalized SNAREinteracting protein modul.txt,cleaned,1.0
The Drosophila SUN protein Spag4 cooperates with the coiled-coil protein Yuri Gagarin to maintain association of the basal body and spermatid nucleus.,https://www.ncbi.nlm.nih.gov/pmc/articles/PMC2915878/,data\processed_text\The Drosophila SUN protein Spag4 cooperates with t.txt,HTML_EXTRACTION,10.1242/jcs.066589,J Cell Sci,data/clean_text/The Drosophila SUN protein Spag4 cooperates with t.txt,cleaned,1.0
Toll mediated infection response is altered by gravity and spaceflight in Drosophila,https://www.ncbi.nlm.nih.gov/pmc/articles/PMC3901686/,data\processed_text\Toll mediated infection response is altered by gra.txt,HTML_EXTRACTION,10.1371/journal.pone.0086485,PLoS One,data/clean_text/Toll mediated infection response is altered by gra.txt,cleaned,1.0
GeneLab database analyses suggest long-term impact of space radiation on the cardiovascular system by the activation of FYN through reactive oxygen species.,https://www.ncbi.nlm.nih.gov/pmc/articles/PMC6387434/,data\processed_text\GeneLab database analyses suggest longterm impact .txt,HTML_EXTRACTION,10.3390/ijms20030661,Int J Mol Sci,data/clean_text/GeneLab database analyses suggest longterm impact .txt,cleaned,1.0
FAIRness and usability for open-access omics data systems.,https://www.ncbi.nlm.nih.gov/pmc/articles/PMC6371294/,data\processed_text\FAIRness and usability for openaccess omics data s.txt,HTML_EXTRACTION,,AMIA Annu Symp Proc,data/clean_text/FAIRness and usability for openaccess omics data s.txt,cleaned,1.0
NASA GeneLab platform utilized for biological response to space radiation in animal models,https://www.ncbi.nlm.nih.gov/pmc/articles/PMC7072278/,data\processed_text\NASA GeneLab platform utilized for biological resp.txt,HTML_EXTRACTION,10.3390/cancers12020381,Cancers (Basel),data/clean_text/NASA GeneLab platform utilized for biological resp.txt,cleaned,1.0
Circulating miRNA spaceflight signature reveals targets for countermeasure development,https://www.ncbi.nlm.nih.gov/pmc/articles/PMC8441986/,data\processed_text\Circulating miRNA spaceflight signature reveals ta.txt,HTML_EXTRACTION,10.1016/j.celrep.2020.108448,Cell Rep,data/clean_text/Circulating miRNA spaceflight signature reveals ta.txt,cleaned,1.0
Machine learning algorithm to characterize antimicrobial resistance associated with the International Space Station surface microbiome,https://www.ncbi.nlm.nih.gov/pmc/articles/PMC9400218/,data\processed_text\Machine learning algorithm to characterize antimic.txt,HTML_EXTRACTION,10.1186/s40168-022-01332-w,Microbiome,data/clean_text/Machine learning algorithm to characterize antimic.txt,cleaned,1.0
Extraterrestrial Gynecology: Could Spaceflight Increase the Risk of Developing Cancer in Female Astronauts? An Updated Review,https://www.ncbi.nlm.nih.gov/pmc/articles/PMC9267413/,data\processed_text\Extraterrestrial Gynecology Could Spaceflight Incr.txt,HTML_EXTRACTION,10.3390/ijms23137465,Int J Mol Sci,data/clean_text/Extraterrestrial Gynecology Could Spaceflight Incr.txt,cleaned,1.0
Muscle atrophy phenotype gene expression during spaceflight is linked to a metabolic crosstalk in both the liver and the muscle in mice.,https://www.ncbi.nlm.nih.gov/pmc/articles/PMC9576569/,data\processed_text\Muscle atrophy phenotype gene expression during sp.txt,HTML_EXTRACTION,10.1016/j.isci.2022.105213,iScience,data/clean_text/Muscle atrophy phenotype gene expression during sp.txt,cleaned,1.0
Chromosomal positioning and epigenetic architecture influence DNA methylation patterns triggered by galactic cosmic radiation,https://www.ncbi.nlm.nih.gov/pmc/articles/PMC10789781/,data\processed_text\Chromosomal positioning and epigenetic architectur.txt,HTML_EXTRACTION,10.1038/s41598-024-51756-7,Sci Rep,data/clean_text/Chromosomal positioning and epigenetic architectur.txt,cleaned,1.0
"A comprehensive SARS-CoV-2 and COVID-19 review, Part 2: Host extracellular to systemic effects of SARS-CoV-2 infection",https://www.ncbi.nlm.nih.gov/pmc/articles/PMC10772081/,data\processed_text\A comprehensive SARSCoV2 and COVID19 review Part 2.txt,HTML_EXTRACTION,10.1038/s41431-023-01462-1,Eur J Hum Genet,data/clean_text/A comprehensive SARSCoV2 and COVID19 review Part 2.txt,cleaned,1.0
Aging and putative frailty biomarkers are altered by spaceflight,https://www.ncbi.nlm.nih.gov/pmc/articles/PMC11166946/,data\processed_text\Aging and putative frailty biomarkers are altered .txt,HTML_EXTRACTION,10.1038/s41598-024-57948-5,Sci Rep,data/clean_text/Aging and putative frailty biomarkers are altered .txt,cleaned,1.0
Space radiation damage rescued by inhibition of key spaceflight associated miRNAs,https://www.ncbi.nlm.nih.gov/pmc/articles/PMC11166944/,data\processed_text\Space radiation damage rescued by inhibition of ke.txt,HTML_EXTRACTION,10.1038/s41467-024-48920-y,Nat Commun,data/clean_text/Space radiation damage rescued by inhibition of ke.txt,cleaned,1.0
Ethical considerations for the age of non-governmental space exploration,https://www.ncbi.nlm.nih.gov/pmc/articles/PMC11166968/,data\processed_text\Ethical considerations for the age of nongovernmen.txt,HTML_EXTRACTION,10.1038/s41467-023-44357-x,Nat Commun,data/clean_text/Ethical considerations for the age of nongovernmen.txt,cleaned,1.0
Prolonged Exposure to Microgravity Reduces Cardiac Contractility and Initiates Remodeling in Drosophila,https://www.ncbi.nlm.nih.gov/pmc/articles/PMC7787258/,data\processed_text\Prolonged Exposure to Microgravity Reduces Cardiac.txt,HTML_EXTRACTION,10.1016/j.celrep.2020.108445,Cell Rep,data/clean_text/Prolonged Exposure to Microgravity Reduces Cardiac.txt,cleaned,1.0
HLB1 Is a Tetratricopeptide Repeat Domain-Containing Protein That Operates at the Intersection of the Exocytic and Endocytic Pathways at the TGN/EE in Arabidopsis,https://www.ncbi.nlm.nih.gov/pmc/articles/PMC4826010/,data\processed_text\HLB1 Is a Tetratricopeptide Repeat DomainContainin.txt,HTML_EXTRACTION,10.1105/tpc.15.00794,Plant Cell,data/clean_text/HLB1 Is a Tetratricopeptide Repeat DomainContainin.txt,cleaned,1.0
ERULUS is a plasma membrane-localized receptor-like kinase that specifies root hair growth by maintaining tip-focused cytoplasmic calcium oscillations.,https://www.ncbi.nlm.nih.gov/pmc/articles/PMC6048781/,data\processed_text\ERULUS is a plasma membranelocalized receptorlike .txt,HTML_EXTRACTION,10.1105/tpc.18.00316,letter,data/clean_text/ERULUS is a plasma membranelocalized receptorlike .txt,cleaned,1.0
Brassinosteroids inhibit autotropic root straightening by modifying filamentous-actin organization and dynamics.,https://www.ncbi.nlm.nih.gov/pmc/articles/PMC7010715/,data\processed_text\Brassinosteroids inhibit autotropic root straighte.txt,HTML_EXTRACTION,10.3389/fpls.2020.00005,Front Plant Sci,data/clean_text/Brassinosteroids inhibit autotropic root straighte.txt,cleaned,1.0
Cell type-specific imaging of calcium signaling in Arabidopsis thaliana seedling roots using GCaMP3.,https://www.ncbi.nlm.nih.gov/pmc/articles/PMC7503278/,data\processed_text\Cell typespecific imaging of calcium signaling in .txt,HTML_EXTRACTION,10.3390/ijms21176385,Int J Mol Sci,data/clean_text/Cell typespecific imaging of calcium signaling in .txt,cleaned,1.0
Spatial and temporal localization of SPIRRIG and WAVE/SCAR reveal roles for these proteins in actin-mediated root hair development.,https://www.ncbi.nlm.nih.gov/pmc/articles/PMC8364238/,data\processed_text\Spatial and temporal localization of SPIRRIG and W.txt,HTML_EXTRACTION,10.1093/plcell/koab115,Plant Cell,data/clean_text/Spatial and temporal localization of SPIRRIG and W.txt,cleaned,1.0
S. aureus MscL is a pentamer in vivo but of variable stoichiometries in vitro: implications for detergent-solubilized membrane proteins,https://www.ncbi.nlm.nih.gov/pmc/articles/PMC2998437/,data\processed_text\S aureus MscL is a pentamer in vivo but of variabl.txt,HTML_EXTRACTION,10.1371/journal.pbio.1000555,PLoS Biol,data/clean_text/S aureus MscL is a pentamer in vivo but of variabl.txt,cleaned,1.0
Manipulating the permeation of charged compounds through the MscL nanovalve.,https://www.ncbi.nlm.nih.gov/pmc/articles/PMC3005423/,data\processed_text\Manipulating the permeation of charged compounds t.txt,HTML_EXTRACTION,10.1096/fj.10-170076,FASEB J,data/clean_text/Manipulating the permeation of charged compounds t.txt,cleaned,1.0
The oligomeric state of the truncated mechanosensitive channel of large conductance shows no variance in vivo.,https://www.ncbi.nlm.nih.gov/pmc/articles/PMC3190158/,data\processed_text\The oligomeric state of the truncated mechanosensi.txt,HTML_EXTRACTION,10.1002/pro.686,Protein Sci,data/clean_text/The oligomeric state of the truncated mechanosensi.txt,cleaned,1.0
Three routes to modulate the pore size of the MscL channel/nanovalve,https://www.ncbi.nlm.nih.gov/pmc/articles/PMC3289768/,data\processed_text\Three routes to modulate the pore size of the MscL.txt,HTML_EXTRACTION,10.1021/nn203703j,ACS Nano,data/clean_text/Three routes to modulate the pore size of the MscL.txt,cleaned,1.0
The dynamics of protein-protein interactions between domains of MscL at the cytoplasmic-lipid interface,https://www.ncbi.nlm.nih.gov/pmc/articles/PMC3508904/,data\processed_text\The dynamics of proteinprotein interactions betwee.txt,HTML_EXTRACTION,10.4161/chan.20756,Channels (Austin),data/clean_text/The dynamics of proteinprotein interactions betwee.txt,cleaned,1.0
The MscS and MscL families of mechanosensitive channels act as microbial emergency release valves,https://www.ncbi.nlm.nih.gov/pmc/articles/PMC3430326/,data\processed_text\The MscS and MscL families of mechanosensitive cha.txt,HTML_EXTRACTION,10.1128/JB.00576-12,J Bacteriol,data/clean_text/The MscS and MscL families of mechanosensitive cha.txt,cleaned,1.0
Chimeras reveal a single lipid-interface residue that controls MscL channel kinetics as well as mechanosensitivity,https://www.ncbi.nlm.nih.gov/pmc/articles/PMC3593973/,data\processed_text\Chimeras reveal a single lipidinterface residue th.txt,HTML_EXTRACTION,10.1016/j.celrep.2013.01.018,Cell Rep,data/clean_text/Chimeras reveal a single lipidinterface residue th.txt,cleaned,1.0
Reply to Bemm et al. and Arakawa: Identifying foreign genes in independent Hypsibius dujardini genome assemblies,https://www.ncbi.nlm.nih.gov/pmc/articles/PMC4896697/,data\processed_text\Reply to Bemm et al and Arakawa Identifying foreig.txt,HTML_EXTRACTION,10.1073/pnas.1601149113,Proc Natl Acad Sci U S A,data/clean_text/Reply to Bemm et al and Arakawa Identifying foreig.txt,cleaned,1.0
Tardigrades Use Intrinsically Disordered Proteins to Survive Desiccation.,https://www.ncbi.nlm.nih.gov/pmc/articles/PMC11127935/,data\processed_text\Tardigrades Use Intrinsically Disordered Proteins .txt,HTML_EXTRACTION,10.1038/s42003-024-06336-w,Commun Biol,data/clean_text/Tardigrades Use Intrinsically Disordered Proteins .txt,cleaned,0.608
Production of reactive oxygen species and involvement of bioprotectants during anhydrobiosis in the tardigrade Paramacrobiotus spatialis,https://www.ncbi.nlm.nih.gov/pmc/articles/PMC8816950/,data\processed_text\Production of reactive oxygen species and involvem.txt,HTML_EXTRACTION,10.1038/s41598-022-05734-6,Sci Rep,data/clean_text/Production of reactive oxygen species and involvem.txt,cleaned,1.0
Partial weight suspension: A novel murine model for investigating adaptation to reduced musculoskeletal loading.,https://www.ncbi.nlm.nih.gov/pmc/articles/PMC3774184/,data\processed_text\Partial weight suspension A novel murine model for.txt,HTML_EXTRACTION,10.1152/japplphysiol.00014.2009,J Appl Physiol (1985),data/clean_text/Partial weight suspension A novel murine model for.txt,cleaned,1.0
"Partial reductions in mechanical loading yield proportional changes in bone density, bone architecture, and muscle mass",https://www.ncbi.nlm.nih.gov/pmc/articles/PMC4118556/,data\processed_text\Partial reductions in mechanical loading yield pro.txt,HTML_EXTRACTION,10.1002/jbmr.1814,J Bone Miner Res,data/clean_text/Partial reductions in mechanical loading yield pro.txt,cleaned,1.0
Spaceflight and hind limb unloading induce similar changes in electrical impedance characteristics of mouse gastrocnemius muscle,https://www.ncbi.nlm.nih.gov/pmc/articles/PMC4653813/,data\processed_text\Spaceflight and hind limb unloading induce similar.txt,HTML_EXTRACTION,,J Musculoskelet Neuronal Interact,data/clean_text/Spaceflight and hind limb unloading induce similar.txt,cleaned,1.0
Treatment with a soluble bone morphogenetic protein type 1A receptor (BMPR1A) fusion protein increases bone mass and bone formation in mice subjected to hindlimb unloading.,https://www.ncbi.nlm.nih.gov/pmc/articles/PMC6124165/,data\processed_text\Treatment with a soluble bone morphogenetic protei.txt,HTML_EXTRACTION,10.1002/jbm4.10012,JBMR Plus,data/clean_text/Treatment with a soluble bone morphogenetic protei.txt,cleaned,1.0
RNAseq and RNA molecular barcoding reveal differential gene expression in cortical bone following hindlimb unloading in female mice,https://www.ncbi.nlm.nih.gov/pmc/articles/PMC8509868/,data\processed_text\RNAseq and RNA molecular barcoding reveal differen.txt,HTML_EXTRACTION,10.1371/journal.pone.0250715,PLoS One,data/clean_text/RNAseq and RNA molecular barcoding reveal differen.txt,cleaned,1.0
Proteomic and phosphoproteomic characterization of cardiovascular tissues after long term exposure to simulated space radiation,https://www.ncbi.nlm.nih.gov/pmc/articles/PMC11063234/,data\processed_text\Proteomic and phosphoproteomic characterization of.txt,HTML_EXTRACTION,10.3389/fphys.2024.1248276,Front Physiol,data/clean_text/Proteomic and phosphoproteomic characterization of.txt,cleaned,1.0
Adaptive Changes in the Vestibular System of Land Snail to a 30-Day Spaceflight and Readaptation on Return to Earth,https://www.ncbi.nlm.nih.gov/pmc/articles/PMC5672023/,data\processed_text\Adaptive Changes in the Vestibular System of Land .txt,HTML_EXTRACTION,10.3389/fncel.2017.00348,Front Cell Neurosci,data/clean_text/Adaptive Changes in the Vestibular System of Land .txt,cleaned,1.0
"Morphology of the Utricular Otolith Organ in the Toadfish, Opsanus tau",https://www.ncbi.nlm.nih.gov/pmc/articles/PMC5899691/,data\processed_text\Morphology of the Utricular Otolith Organ in the T.txt,HTML_EXTRACTION,10.1002/cne.24429,J Comp Neurol,data/clean_text/Morphology of the Utricular Otolith Organ in the T.txt,cleaned,1.0
"Influence of Magnitude and Duration of Altered Gravity and Readaptation to 1g on the Structure and Function of the Utricle in Toadfish, Opsanus tau.",https://www.ncbi.nlm.nih.gov/pmc/articles/PMC6204554/,data\processed_text\Influence of Magnitude and Duration of Altered Gra.txt,HTML_EXTRACTION,10.3389/fphys.2018.01469,Front Physiol,data/clean_text/Influence of Magnitude and Duration of Altered Gra.txt,cleaned,0.989
Organization of the ER-Golgi interface for membrane traffic control.,https://www.ncbi.nlm.nih.gov/pmc/articles/PMC4064004/,data\processed_text\Organization of the ERGolgi interface for membrane.txt,HTML_EXTRACTION,10.1038/nrm3588,Nat Rev Mol Cell Biol,data/clean_text/Organization of the ERGolgi interface for membrane.txt,cleaned,1.0
IRE1: ER stress sensor and cell fate executor.,https://www.ncbi.nlm.nih.gov/pmc/articles/PMC3818365/,data\processed_text\IRE1 ER stress sensor and cell fate executor.txt,HTML_EXTRACTION,10.1016/j.tcb.2013.06.005,Trends Cell Biol,data/clean_text/IRE1 ER stress sensor and cell fate executor.txt,cleaned,1.0
Inter-regulation of the unfolded protein response and auxin signaling.,https://www.ncbi.nlm.nih.gov/pmc/articles/PMC3981873/,data\processed_text\Interregulation of the unfolded protein response a.txt,HTML_EXTRACTION,10.1111/tpj.12373,Plant J,data/clean_text/Interregulation of the unfolded protein response a.txt,cleaned,1.0
Endoplasmic reticulum-shape and function in stress translation,https://www.ncbi.nlm.nih.gov/pmc/articles/PMC4150462/,data\processed_text\Endoplasmic reticulumshape and function in stress .txt,HTML_EXTRACTION,10.3389/fpls.2014.00425,editorial,data/clean_text/Endoplasmic reticulumshape and function in stress .txt,cleaned,1.0
Galactose-depleted xycoglucan is dysfunctional and leads to dwarfism in Arabidopsis,https://www.ncbi.nlm.nih.gov/pmc/articles/PMC4378170/,data\processed_text\Galactosedepleted xycoglucan is dysfunctional and .txt,HTML_EXTRACTION,10.1104/pp.114.255943,Plant Physiol,data/clean_text/Galactosedepleted xycoglucan is dysfunctional and .txt,cleaned,0.988
"Unfolded protein response in plants: one master, many questions.",https://www.ncbi.nlm.nih.gov/pmc/articles/PMC4618186/,data\processed_text\Unfolded protein response in plants one master man.txt,HTML_EXTRACTION,10.1016/j.pbi.2015.05.016,Curr Opin Plant Biol,data/clean_text/Unfolded protein response in plants one master man.txt,cleaned,1.0
Vesicles versus Tubes: Is Endoplasmic Reticulum-Golgi Transport in Plants Fundamentally Different from Other Eukaryotes?,https://www.ncbi.nlm.nih.gov/pmc/articles/PMC4453782/,data\processed_text\Vesicles versus Tubes Is Endoplasmic ReticulumGolg.txt,HTML_EXTRACTION,10.1104/pp.15.00124,Plant Physiol,data/clean_text/Vesicles versus Tubes Is Endoplasmic ReticulumGolg.txt,cleaned,1.0
Pectin methylesterification impacts the relationship between photosynthesis and plant growth.,https://www.ncbi.nlm.nih.gov/pmc/articles/PMC4902601/,data\processed_text\Pectin methylesterification impacts the relationsh.txt,HTML_EXTRACTION,10.1104/pp.16.00173,Plant Physiol,data/clean_text/Pectin methylesterification impacts the relationsh.txt,cleaned,1.0
Reduced Chloroplast Coverage genes from Arabidopsis thaliana help to establish the size of the chloroplast compartment,https://www.ncbi.nlm.nih.gov/pmc/articles/PMC4776492/,data\processed_text\Reduced Chloroplast Coverage genes from Arabidopsi.txt,HTML_EXTRACTION,10.1073/pnas.1515741113,Proc Natl Acad Sci U S A,data/clean_text/Reduced Chloroplast Coverage genes from Arabidopsi.txt,cleaned,1.0
Maintaining the factory: The roles of the unfolded protein response in cellular homeostasis in plants.,https://www.ncbi.nlm.nih.gov/pmc/articles/PMC5415411/,data\processed_text\Maintaining the factory The roles of the unfolded .txt,HTML_EXTRACTION,10.1111/tpj.13449,Plant J,data/clean_text/Maintaining the factory The roles of the unfolded .txt,cleaned,1.0
NADPH oxidase activity is required for ER stress survival in plants.,https://www.ncbi.nlm.nih.gov/pmc/articles/PMC6289879/,data\processed_text\NADPH oxidase activity is required for ER stress s.txt,HTML_EXTRACTION,10.1111/tpj.14091,Plant J,data/clean_text/NADPH oxidase activity is required for ER stress s.txt,cleaned,1.0
Relevance of the Unfolded Protein Response to Spaceflight-Induced Transcriptional Reprogramming in Arabidopsis,https://www.ncbi.nlm.nih.gov/pmc/articles/PMC7987364/,data\processed_text\Relevance of the Unfolded Protein Response to Spac.txt,HTML_EXTRACTION,10.1089/ast.2020.2313,Astrobiology,data/clean_text/Relevance of the Unfolded Protein Response to Spac.txt,cleaned,1.0
Reanalysis of the Mars500 experiment reveals common gut microbiome alterations in astronauts induced by long-duration confinement,https://www.ncbi.nlm.nih.gov/pmc/articles/PMC8099722/,data\processed_text\Reanalysis of the Mars500 experiment reveals commo.txt,HTML_EXTRACTION,10.1016/j.csbj.2021.03.040,Comput Struct Biotechnol J,data/clean_text/Reanalysis of the Mars500 experiment reveals commo.txt,cleaned,1.0
Genomic stability in response to high versus low linear energy transfer radiation in Arabidopsis thaliana,https://www.ncbi.nlm.nih.gov/pmc/articles/PMC4033213/,data\processed_text\Genomic stability in response to high versus low l.txt,HTML_EXTRACTION,10.3389/fpls.2014.00206,Front Plant Sci,data/clean_text/Genomic stability in response to high versus low l.txt,cleaned,1.0
Acceleration profiles and processing methods for parabolic flight.,https://www.ncbi.nlm.nih.gov/pmc/articles/PMC6081456/,data\processed_text\Acceleration profiles and processing methods for p.txt,HTML_EXTRACTION,10.1038/s41526-018-0050-3,NPJ Microgravity,data/clean_text/Acceleration profiles and processing methods for p.txt,cleaned,1.0
Cytoskeleton structure and total methylation of mouse cardiac and lung tissue during space flight.,https://www.ncbi.nlm.nih.gov/pmc/articles/PMC5955502/,data\processed_text\Cytoskeleton structure and total methylation of mo.txt,HTML_EXTRACTION,10.1371/journal.pone.0192643,PLoS One,data/clean_text/Cytoskeleton structure and total methylation of mo.txt,cleaned,1.0
Toward countering muscle and bone loss with spaceflight: GSK3 as a potential target,https://www.ncbi.nlm.nih.gov/pmc/articles/PMC10285634/,data\processed_text\Toward countering muscle and bone loss with spacef.txt,HTML_EXTRACTION,10.1016/j.isci.2023.107047,iScience,data/clean_text/Toward countering muscle and bone loss with spacef.txt,cleaned,1.0
Cardiovascular progenitor cells cultured aboard the International Space Station exhibit altered developmental and functional properties,https://www.ncbi.nlm.nih.gov/pmc/articles/PMC6062551/,data\processed_text\Cardiovascular progenitor cells cultured aboard th.txt,HTML_EXTRACTION,10.1038/s41526-018-0048-x,NPJ Microgravity,data/clean_text/Cardiovascular progenitor cells cultured aboard th.txt,cleaned,1.0
Inter-agency perspective: Translating advances in biomarker discovery and medical countermeasures development between terrestrial and space radiation environments,https://www.ncbi.nlm.nih.gov/pmc/articles/PMC9832585/,data\processed_text\Interagency perspective Translating advances in bi.txt,HTML_EXTRACTION,10.1016/j.lssr.2022.06.004,Life Sci Space Res (Amst),data/clean_text/Interagency perspective Translating advances in bi.txt,cleaned,1.0
Genomic and functional characterization of Enterococcus faecalis isolates recovered from the International Space Station and their potential for pathogenicity,https://www.ncbi.nlm.nih.gov/pmc/articles/PMC7829349/,data\processed_text\Genomic and functional characterization of Enteroc.txt,HTML_EXTRACTION,10.3389/fmicb.2020.515319,Front Microbiol,data/clean_text/Genomic and functional characterization of Enteroc.txt,cleaned,1.0
Evaluation of in vitro macrophage differentiation during space flight.,https://www.ncbi.nlm.nih.gov/pmc/articles/PMC3570223/,data\processed_text\Evaluation of in vitro macrophage differentiation .txt,HTML_EXTRACTION,10.1016/j.asr.2012.02.021,Adv Space Res,data/clean_text/Evaluation of in vitro macrophage differentiation .txt,cleaned,1.0
Ehrlichia chaffeensis replication sites in adult Drosophila melanogaster.,https://www.ncbi.nlm.nih.gov/pmc/articles/PMC3558598/,data\processed_text\Ehrlichia chaffeensis replication sites in adult D.txt,HTML_EXTRACTION,10.1016/j.ijmm.2012.12.002,Int J Med Microbiol,data/clean_text/Ehrlichia chaffeensis replication sites in adult D.txt,cleaned,1.0
Understanding macrophage differentiation during space flight: The importance of ground-based experiments before space flight,https://www.ncbi.nlm.nih.gov/pmc/articles/PMC3890248/,data\processed_text\Understanding macrophage differentiation during sp.txt,HTML_EXTRACTION,10.2174/18776116112029990011,Recent Pat Space Technol,data/clean_text/Understanding macrophage differentiation during sp.txt,cleaned,1.0
Bone marrow leptin signaling mediates obesity-associated adipose tissue inflammation in male mice.,https://www.ncbi.nlm.nih.gov/pmc/articles/PMC3868799/,data\processed_text\Bone marrow leptin signaling mediates obesityassoc.txt,HTML_EXTRACTION,10.1210/en.2013-1607,Endocrinology,data/clean_text/Bone marrow leptin signaling mediates obesityassoc.txt,cleaned,1.0
Establishment and characterization of DB-1: a leptin receptor-deficient murine macrophage cell line,https://www.ncbi.nlm.nih.gov/pmc/articles/PMC4960141/,data\processed_text\Establishment and characterization of DB1 a leptin.txt,HTML_EXTRACTION,10.1007/s10616-015-9843-3,Cytotechnology,data/clean_text/Establishment and characterization of DB1 a leptin.txt,cleaned,1.0
Validation of methods to assess the immunoglobulin gene repertoire in tissues obtained from mice on the International Space Station.,https://www.ncbi.nlm.nih.gov/pmc/articles/PMC5736159/,data\processed_text\Validation of methods to assess the immunoglobulin.txt,HTML_EXTRACTION,,Gravit Space Res,data/clean_text/Validation of methods to assess the immunoglobulin.txt,cleaned,1.0
Characterization of the naive murine antibody repertoire using unamplified high-throughput sequencing,https://www.ncbi.nlm.nih.gov/pmc/articles/PMC5761896/,data\processed_text\Characterization of the naive murine antibody repe.txt,HTML_EXTRACTION,10.1371/journal.pone.0190982,PLoS One,data/clean_text/Characterization of the naive murine antibody repe.txt,cleaned,1.0
Effects of spaceflight on the immunoglobulin repertoire of unimmunized C57BL/6 mice,https://www.ncbi.nlm.nih.gov/pmc/articles/PMC5826609/,data\processed_text\Effects of spaceflight on the immunoglobulin reper.txt,HTML_EXTRACTION,10.1016/j.lssr.2017.11.003,Life Sci Space Res (Amst),data/clean_text/Effects of spaceflight on the immunoglobulin reper.txt,cleaned,1.0
A comparison of unamplified and massively multiplexed PCR amplification for murine antibody repertoire sequencing.,https://www.ncbi.nlm.nih.gov/pmc/articles/PMC6366624/,data\processed_text\A comparison of unamplified and massively multiple.txt,HTML_EXTRACTION,,FASEB Bioadv,data/clean_text/A comparison of unamplified and massively multiple.txt,cleaned,1.0
An Analysis of the Effects of Spaceflight and Vaccination on Antibody Repertoire Diversity,https://www.ncbi.nlm.nih.gov/pmc/articles/PMC10996920/,data\processed_text\An Analysis of the Effects of Spaceflight and Vacc.txt,HTML_EXTRACTION,10.4049/immunohorizons.2100056,Immunohorizons,data/clean_text/An Analysis of the Effects of Spaceflight and Vacc.txt,cleaned,1.0
Effects of spaceflight aboard the International Space Station on mouse estrous cycle and ovarian gene expression,https://www.ncbi.nlm.nih.gov/pmc/articles/PMC7954810/,data\processed_text\Effects of spaceflight aboard the International Sp.txt,HTML_EXTRACTION,10.1038/s41526-021-00139-7,NPJ Microgravity,data/clean_text/Effects of spaceflight aboard the International Sp.txt,cleaned,1.0
Effect of spaceflight on Pseudomonas aeruginosa final cell density is modulated by nutrient and oxygen availability.,https://www.ncbi.nlm.nih.gov/pmc/articles/PMC4228280/,data\processed_text\Effect of spaceflight on Pseudomonas aeruginosa fi.txt,HTML_EXTRACTION,10.1186/1471-2180-13-241,BMC Microbiol,data/clean_text/Effect of spaceflight on Pseudomonas aeruginosa fi.txt,cleaned,1.0
Spaceflight promotes biofilm formation by Pseudomonas aeruginosa.,https://www.ncbi.nlm.nih.gov/pmc/articles/PMC3639165/,data\processed_text\Spaceflight promotes biofilm formation by Pseudomo.txt,HTML_EXTRACTION,10.1371/journal.pone.0062437,PLoS One,data/clean_text/Spaceflight promotes biofilm formation by Pseudomo.txt,cleaned,1.0
NASA GeneLab: Interfaces for the exploration of space omics data,https://www.ncbi.nlm.nih.gov/pmc/articles/PMC7778922/,data\processed_text\NASA GeneLab Interfaces for the exploration of spa.txt,HTML_EXTRACTION,10.1093/nar/gkaa887,Nucleic Acids Res,data/clean_text/NASA GeneLab Interfaces for the exploration of spa.txt,cleaned,1.0
Comprehensive multi-omics analysis reveals mitochondrial stress as a central biological hub for spaceflight impact,https://www.ncbi.nlm.nih.gov/pmc/articles/PMC7870178/,data\processed_text\Comprehensive multiomics analysis reveals mitochon.txt,HTML_EXTRACTION,10.1016/j.cell.2020.11.002,Cell,data/clean_text/Comprehensive multiomics analysis reveals mitochon.txt,cleaned,1.0
A New Era for Space Life Science: International Standards for Space Omics Processing,https://www.ncbi.nlm.nih.gov/pmc/articles/PMC7733874/,data\processed_text\A New Era for Space Life Science International Sta.txt,HTML_EXTRACTION,10.1016/j.patter.2020.100148,Patterns (N Y),data/clean_text/A New Era for Space Life Science International Sta.txt,cleaned,1.0
Knowledge Network Embedding of Transcriptomic Data from Spaceflown Mice Uncovers Signs and Symptoms Associated with Terrestrial Diseases,https://www.ncbi.nlm.nih.gov/pmc/articles/PMC7828077/,data\processed_text\Knowledge Network Embedding of Transcriptomic Data.txt,HTML_EXTRACTION,10.3390/life11010042,Life (Basel),data/clean_text/Knowledge Network Embedding of Transcriptomic Data.txt,cleaned,1.0
NASA GeneLab RNA-Seq Consensus Pipeline: Standardized Processing of Short-Read RNA-Seq Data,https://www.ncbi.nlm.nih.gov/pmc/articles/PMC8044432/,data\processed_text\NASA GeneLab RNASeq Consensus Pipeline Standardize.txt,HTML_EXTRACTION,10.1016/j.isci.2021.102361,iScience,data/clean_text/NASA GeneLab RNASeq Consensus Pipeline Standardize.txt,cleaned,1.0
Spatially resolved multiomics on the neuronal effects induced by spaceflight in mice,https://www.ncbi.nlm.nih.gov/pmc/articles/PMC11166911/,data\processed_text\Spatially resolved multiomics on the neuronal effe.txt,HTML_EXTRACTION,10.1038/s41467-024-48916-8,Nat Commun,data/clean_text/Spatially resolved multiomics on the neuronal effe.txt,cleaned,1.0
Biological horizons: pioneering open science in the cosmos,https://www.ncbi.nlm.nih.gov/pmc/articles/PMC11167097/,data\processed_text\Biological horizons pioneering open science in the.txt,HTML_EXTRACTION,10.1038/s41467-024-48633-2,Nat Commun,data/clean_text/Biological horizons pioneering open science in the.txt,cleaned,1.0
Inspiration4 data access through the NASA Open Science Data Repository,https://www.ncbi.nlm.nih.gov/pmc/articles/PMC11094041/,data\processed_text\Inspiration4 data access through the NASA Open Sci.txt,HTML_EXTRACTION,10.1038/s41526-024-00393-5,NPJ Microgravity,data/clean_text/Inspiration4 data access through the NASA Open Sci.txt,cleaned,1.0
NASA GeneLab derived microarray studies of Mus musculus and Homo sapiens organisms in altered gravitational conditions.,https://www.ncbi.nlm.nih.gov/pmc/articles/PMC11053165/,data\processed_text\NASA GeneLab derived microarray studies of Mus mus.txt,HTML_EXTRACTION,10.1038/s41526-024-00392-6,NPJ Microgravity,data/clean_text/NASA GeneLab derived microarray studies of Mus mus.txt,cleaned,1.0
Dichotomous effects on lymphatic transport with loss of caveolae in mice.,https://www.ncbi.nlm.nih.gov/pmc/articles/PMC8513672/,data\processed_text\Dichotomous effects on lymphatic transport with lo.txt,HTML_EXTRACTION,10.1111/apha.13656,Acta Physiol (Oxf),data/clean_text/Dichotomous effects on lymphatic transport with lo.txt,cleaned,1.0
Fungal diversity differences in the indoor dust microbiome from built environments on Earth and in space.,https://www.ncbi.nlm.nih.gov/pmc/articles/PMC11126634/,data\processed_text\Fungal diversity differences in the indoor dust mi.txt,HTML_EXTRACTION,10.1038/s41598-024-62191-z,Sci Rep,data/clean_text/Fungal diversity differences in the indoor dust mi.txt,cleaned,1.0
Chronic skeletal unloading of the rat femur: mechanisms and functional consequences of vascular remodeling.,https://www.ncbi.nlm.nih.gov/pmc/articles/PMC3856860/,data\processed_text\Chronic skeletal unloading of the rat femur mechan.txt,HTML_EXTRACTION,10.1016/j.bone.2013.09.003,Bone,data/clean_text/Chronic skeletal unloading of the rat femur mechan.txt,cleaned,1.0
Differential effects of aging and exercise on intra-abdominal adipose arteriolar function and blood flow regulation.,https://www.ncbi.nlm.nih.gov/pmc/articles/PMC3615599/,data\processed_text\Differential effects of aging and exercise on intr.txt,HTML_EXTRACTION,10.1152/japplphysiol.01358.2012,J Appl Physiol (1985),data/clean_text/Differential effects of aging and exercise on intr.txt,cleaned,1.0
Effects of spaceflight and ground recovery on mesenteric artery and vein constrictor properties in mice.,https://www.ncbi.nlm.nih.gov/pmc/articles/PMC4050424/,data\processed_text\Effects of spaceflight and ground recovery on mese.txt,HTML_EXTRACTION,10.1096/fj.12-218503,FASEB J,data/clean_text/Effects of spaceflight and ground recovery on mese.txt,cleaned,1.0
"Spaceflight-induced alterations in cerebral artery vasoconstrictor, mechanical, and structural properties: Implications for elevated cerebral perfusion and intracranial pressure",https://www.ncbi.nlm.nih.gov/pmc/articles/PMC3659353/,data\processed_text\Spaceflightinduced alterations in cerebral artery .txt,HTML_EXTRACTION,10.1096/fj.12-222687,FASEB J,data/clean_text/Spaceflightinduced alterations in cerebral artery .txt,cleaned,1.0
Exercise training augments regional bone and marrow blood flow during exercise.,https://www.ncbi.nlm.nih.gov/pmc/articles/PMC4169763/,data\processed_text\Exercise training augments regional bone and marro.txt,HTML_EXTRACTION,10.1249/MSS.0000000000000342,Med Sci Sports Exerc,data/clean_text/Exercise training augments regional bone and marro.txt,cleaned,1.0
Effects of Skeletal Unloading on the Vasomotor Properties of the Rat Femur Principal Nutrient Artery,https://www.ncbi.nlm.nih.gov/pmc/articles/PMC4398884/,data\processed_text\Effects of Skeletal Unloading on the Vasomotor Pro.txt,HTML_EXTRACTION,10.1152/japplphysiol.00576.2014,J Appl Physiol (1985),data/clean_text/Effects of Skeletal Unloading on the Vasomotor Pro.txt,cleaned,1.0
Type 2 diabetes alters bone and marrow blood flow and vascular control mechanisms in the ZDF rat.,https://www.ncbi.nlm.nih.gov/pmc/articles/PMC4379453/,data\processed_text\Type 2 diabetes alters bone and marrow blood flow .txt,HTML_EXTRACTION,10.1530/JOE-14-0514,J Endocrinol,data/clean_text/Type 2 diabetes alters bone and marrow blood flow .txt,cleaned,1.0
Spaceflight on the Bion-M1 biosatellite alters cerebral artery vasomotor and mechanical properties in mice,https://www.ncbi.nlm.nih.gov/pmc/articles/PMC4385880/,data\processed_text\Spaceflight on the BionM1 biosatellite alters cere.txt,HTML_EXTRACTION,10.1152/japplphysiol.00976.2014,J Appl Physiol (1985),data/clean_text/Spaceflight on the BionM1 biosatellite alters cere.txt,cleaned,1.0
Apollo Lunar Astronauts Show Higher Cardiovascular Disease Mortality: Possible Deep Space Radiation Effects on the Vascular Endothelium,https://www.ncbi.nlm.nih.gov/pmc/articles/PMC4964660/,data\processed_text\Apollo Lunar Astronauts Show Higher Cardiovascular.txt,HTML_EXTRACTION,10.1038/srep29901,Sci Rep,data/clean_text/Apollo Lunar Astronauts Show Higher Cardiovascular.txt,cleaned,1.0
Effects of age and exercise training on coronary microvascular smooth muscle phenotype and function,https://www.ncbi.nlm.nih.gov/pmc/articles/PMC5866446/,data\processed_text\Effects of age and exercise training on coronary m.txt,HTML_EXTRACTION,10.1152/japplphysiol.00459.2017,J Appl Physiol (1985),data/clean_text/Effects of age and exercise training on coronary m.txt,cleaned,1.0
Impact of Spaceflight and Artificial Gravity on the Mouse Retina: Biochemical and Proteomic Analysis.,https://www.ncbi.nlm.nih.gov/pmc/articles/PMC6165321/,data\processed_text\Impact of Spaceflight and Artificial Gravity on th.txt,HTML_EXTRACTION,10.3390/ijms19092546,Int J Mol Sci,data/clean_text/Impact of Spaceflight and Artificial Gravity on th.txt,cleaned,1.0
Simulated microgravity induces regionally distinct neurovascular and structural remodeling of skeletal muscle and cutaneous arteries in the rat,https://www.ncbi.nlm.nih.gov/pmc/articles/PMC7339929/,data\processed_text\Simulated microgravity induces regionally distinct.txt,HTML_EXTRACTION,10.3389/fphys.2020.00675,Front Physiol,data/clean_text/Simulated microgravity induces regionally distinct.txt,cleaned,1.0
Spaceflight decelerates the epigenetic clock orchestrated with a global alteration in DNA methylome and transcriptome in the mouse retina,https://www.ncbi.nlm.nih.gov/pmc/articles/PMC8220224/,data\processed_text\Spaceflight decelerates the epigenetic clock orche.txt,HTML_EXTRACTION,10.1093/pcmedi/pbab012,Precis Clin Med,data/clean_text/Spaceflight decelerates the epigenetic clock orche.txt,cleaned,1.0
Development of otolith receptors in Japanese quail.,https://www.ncbi.nlm.nih.gov/pmc/articles/PMC2910419/,data\processed_text\Development of otolith receptors in Japanese quail.txt,HTML_EXTRACTION,10.1002/dneu.20787,Dev Neurobiol,data/clean_text/Development of otolith receptors in Japanese quail.txt,cleaned,1.0
Spatial and temporal characteristics of vestibular convergence,https://www.ncbi.nlm.nih.gov/pmc/articles/PMC3166430/,data\processed_text\Spatial and temporal characteristics of vestibular.txt,HTML_EXTRACTION,10.1016/j.neuroscience.2011.06.070,Neuroscience,data/clean_text/Spatial and temporal characteristics of vestibular.txt,cleaned,1.0
Simulated Microgravity Enhances Oligodendrocyte Mitochondrial Function and Lipid Metabolism,https://www.ncbi.nlm.nih.gov/pmc/articles/PMC7324008/,data\processed_text\Simulated Microgravity Enhances Oligodendrocyte Mi.txt,HTML_EXTRACTION,10.1002/jnr.23958,J Neurosci Res,data/clean_text/Simulated Microgravity Enhances Oligodendrocyte Mi.txt,cleaned,1.0
Human Neural Stem Cells Flown into Space Proliferate and Generate Young Neurons,https://www.ncbi.nlm.nih.gov/pmc/articles/PMC8412175/,data\processed_text\Human Neural Stem Cells Flown into Space Prolifera.txt,HTML_EXTRACTION,10.3390/app9194042,Appl Sci (Basel),data/clean_text/Human Neural Stem Cells Flown into Space Prolifera.txt,cleaned,1.0
Space Microgravity Alters Neural Stem Cell Division: Implications for Brain Cancer Research on Earth and in Space,https://www.ncbi.nlm.nih.gov/pmc/articles/PMC9699585/,data\processed_text\Space Microgravity Alters Neural Stem Cell Divisio.txt,HTML_EXTRACTION,10.3390/ijms232214320,Int J Mol Sci,data/clean_text/Space Microgravity Alters Neural Stem Cell Divisio.txt,cleaned,1.0
Oligodendrocyte Progenitors Display Enhanced Proliferation and Autophagy after Space Flight,https://www.ncbi.nlm.nih.gov/pmc/articles/PMC9953055/,data\processed_text\Oligodendrocyte Progenitors Display Enhanced Proli.txt,HTML_EXTRACTION,10.3390/biom13020201,Biomolecules,data/clean_text/Oligodendrocyte Progenitors Display Enhanced Proli.txt,cleaned,1.0
Metabolomics profile of the secretome of space-flown oligodendrocytes.,https://www.ncbi.nlm.nih.gov/pmc/articles/PMC10528075/,data\processed_text\Metabolomics profile of the secretome of spaceflow.txt,HTML_EXTRACTION,10.3390/cells12182249,Cells,data/clean_text/Metabolomics profile of the secretome of spaceflow.txt,cleaned,1.0
Metabolomic profiling of the secretome from human neural stem cells flown into space.,https://www.ncbi.nlm.nih.gov/pmc/articles/PMC10813126/,data\processed_text\Metabolomic profiling of the secretome from human .txt,HTML_EXTRACTION,10.3390/bioengineering11010011,Bioengineering (Basel),data/clean_text/Metabolomic profiling of the secretome from human .txt,cleaned,1.0
Spaceflight Induces Specific Alterations in the Proteomes of Arabidopsis,https://www.ncbi.nlm.nih.gov/pmc/articles/PMC4290804/,data\processed_text\Spaceflight Induces Specific Alterations in the Pr.txt,HTML_EXTRACTION,10.1089/ast.2014.1210,Astrobiology,data/clean_text/Spaceflight Induces Specific Alterations in the Pr.txt,cleaned,1.0
The effect of spaceflight on the gravity-sensing auxin gradient of roots: GFP reporter gene microscopy on orbit.,https://www.ncbi.nlm.nih.gov/pmc/articles/PMC5515520/,data\processed_text\The effect of spaceflight on the gravitysensing au.txt,HTML_EXTRACTION,10.1038/npjmgrav.2015.23,NPJ Microgravity,data/clean_text/The effect of spaceflight on the gravitysensing au.txt,cleaned,1.0
Skewing in Arabidopsis roots involves disparate environmental signaling pathways.,https://www.ncbi.nlm.nih.gov/pmc/articles/PMC5286820/,data\processed_text\Skewing in Arabidopsis roots involves disparate en.txt,HTML_EXTRACTION,10.1186/s12870-017-0975-9,BMC Plant Biol,data/clean_text/Skewing in Arabidopsis roots involves disparate en.txt,cleaned,1.0
Genetic dissection of the Arabidopsis spaceflight transcriptome: Are some responses dispensable for the physiological adaptation of plants to spaceflight?,https://www.ncbi.nlm.nih.gov/pmc/articles/PMC5491145/,data\processed_text\Genetic dissection of the Arabidopsis spaceflight .txt,HTML_EXTRACTION,10.1371/journal.pone.0180186,PLoS One,data/clean_text/Genetic dissection of the Arabidopsis spaceflight .txt,cleaned,1.0
Phenotypic characterization of an Arabidopsis T- DNA insertion line SALK_063500,https://www.ncbi.nlm.nih.gov/pmc/articles/PMC5996828/,data\processed_text\Phenotypic characterization of an Arabidopsis T DN.txt,HTML_EXTRACTION,10.1016/j.dib.2018.03.107,Data Brief,data/clean_text/Phenotypic characterization of an Arabidopsis T DN.txt,cleaned,0.993
Utilization of single‚Äêimage normalized difference vegetation index (SI‚ÄêNDVI) for early plant stress detection,https://www.ncbi.nlm.nih.gov/pmc/articles/PMC6201722/,data\processed_text\Utilization of singleÄêimage normalized difference.txt,HTML_EXTRACTION,10.1002/aps3.1186,Appl Plant Sci,data/clean_text/Utilization of singleÄêimage normalized difference.txt,cleaned,1.0
Comparing RNA-Seq and microarray gene expression data in two zones of the Arabidopsis root apex relevant to spaceflight.,https://www.ncbi.nlm.nih.gov/pmc/articles/PMC6240453/,data\processed_text\Comparing RNASeq and microarray gene expression da.txt,HTML_EXTRACTION,10.1002/aps3.1197,Appl Plant Sci,data/clean_text/Comparing RNASeq and microarray gene expression da.txt,cleaned,1.0
Spaceflight-induced alternative splicing during seedling development in Arabidopsis thaliana.,https://www.ncbi.nlm.nih.gov/pmc/articles/PMC6447593/,data\processed_text\Spaceflightinduced alternative splicing during see.txt,HTML_EXTRACTION,10.1038/s41526-019-0070-7,NPJ Microgravity,data/clean_text/Spaceflightinduced alternative splicing during see.txt,cleaned,1.0
The Plant Health Monitoring System of the EDEN ISS Space Greenhouse in Antarctica during the 2018 experiment phase,https://www.ncbi.nlm.nih.gov/pmc/articles/PMC7264257/,data\processed_text\The Plant Health Monitoring System of the EDEN ISS.txt,HTML_EXTRACTION,10.3389/fpls.2020.00656,Front Plant Sci,data/clean_text/The Plant Health Monitoring System of the EDEN ISS.txt,cleaned,0.678
Root skewing-associated genes impact the spaceflight response of Arabidopsis thaliana.,https://www.ncbi.nlm.nih.gov/pmc/articles/PMC7064724/,data\processed_text\Root skewingassociated genes impact the spacefligh.txt,HTML_EXTRACTION,10.3389/fpls.2020.00239,Front Plant Sci,data/clean_text/Root skewingassociated genes impact the spacefligh.txt,cleaned,1.0
Articular cartilage and sternal fibrocartilage respond differently to extended microgravity.,https://www.ncbi.nlm.nih.gov/pmc/articles/PMC6379395/,data\processed_text\Articular cartilage and sternal fibrocartilage res.txt,HTML_EXTRACTION,10.1038/s41526-019-0063-6,NPJ Microgravity,data/clean_text/Articular cartilage and sternal fibrocartilage res.txt,cleaned,1.0
Host-microbe interactions in microgravity: assessment and implications.,https://www.ncbi.nlm.nih.gov/pmc/articles/PMC4187166/,data\processed_text\Hostmicrobe interactions in microgravity assessmen.txt,HTML_EXTRACTION,10.3390/life4020250,Life (Basel),data/clean_text/Hostmicrobe interactions in microgravity assessmen.txt,cleaned,1.0
Environmental cues and symbiont microbe-associated molecular patterns function in concert to drive the daily remodelling of the crypt-cell brush border of the Euprymna scolopes light organ,https://www.ncbi.nlm.nih.gov/pmc/articles/PMC5219934/,data\processed_text\Environmental cues and symbiont microbeassociated .txt,HTML_EXTRACTION,10.1111/cmi.12602,Cell Microbiol,data/clean_text/Environmental cues and symbiont microbeassociated .txt,cleaned,1.0
Symbiotic organs shaped by distinct modes of genome evolution in cephalopods.,https://www.ncbi.nlm.nih.gov/pmc/articles/PMC6386654/,data\processed_text\Symbiotic organs shaped by distinct modes of genom.txt,HTML_EXTRACTION,10.1073/pnas.1817322116,Proc Natl Acad Sci U S A,data/clean_text/Symbiotic organs shaped by distinct modes of genom.txt,cleaned,1.0
Modeled microgravity alters lipopolysaccharide and outer membrane vesicle production of the beneficial symbiont Vibrio fischeri,https://www.ncbi.nlm.nih.gov/pmc/articles/PMC7940393/,data\processed_text\Modeled microgravity alters lipopolysaccharide and.txt,HTML_EXTRACTION,10.1038/s41526-021-00138-8,NPJ Microgravity,data/clean_text/Modeled microgravity alters lipopolysaccharide and.txt,cleaned,1.0
Emergence of novel cephalopod gene regulation and expression through large-scale genome reorganization,https://www.ncbi.nlm.nih.gov/pmc/articles/PMC9023564/,data\processed_text\Emergence of novel cephalopod gene regulation and .txt,HTML_EXTRACTION,10.1038/s41467-022-29694-7,Nat Commun,data/clean_text/Emergence of novel cephalopod gene regulation and .txt,cleaned,1.0
Modeled microgravity alters apoptotic gene expression and caspase activity in the squid-vibrio symbiosis,https://www.ncbi.nlm.nih.gov/pmc/articles/PMC9389742/,data\processed_text\Modeled microgravity alters apoptotic gene express.txt,HTML_EXTRACTION,10.1186/s12866-022-02614-x,BMC Microbiol,data/clean_text/Modeled microgravity alters apoptotic gene express.txt,cleaned,1.0
In vitro generation of mechanically functional cartilage grafts based on adult human stem cells and 3D-woven poly(epsilon-caprolactone) scaffolds,https://www.ncbi.nlm.nih.gov/pmc/articles/PMC2824534/,data\processed_text\In vitro generation of mechanically functional car.txt,HTML_EXTRACTION,10.1016/j.biomaterials.2009.11.092,Biomaterials,data/clean_text/In vitro generation of mechanically functional car.txt,cleaned,1.0
Chondrogenesis and mineralization during in vitro culture of human mesenchymal stem cells on three-dimensional woven scaffolds,https://www.ncbi.nlm.nih.gov/pmc/articles/PMC2991213/,data\processed_text\Chondrogenesis and mineralization during in vitro .txt,HTML_EXTRACTION,10.1089/ten.tea.2010.0190,Tissue Eng Part A,data/clean_text/Chondrogenesis and mineralization during in vitro .txt,cleaned,1.0
Asparagine biosynthesis as a mechanism of increased host lethality induced by Serratia marcescens in simulated microgravity environments,https://www.ncbi.nlm.nih.gov/pmc/articles/PMC9111996/,data\processed_text\Asparagine biosynthesis as a mechanism of increase.txt,HTML_EXTRACTION,10.1016/j.heliyon.2022.e09379,Heliyon,data/clean_text/Asparagine biosynthesis as a mechanism of increase.txt,cleaned,1.0
Comparative genomic analysis of Cohnella hashimotonis sp. nov. isolated from the International Space Station.,https://www.ncbi.nlm.nih.gov/pmc/articles/PMC10308117/,data\processed_text\Comparative genomic analysis of Cohnella hashimoto.txt,HTML_EXTRACTION,10.3389/fmicb.2023.1166013,Front Microbiol,data/clean_text/Comparative genomic analysis of Cohnella hashimoto.txt,cleaned,1.0
Biocontrol in built environments to reduce pathogen exposure and infection risk.,https://www.ncbi.nlm.nih.gov/pmc/articles/PMC10848226/,data\processed_text\Biocontrol in built environments to reduce pathoge.txt,HTML_EXTRACTION,10.1093/ismejo/wrad024,ISME J,data/clean_text/Biocontrol in built environments to reduce pathoge.txt,cleaned,1.0
"Salt stress-induced Ca2+ waves are associated with rapid, long-distance root-to-shoot signaling in plants.",https://www.ncbi.nlm.nih.gov/pmc/articles/PMC4035928/,data\processed_text\Salt stressinduced Ca2 waves are associated with r.txt,HTML_EXTRACTION,10.1073/pnas.1319955111,Proc Natl Acad Sci U S A,data/clean_text/Salt stressinduced Ca2 waves are associated with r.txt,cleaned,0.989
A ROS-assisted calcium wave dependent on AtRBOHD and TPC1 propagates the systemic response to salt stress in Arabidopsis roots,https://www.ncbi.nlm.nih.gov/pmc/articles/PMC4936552/,data\processed_text\A ROSassisted calcium wave dependent on AtRBOHD an.txt,HTML_EXTRACTION,10.1104/pp.16.00215,Plant Physiol,data/clean_text/A ROSassisted calcium wave dependent on AtRBOHD an.txt,cleaned,0.711
Real-time In Vivo Recording of Arabidopsis Calcium Signals During Insect Feeding Using a Fluorescent Biosensor,https://www.ncbi.nlm.nih.gov/pmc/articles/PMC5614317/,data\processed_text\Realtime In Vivo Recording of Arabidopsis Calcium .txt,HTML_EXTRACTION,10.3791/56142,J Vis Exp,data/clean_text/Realtime In Vivo Recording of Arabidopsis Calcium .txt,cleaned,1.0
"Orchestrating rapid long-distance signaling in plants with Ca2+ , ROS, and electrical signals",https://www.ncbi.nlm.nih.gov/pmc/articles/PMC5677518/,data\processed_text\Orchestrating rapid longdistance signaling in plan.txt,HTML_EXTRACTION,10.1111/tpj.13492,Plant J,data/clean_text/Orchestrating rapid longdistance signaling in plan.txt,cleaned,0.994
"Glutamate triggers long-distance, calcium-based plant defense signaling.",https://www.ncbi.nlm.nih.gov/pmc/articles/PMC11850895/,data\processed_text\Glutamate triggers longdistance calciumbased plant.txt,HTML_EXTRACTION,10.1038/s41467-025-57239-1,Nat Commun,data/clean_text/Glutamate triggers longdistance calciumbased plant.txt,cleaned,0.838
Test of Arabidopsis Space Transcriptome: A discovery environment to explore multiple plant biology spaceflight experiments.,https://www.ncbi.nlm.nih.gov/pmc/articles/PMC7076552/,data\processed_text\Test of Arabidopsis Space Transcriptome A discover.txt,HTML_EXTRACTION,10.3389/fpls.2020.00147,Front Plant Sci,data/clean_text/Test of Arabidopsis Space Transcriptome A discover.txt,cleaned,1.0
Tonoplast-localized Ca2+ pumps regulate Ca2+ signals during pattern-triggered immunity in Arabidopsis thaliana.,https://www.ncbi.nlm.nih.gov/pmc/articles/PMC7414185/,data\processed_text\Tonoplastlocalized Ca2 pumps regulate Ca2 signals .txt,HTML_EXTRACTION,10.1073/pnas.2004183117,Proc Natl Acad Sci U S A,data/clean_text/Tonoplastlocalized Ca2 pumps regulate Ca2 signals .txt,cleaned,0.978
The fast and the furious: Rapid long-range signaling in plants.,https://www.ncbi.nlm.nih.gov/pmc/articles/PMC8133610/,data\processed_text\The fast and the furious Rapid longrange signaling.txt,HTML_EXTRACTION,10.1093/plphys/kiaa098,Plant Physiol,data/clean_text/The fast and the furious Rapid longrange signaling.txt,cleaned,1.0
Rad-Bio-App: A discovery environment for biologists to explore spaceflight-related radiation exposures,https://www.ncbi.nlm.nih.gov/pmc/articles/PMC8113475/,data\processed_text\RadBioApp A discovery environment for biologists t.txt,HTML_EXTRACTION,10.1038/s41526-021-00143-x,NPJ Microgravity,data/clean_text/RadBioApp A discovery environment for biologists t.txt,cleaned,1.0
The vacuolar H+/Ca transporter CAX1 participates in submergence and anoxia stress responses.,https://www.ncbi.nlm.nih.gov/pmc/articles/PMC9706465/,data\processed_text\The vacuolar HCa transporter CAX1 participates in .txt,HTML_EXTRACTION,10.1093/plphys/kiac375,Plant Physiol,data/clean_text/The vacuolar HCa transporter CAX1 participates in .txt,cleaned,0.994
Meta-analysis of the space flight and microgravity response of the Arabidopsis plant transcriptome,https://www.ncbi.nlm.nih.gov/pmc/articles/PMC10027818/,data\processed_text\Metaanalysis of the space flight and microgravity .txt,HTML_EXTRACTION,10.1038/s41526-023-00247-6,NPJ Microgravity,data/clean_text/Metaanalysis of the space flight and microgravity .txt,cleaned,1.0
"Low-dose, ionizing radiation and age-related changes in skeletal microarchitecture",https://www.ncbi.nlm.nih.gov/pmc/articles/PMC3337602/,data\processed_text\Lowdose ionizing radiation and agerelated changes .txt,HTML_EXTRACTION,10.1155/2012/481983,J Aging Res,data/clean_text/Lowdose ionizing radiation and agerelated changes .txt,cleaned,1.0
Ionizing Radiation Stimulates Expression of Pro-Osteoclastogenic Genes in Marrow and Skeletal Tissue,https://www.ncbi.nlm.nih.gov/pmc/articles/PMC4490751/,data\processed_text\Ionizing Radiation Stimulates Expression of ProOst.txt,HTML_EXTRACTION,10.1089/jir.2014.0152,J Interferon Cytokine Res,data/clean_text/Ionizing Radiation Stimulates Expression of ProOst.txt,cleaned,1.0
Preservation of Multiple Mammalian Tissues to Maximize Science Return from Ground Based and Spaceflight Experiments,https://www.ncbi.nlm.nih.gov/pmc/articles/PMC5132293/,data\processed_text\Preservation of Multiple Mammalian Tissues to Maxi.txt,HTML_EXTRACTION,10.1371/journal.pone.0167391,PLoS One,data/clean_text/Preservation of Multiple Mammalian Tissues to Maxi.txt,cleaned,1.0
Redox Signaling and Its Impact on Skeletal and Vascular Responses to Spaceflight,https://www.ncbi.nlm.nih.gov/pmc/articles/PMC5666834/,data\processed_text\Redox Signaling and Its Impact on Skeletal and Vas.txt,HTML_EXTRACTION,10.3390/ijms18102153,Int J Mol Sci,data/clean_text/Redox Signaling and Its Impact on Skeletal and Vas.txt,cleaned,1.0
Influence of social isolation during prolonged simulated weightlessness by hindlimb unloading,https://www.ncbi.nlm.nih.gov/pmc/articles/PMC6753329/,data\processed_text\Influence of social isolation during prolonged sim.txt,HTML_EXTRACTION,10.3389/fphys.2019.01147,Front Physiol,data/clean_text/Influence of social isolation during prolonged sim.txt,cleaned,1.0
Validation of a new Rodent experimental System to investigate consequences of Long Duration Space Habitation,https://www.ncbi.nlm.nih.gov/pmc/articles/PMC7012842/,data\processed_text\Validation of a new Rodent experimental System to .txt,HTML_EXTRACTION,10.1038/s41598-020-58898-4,Sci Rep,data/clean_text/Validation of a new Rodent experimental System to .txt,cleaned,1.0
Overexpression of catalase in mitochondria mitigates changes in hippocampal cytokine expression following simulated microgravity and isolation.,https://www.ncbi.nlm.nih.gov/pmc/articles/PMC8260663/,data\processed_text\Overexpression of catalase in mitochondria mitigat.txt,HTML_EXTRACTION,10.1038/s41526-021-00152-w,NPJ Microgravity,data/clean_text/Overexpression of catalase in mitochondria mitigat.txt,cleaned,1.0
An extensive allelic series of Drosophila kae1 mutants reveals diverse and tissue-specific requirements for t6A biogenesis,https://www.ncbi.nlm.nih.gov/pmc/articles/PMC4647464/,data\processed_text\An extensive allelic series of Drosophila kae1 mut.txt,HTML_EXTRACTION,10.1261/rna.053934.115,RNA,data/clean_text/An extensive allelic series of Drosophila kae1 mut.txt,cleaned,1.0
Novel Organelles with Elements of Bacterial and Eukaryotic Secretion Systems Weaponize Parasites of Drosophila,https://www.ncbi.nlm.nih.gov/pmc/articles/PMC5659752/,data\processed_text\Novel Organelles with Elements of Bacterial and Eu.txt,HTML_EXTRACTION,10.1016/j.cub.2017.08.019,Curr Biol,data/clean_text/Novel Organelles with Elements of Bacterial and Eu.txt,cleaned,1.0
A combined computational strategy of sequence and structural analysis predicts the existence of a functional eicosanoid pathway in Drosophila melanogaster.,https://www.ncbi.nlm.nih.gov/pmc/articles/PMC6372189/,data\processed_text\A combined computational strategy of sequence and .txt,HTML_EXTRACTION,10.1371/journal.pone.0211897,PLoS One,data/clean_text/A combined computational strategy of sequence and .txt,cleaned,1.0
Immune suppressive extracellular vesicle proteins of Leptopilina heterotoma are encoded in the wasp genome.,https://www.ncbi.nlm.nih.gov/pmc/articles/PMC6945029/,data\processed_text\Immune suppressive extracellular vesicle proteins .txt,HTML_EXTRACTION,10.1534/g3.119.400349,G3 (Bethesda),data/clean_text/Immune suppressive extracellular vesicle proteins .txt,flagged,1.0
Spaceflight and simulated microgravity conditions increase virulence of Serratia marcescens in the Drosophila melanogaster infection model.,https://www.ncbi.nlm.nih.gov/pmc/articles/PMC7000411/,data\processed_text\Spaceflight and simulated microgravity conditions .txt,HTML_EXTRACTION,10.1038/s41526-019-0091-2,NPJ Microgravity,data/clean_text/Spaceflight and simulated microgravity conditions .txt,cleaned,1.0
A parasitoid wasp of Drosophila employs preemptive and reactive strategies to deplete its host's blood cells,https://www.ncbi.nlm.nih.gov/pmc/articles/PMC8191917/,data\processed_text\A parasitoid wasp of Drosophila employs preemptive.txt,HTML_EXTRACTION,10.1371/journal.ppat.1009615,PLoS Pathog,data/clean_text/A parasitoid wasp of Drosophila employs preemptive.txt,cleaned,1.0
In Silico Analysis of a Drosophila Parasitoid Venom Peptide Reveals Prevalence of the Cation‚ÄìPolar‚ÄìCation Clip Motif in Knottin Proteins,https://www.ncbi.nlm.nih.gov/pmc/articles/PMC9865768/,data\processed_text\In Silico Analysis of a Drosophila Parasitoid Veno.txt,HTML_EXTRACTION,10.3390/pathogens12010143,Pathogens,data/clean_text/In Silico Analysis of a Drosophila Parasitoid Veno.txt,cleaned,1.0
Drosophila parasitoids go to space: Unexpected effects of spaceflight on hosts and their parasitoids.,https://www.ncbi.nlm.nih.gov/pmc/articles/PMC10797188/,data\processed_text\Drosophila parasitoids go to space Unexpected effe.txt,HTML_EXTRACTION,10.1016/j.isci.2023.108759,iScience,data/clean_text/Drosophila parasitoids go to space Unexpected effe.txt,cleaned,1.0
Simultaneous exposure of cultured human lymphoblastic cells to simulated microgravity and radiation increases chromosome aberrations,https://www.ncbi.nlm.nih.gov/pmc/articles/PMC7555395/,data\processed_text\Simultaneous exposure of cultured human lymphoblas.txt,HTML_EXTRACTION,10.3390/life10090187,Life (Basel),data/clean_text/Simultaneous exposure of cultured human lymphoblas.txt,cleaned,1.0
Genes required for survival in microgravity revealed by genome-wide yeast deletion collections cultured during spaceflight.,https://www.ncbi.nlm.nih.gov/pmc/articles/PMC4309212/,data\processed_text\Genes required for survival in microgravity reveal.txt,HTML_EXTRACTION,10.1155/2015/976458,Biomed Res Int,data/clean_text/Genes required for survival in microgravity reveal.txt,cleaned,1.0
Physical Forces Modulate Oxidative Status and Stress Defense Meditated Metabolic Adaptation of Yeast Colonies: Spaceflight and Microgravity Simulations,https://www.ncbi.nlm.nih.gov/pmc/articles/PMC6560652/,data\processed_text\Physical Forces Modulate Oxidative Status and Stre.txt,HTML_EXTRACTION,10.1007/s12217-017-9588-z,Microgravity Sci Technol,data/clean_text/Physical Forces Modulate Oxidative Status and Stre.txt,cleaned,1.0
Effects of space flight on mouse liver versus kidney: Gene pathway analyses.,https://www.ncbi.nlm.nih.gov/pmc/articles/PMC6321533/,data\processed_text\Effects of space flight on mouse liver versus kidn.txt,HTML_EXTRACTION,10.3390/ijms19124106,Int J Mol Sci,data/clean_text/Effects of space flight on mouse liver versus kidn.txt,cleaned,1.0
Fifteen days of microgravity causes growth in calvaria of mice,https://www.ncbi.nlm.nih.gov/pmc/articles/PMC4110898/,data\processed_text\Fifteen days of microgravity causes growth in calv.txt,HTML_EXTRACTION,10.1016/j.bone.2013.06.009,Bone,data/clean_text/Fifteen days of microgravity causes growth in calv.txt,cleaned,0.975
Altered disc compression in children with idiopathic low back pain: an upright magnetic resonance imaging backpack study,https://www.ncbi.nlm.nih.gov/pmc/articles/PMC3947616/,data\processed_text\Altered disc compression in children with idiopath.txt,HTML_EXTRACTION,10.1097/BRS.0000000000000114,Spine (Phila Pa 1976),data/clean_text/Altered disc compression in children with idiopath.txt,cleaned,0.9
Spaceflight-induced bone loss alters failure mode and reduces bending strength in murine spinal segments.,https://www.ncbi.nlm.nih.gov/pmc/articles/PMC5477841/,data\processed_text\Spaceflightinduced bone loss alters failure mode a.txt,HTML_EXTRACTION,10.1002/jor.23029,J Orthop Res,data/clean_text/Spaceflightinduced bone loss alters failure mode a.txt,cleaned,1.0
Spaceflight-associated vascular remodeling and gene expression in mouse calvaria.,https://www.ncbi.nlm.nih.gov/pmc/articles/PMC9139491/,data\processed_text\Spaceflightassociated vascular remodeling and gene.txt,HTML_EXTRACTION,10.3389/fphys.2022.893025,Front Physiol,data/clean_text/Spaceflightassociated vascular remodeling and gene.txt,cleaned,1.0
"Exposure of Mycobacterium marinum to low-shear modeled microgravity: Effect on growth, the transcriptome and survival under stress.",https://www.ncbi.nlm.nih.gov/pmc/articles/PMC5515531/,data\processed_text\Exposure of Mycobacterium marinum to lowshear mode.txt,HTML_EXTRACTION,10.1038/npjmgrav.2016.38,NPJ Microgravity,data/clean_text/Exposure of Mycobacterium marinum to lowshear mode.txt,cleaned,1.0
Effects of mechanostimulation on gravitropism and signal persistence in flax roots.,https://www.ncbi.nlm.nih.gov/pmc/articles/PMC3258067/,data\processed_text\Effects of mechanostimulation on gravitropism and .txt,HTML_EXTRACTION,10.4161/psb.6.9.16601,Plant Signal Behav,data/clean_text/Effects of mechanostimulation on gravitropism and .txt,cleaned,1.0
"Desiccation mitigates heat stress in the resurrection fern, Pleopeltis polypodioides",https://www.ncbi.nlm.nih.gov/pmc/articles/PMC7733933/,data\processed_text\Desiccation mitigates heat stress in the resurrect.txt,HTML_EXTRACTION,10.3389/fpls.2020.597731,Front Plant Sci,data/clean_text/Desiccation mitigates heat stress in the resurrect.txt,cleaned,1.0
Transcription profile of auxin related genes during positively gravitropic hypocotyl curvature of Brassica rapa.,https://www.ncbi.nlm.nih.gov/pmc/articles/PMC9105288/,data\processed_text\Transcription profile of auxin related genes durin.txt,HTML_EXTRACTION,10.3390/plants11091191,Plants (Basel),data/clean_text/Transcription profile of auxin related genes durin.txt,cleaned,1.0
High-gradient magnetic fields and starch metabolism: Results from a space experiment.,https://www.ncbi.nlm.nih.gov/pmc/articles/PMC9617909/,data\processed_text\Highgradient magnetic fields and starch metabolism.txt,HTML_EXTRACTION,10.1038/s41598-022-22691-2,Sci Rep,data/clean_text/Highgradient magnetic fields and starch metabolism.txt,cleaned,1.0
Lipid rafts and plant gravisensitivity.,https://www.ncbi.nlm.nih.gov/pmc/articles/PMC9695138/,data\processed_text\Lipid rafts and plant gravisensitivity.txt,HTML_EXTRACTION,10.3390/life12111809,Life (Basel),data/clean_text/Lipid rafts and plant gravisensitivity.txt,cleaned,1.0
Expressing and Characterizing Mechanosensitive Channels in Xenopus Oocytes,https://www.ncbi.nlm.nih.gov/pmc/articles/PMC4469364/,data\processed_text\Expressing and Characterizing Mechanosensitive Cha.txt,HTML_EXTRACTION,10.1007/978-1-4939-2697-8_13,Methods Mol Biol,data/clean_text/Expressing and Characterizing Mechanosensitive Cha.txt,cleaned,1.0
The ongoing search for the molecular basis of plant osmosensing,https://www.ncbi.nlm.nih.gov/pmc/articles/PMC4411250/,data\processed_text\The ongoing search for the molecular basis of plan.txt,HTML_EXTRACTION,10.1085/jgp.201411295,J Gen Physiol,data/clean_text/The ongoing search for the molecular basis of plan.txt,cleaned,1.0
Plastid osmotic stress influences cell differentiation at the plant shoot apex.,https://www.ncbi.nlm.nih.gov/pmc/articles/PMC5047659/,data\processed_text\Plastid osmotic stress influences cell differentia.txt,HTML_EXTRACTION,10.1242/dev.136234,Development,data/clean_text/Plastid osmotic stress influences cell differentia.txt,cleaned,1.0
Spaceflight-induced synaptic modifications within hair cells of the mammalian utricle.,https://www.ncbi.nlm.nih.gov/pmc/articles/PMC5454470/,data\processed_text\Spaceflightinduced synaptic modifications within h.txt,HTML_EXTRACTION,10.1152/jn.00240.2016,J Neurophysiol,data/clean_text/Spaceflightinduced synaptic modifications within h.txt,cleaned,1.0
Effects of angular frequency during clinorotation on mesenchymal stem cell morphology and migration,https://www.ncbi.nlm.nih.gov/pmc/articles/PMC5515506/,data\processed_text\Effects of angular frequency during clinorotation .txt,HTML_EXTRACTION,10.1038/npjmgrav.2015.7,NPJ Microgravity,data/clean_text/Effects of angular frequency during clinorotation .txt,cleaned,1.0
"The role of FGF-2 and BMP-2 in regulation of gene induction, cell proliferation and mineralization.",https://www.ncbi.nlm.nih.gov/pmc/articles/PMC3044105/,data\processed_text\The role of FGF2 and BMP2 in regulation of gene in.txt,HTML_EXTRACTION,10.1186/1749-799X-6-8,J Orthop Surg Res,data/clean_text/The role of FGF2 and BMP2 in regulation of gene in.txt,cleaned,1.0
"Effects of gravitational mechanical unloading in endothelial cells: association between caveolins, inflammation and adhesion molecules",https://www.ncbi.nlm.nih.gov/pmc/articles/PMC3603133/,data\processed_text\Effects of gravitational mechanical unloading in e.txt,HTML_EXTRACTION,10.1038/srep01494,Sci Rep,data/clean_text/Effects of gravitational mechanical unloading in e.txt,cleaned,1.0
Molecular mechanisms underlying the enhanced functions of three-dimensional hepatocyte aggregates,https://www.ncbi.nlm.nih.gov/pmc/articles/PMC4012541/,data\processed_text\Molecular mechanisms underlying the enhanced funct.txt,HTML_EXTRACTION,10.1016/j.biomaterials.2013.11.063,Biomaterials,data/clean_text/Molecular mechanisms underlying the enhanced funct.txt,cleaned,1.0
Spaceflight alters expression of microRNA during T-cell activation,https://www.ncbi.nlm.nih.gov/pmc/articles/PMC4653058/,data\processed_text\Spaceflight alters expression of microRNA during T.txt,HTML_EXTRACTION,10.1096/fj.15-277392,FASEB J,data/clean_text/Spaceflight alters expression of microRNA during T.txt,cleaned,1.0
Spaceflight impairs antigen-specific tolerance induction in vivo and increases inflammatory cytokines.,https://www.ncbi.nlm.nih.gov/pmc/articles/PMC6137544/,data\processed_text\Spaceflight impairs antigenspecific tolerance indu.txt,HTML_EXTRACTION,10.1096/fj.15-275073,FASEB J,data/clean_text/Spaceflight impairs antigenspecific tolerance indu.txt,cleaned,1.0
"From cellular mechanotransduction to biologically inspired engineering: 2009 Pritzker Award Lecture, BMES Annual Meeting October 10, 2009.",https://www.ncbi.nlm.nih.gov/pmc/articles/PMC2913424/,data\processed_text\From cellular mechanotransduction to biologically .txt,HTML_EXTRACTION,10.1007/s10439-010-9946-0,Ann Biomed Eng,data/clean_text/From cellular mechanotransduction to biologically .txt,cleaned,1.0
Crewmember microbiome may influence microbial composition of ISS habitable surfaces,https://www.ncbi.nlm.nih.gov/pmc/articles/PMC7190111/,data\processed_text\Crewmember microbiome may influence microbial comp.txt,HTML_EXTRACTION,10.1371/journal.pone.0231838,PLoS One,data/clean_text/Crewmember microbiome may influence microbial comp.txt,cleaned,1.0
Sierra Nevada sweep: Metagenomic measurements of bioaerosols vertically distributed across the troposphere.,https://www.ncbi.nlm.nih.gov/pmc/articles/PMC7382458/,data\processed_text\Sierra Nevada sweep Metagenomic measurements of bi.txt,HTML_EXTRACTION,10.1038/s41598-020-69188-4,Sci Rep,data/clean_text/Sierra Nevada sweep Metagenomic measurements of bi.txt,cleaned,1.0
Draft Genome Sequences of Fungi Isolated from the International Space Station during the Microbial Tracking-2 Experiment,https://www.ncbi.nlm.nih.gov/pmc/articles/PMC8444978/,data\processed_text\Draft Genome Sequences of Fungi Isolated from the .txt,HTML_EXTRACTION,10.1128/MRA.00751-21,Microbiol Resour Announc,data/clean_text/Draft Genome Sequences of Fungi Isolated from the .txt,cleaned,1.0
"Microbial tracking-2, a metagenomics analysis of bacteria and fungi onboard the International Space Station.",https://www.ncbi.nlm.nih.gov/pmc/articles/PMC9241228/,data\processed_text\Microbial tracking2 a metagenomics analysis of bac.txt,HTML_EXTRACTION,10.1186/s40168-022-01293-0,Microbiome,data/clean_text/Microbial tracking2 a metagenomics analysis of bac.txt,cleaned,1.0
Detection of Target Genes for Drug Repurposing to Treat Skeletal Muscle Atrophy in Mice Flown in Spaceflight,https://www.ncbi.nlm.nih.gov/pmc/articles/PMC8953707/,data\processed_text\Detection of Target Genes for Drug Repurposing to .txt,HTML_EXTRACTION,10.3390/genes13030473,Genes (Basel),data/clean_text/Detection of Target Genes for Drug Repurposing to .txt,cleaned,1.0
Release of CD36-associated cell-free mitochondrial DNA and RNA as a hallmark of space environment response,https://www.ncbi.nlm.nih.gov/pmc/articles/PMC11166646/,data\processed_text\Release of CD36associated cellfree mitochondrial D.txt,HTML_EXTRACTION,10.1038/s41467-023-41995-z,Nat Commun,data/clean_text/Release of CD36associated cellfree mitochondrial D.txt,cleaned,1.0
Increasing the number of unloading/reambulation cycles does not adversely impac body composition and lumbar bone mineral density but reduces tissue sensitivity,https://www.ncbi.nlm.nih.gov/pmc/articles/PMC3747666/,data\processed_text\Increasing the number of unloadingreambulation cyc.txt,HTML_EXTRACTION,10.1016/j.actaastro.2012.04.003,Acta Astronaut,data/clean_text/Increasing the number of unloadingreambulation cyc.txt,cleaned,0.989
Bone shaft bending strength index is unaffected by exercise and unloading in mice,https://www.ncbi.nlm.nih.gov/pmc/articles/PMC4337661/,data\processed_text\Bone shaft bending strength index is unaffected by.txt,HTML_EXTRACTION,10.1111/joa.12277,J Anat,data/clean_text/Bone shaft bending strength index is unaffected by.txt,cleaned,0.994
Focal enhancement of the skeleton to exercise correlates to mesenchymal stem cell responsivity rather than peak external forces.,https://www.ncbi.nlm.nih.gov/pmc/articles/PMC4631774/,data\processed_text\Focal enhancement of the skeleton to exercise corr.txt,HTML_EXTRACTION,10.1242/jeb.118729,J Exp Biol,data/clean_text/Focal enhancement of the skeleton to exercise corr.txt,cleaned,0.756
"Cytoskeletal configuration modulates mechanically induced changes in mesenchymal stem cell osteogenesis, morphology, and stiffness.",https://www.ncbi.nlm.nih.gov/pmc/articles/PMC5052530/,data\processed_text\Cytoskeletal configuration modulates mechanically .txt,HTML_EXTRACTION,10.1038/srep34791,Sci Rep,data/clean_text/Cytoskeletal configuration modulates mechanically .txt,cleaned,1.0
Genetic and tissue level muscle-bone interactions during unloading and reambulation.,https://www.ncbi.nlm.nih.gov/pmc/articles/PMC5114340/,data\processed_text\Genetic and tissue level musclebone interactions d.txt,HTML_EXTRACTION,,J Musculoskelet Neuronal Interact,data/clean_text/Genetic and tissue level musclebone interactions d.txt,cleaned,1.0
Osteocyte apoptosis caused by hindlimb unloading is required to trigger osteocyte RANKL production and subsequent resorption of cortical and trabecular bone in mice femurs.,https://www.ncbi.nlm.nih.gov/pmc/articles/PMC5488280/,data\processed_text\Osteocyte apoptosis caused by hindlimb unloading i.txt,HTML_EXTRACTION,10.1002/jbmr.2807,J Bone Miner Res,data/clean_text/Osteocyte apoptosis caused by hindlimb unloading i.txt,cleaned,1.0
Differential Single Cell Responses of Embryonic Stem Cells Versus Embryoid Bodies to Gravity Mechanostimulation,https://www.ncbi.nlm.nih.gov/pmc/articles/PMC9293686/,data\processed_text\Differential Single Cell Responses of Embryonic St.txt,HTML_EXTRACTION,10.1089/scd.2022.0037,Stem Cells Dev,data/clean_text/Differential Single Cell Responses of Embryonic St.txt,cleaned,1.0
Macrophages inhibit Aspergillus fumigatus germination and neutrophil-mediated fungal killing.,https://www.ncbi.nlm.nih.gov/pmc/articles/PMC6091969/,data\processed_text\Macrophages inhibit Aspergillus fumigatus germinat.txt,HTML_EXTRACTION,10.1371/journal.ppat.1007229,PLoS Pathog,data/clean_text/Macrophages inhibit Aspergillus fumigatus germinat.txt,cleaned,1.0
Contributions of spore secondary metabolites to UV-C protection and virulence vary in different Aspergillus fumigatus strains,https://www.ncbi.nlm.nih.gov/pmc/articles/PMC7029147/,data\processed_text\Contributions of spore secondary metabolites to UV.txt,HTML_EXTRACTION,10.1128/mBio.03415-19,mBio,data/clean_text/Contributions of spore secondary metabolites to UV.txt,cleaned,1.0
Regulation of hemocytes in Drosophila requires dappled cytochrome b5.,https://www.ncbi.nlm.nih.gov/pmc/articles/PMC3092937/,data\processed_text\Regulation of hemocytes in Drosophila requires dap.txt,HTML_EXTRACTION,10.1007/s10528-010-9411-7,Biochem Genet,data/clean_text/Regulation of hemocytes in Drosophila requires dap.txt,cleaned,1.0
Light and gravity signals synergize in modulating plant development,https://www.ncbi.nlm.nih.gov/pmc/articles/PMC4211383/,data\processed_text\Light and gravity signals synergize in modulating .txt,HTML_EXTRACTION,10.3389/fpls.2014.00563,Front Plant Sci,data/clean_text/Light and gravity signals synergize in modulating .txt,cleaned,1.0
A novel blue-light phototropic response is revealed in roots of Arabidopsis thaliana in microgravity.,https://www.ncbi.nlm.nih.gov/pmc/articles/PMC5748516/,data\processed_text\A novel bluelight phototropic response is revealed.txt,HTML_EXTRACTION,10.1007/s00425-016-2581-8,Planta,data/clean_text/A novel bluelight phototropic response is revealed.txt,cleaned,1.0
Comparative transcriptomics indicate changes in cell wall organization and stress response in seedlings during spaceflight,https://www.ncbi.nlm.nih.gov/pmc/articles/PMC5821596/,data\processed_text\Comparative transcriptomics indicate changes in ce.txt,HTML_EXTRACTION,10.3732/ajb.1700079,Am J Bot,data/clean_text/Comparative transcriptomics indicate changes in ce.txt,cleaned,1.0
RNAseq analysis of the response of Arabidopsis thaliana to fractional gravity under blue-light stimulation during spaceflight,https://www.ncbi.nlm.nih.gov/pmc/articles/PMC6889863/,data\processed_text\RNAseq analysis of the response of Arabidopsis tha.txt,HTML_EXTRACTION,10.3389/fpls.2019.01529,Front Plant Sci,data/clean_text/RNAseq analysis of the response of Arabidopsis tha.txt,cleaned,1.0
Comparison of Microgravity Analogs to Spaceflight in Studies of Plant Growth and Development,https://www.ncbi.nlm.nih.gov/pmc/articles/PMC6908503/,data\processed_text\Comparison of Microgravity Analogs to Spaceflight .txt,HTML_EXTRACTION,10.3389/fpls.2019.01577,Front Plant Sci,data/clean_text/Comparison of Microgravity Analogs to Spaceflight .txt,cleaned,1.0
The importance of Earth reference controls in spaceflight-omics research: Characterization of nucleolin mutants from the Seedling Growth experiments,https://www.ncbi.nlm.nih.gov/pmc/articles/PMC7607443/,data\processed_text\The importance of Earth reference controls in spac.txt,HTML_EXTRACTION,10.1016/j.isci.2020.101686,iScience,data/clean_text/The importance of Earth reference controls in spac.txt,cleaned,0.989
Red light enhances plant adaptation to spaceflight and Mars g-levels.,https://www.ncbi.nlm.nih.gov/pmc/articles/PMC9605285/,data\processed_text\Red light enhances plant adaptation to spaceflight.txt,HTML_EXTRACTION,10.3390/life12101484,Life (Basel),data/clean_text/Red light enhances plant adaptation to spaceflight.txt,cleaned,0.993
EUK-134 ameliorates nNOS¬µ translocation and skeletal muscle fiber atrophy during short-term mechanical unloading.,https://www.ncbi.nlm.nih.gov/pmc/articles/PMC3962621/,data\processed_text\EUK134 ameliorates nNOSµ translocation and skeleta.txt,HTML_EXTRACTION,10.1152/ajpregu.00371.2013,Am J Physiol Regul Integr Comp Physiol,data/clean_text/EUK134 ameliorates nNOSµ translocation and skeleta.txt,cleaned,1.0
MnSOD Overexpression Reduces Fibrosis and Pro-Apoptotic Signaling in the Aging Mouse Heart,https://www.ncbi.nlm.nih.gov/pmc/articles/PMC4462657/,data\processed_text\MnSOD Overexpression Reduces Fibrosis and ProApopt.txt,HTML_EXTRACTION,10.1093/gerona/glu090,J Gerontol A Biol Sci Med Sci,data/clean_text/MnSOD Overexpression Reduces Fibrosis and ProApopt.txt,cleaned,1.0
Lifelong wheel running exercise and mild caloric restriction attenuate nuclear EndoG in the aging plantaris muscle.,https://www.ncbi.nlm.nih.gov/pmc/articles/PMC5026643/,data\processed_text\Lifelong wheel running exercise and mild caloric r.txt,HTML_EXTRACTION,10.1016/j.exger.2015.06.007,Exp Gerontol,data/clean_text/Lifelong wheel running exercise and mild caloric r.txt,cleaned,1.0
Age-related alterations in the sarcolemmal environment are attenuated by lifelong caloric restriction and voluntary exercise.,https://www.ncbi.nlm.nih.gov/pmc/articles/PMC5026642/,data\processed_text\Agerelated alterations in the sarcolemmal environm.txt,HTML_EXTRACTION,10.1016/j.exger.2016.08.006,Exp Gerontol,data/clean_text/Agerelated alterations in the sarcolemmal environm.txt,cleaned,1.0
"The impact of SRT2104 on skeletal muscle mitochondrial function, redox biology, and loss of muscle mass in hindlimb unloaded rats.",https://www.ncbi.nlm.nih.gov/pmc/articles/PMC10342025/,data\processed_text\The impact of SRT2104 on skeletal muscle mitochond.txt,HTML_EXTRACTION,10.3390/ijms241311135,Int J Mol Sci,data/clean_text/The impact of SRT2104 on skeletal muscle mitochond.txt,cleaned,1.0
Bioreactor development for skeletal muscle hypertrophy and atrophy by manipulating uniaxial cyclic strain: Proof of concept.,https://www.ncbi.nlm.nih.gov/pmc/articles/PMC11167039/,data\processed_text\Bioreactor development for skeletal muscle hypertr.txt,HTML_EXTRACTION,10.1038/s41526-023-00320-0,NPJ Microgravity,data/clean_text/Bioreactor development for skeletal muscle hypertr.txt,cleaned,1.0
CAMDLES: CFD-DEM Simulation of Microbial Communities in Spaceflight and Artificial Microgravity,https://www.ncbi.nlm.nih.gov/pmc/articles/PMC9144607/,data\processed_text\CAMDLES CFDDEM Simulation of Microbial Communities.txt,HTML_EXTRACTION,10.3390/life12050660,Life (Basel),data/clean_text/CAMDLES CFDDEM Simulation of Microbial Communities.txt,flagged,1.0
Hardware validation of the Advanced Plant Habitat on ISS: Canopy photosynthesis in reduced gravity.,https://www.ncbi.nlm.nih.gov/pmc/articles/PMC7314936/,data\processed_text\Hardware validation of the Advanced Plant Habitat .txt,HTML_EXTRACTION,10.3389/fpls.2020.00673,Front Plant Sci,data/clean_text/Hardware validation of the Advanced Plant Habitat .txt,cleaned,1.0
Trimeric structure of (+)-pinoresinol-forming dirigent protein at 1.95 A resolution with three isolated active sites.,https://www.ncbi.nlm.nih.gov/pmc/articles/PMC4340379/,data\processed_text\Trimeric structure of pinoresinolforming dirigent .txt,HTML_EXTRACTION,10.1074/jbc.M114.611780,J Biol Chem,data/clean_text/Trimeric structure of pinoresinolforming dirigent .txt,cleaned,0.978
New insights into lignification via network and multi-omics analyses of arogenate dehydratase knock-out mutants in Arabidopsis thaliana,https://www.ncbi.nlm.nih.gov/pmc/articles/PMC8185232/,data\processed_text\New insights into lignification via network and mu.txt,HTML_EXTRACTION,10.3389/fpls.2021.664250,Front Plant Sci,data/clean_text/New insights into lignification via network and mu.txt,cleaned,1.0
Functional consequences of radiation-induced oxidative stress in cultured neural stem cells and the brain exposed to charged particle irradiation,https://www.ncbi.nlm.nih.gov/pmc/articles/PMC3936501/,data\processed_text\Functional consequences of radiationinduced oxidat.txt,HTML_EXTRACTION,10.1089/ars.2012.5134,Antioxid Redox Signal,data/clean_text/Functional consequences of radiationinduced oxidat.txt,cleaned,1.0
Network Analysis of Gene Transcriptions of Arabidopsis thaliana in Spaceflight Microgravity.,https://www.ncbi.nlm.nih.gov/pmc/articles/PMC7996555/,data\processed_text\Network Analysis of Gene Transcriptions of Arabido.txt,HTML_EXTRACTION,10.3390/genes12030337,Genes (Basel),data/clean_text/Network Analysis of Gene Transcriptions of Arabido.txt,cleaned,1.0
Detection of Genes in Arabidopsis thaliana L. Responding to DNA Damage from Radiation and Other Stressors in Spaceflight,https://www.ncbi.nlm.nih.gov/pmc/articles/PMC8234954/,data\processed_text\Detection of Genes in Arabidopsis thaliana L Respo.txt,HTML_EXTRACTION,10.3390/genes12060938,Genes (Basel),data/clean_text/Detection of Genes in Arabidopsis thaliana L Respo.txt,flagged,1.0
"The Effect of spaceflight on mouse olfactory bulb volume, neurogenesis, and cell death indicates the protective effect of novel environment.",https://www.ncbi.nlm.nih.gov/pmc/articles/PMC4152162/,data\processed_text\The Effect of spaceflight on mouse olfactory bulb .txt,HTML_EXTRACTION,10.1152/japplphysiol.01174.2013,J Appl Physiol (1985),data/clean_text/The Effect of spaceflight on mouse olfactory bulb .txt,cleaned,1.0
"Effects of low-dose rate Œ≥-irradiation combined with simulated microgravity on markers of oxidative stress, DNA methylation potential, and remodeling in the mouse heart",https://www.ncbi.nlm.nih.gov/pmc/articles/PMC5498037/,data\processed_text\Effects of lowdose rate Œirradiation combined with.txt,HTML_EXTRACTION,10.1371/journal.pone.0180594,PLoS One,data/clean_text/Effects of lowdose rate Œirradiation combined with.txt,cleaned,1.0
Characterization of mouse ocular response to a 35-day spaceflight mission: Evidence of blood-retinal barrier disruption and ocular adaptations.,https://www.ncbi.nlm.nih.gov/pmc/articles/PMC6547757/,data\processed_text\Characterization of mouse ocular response to a 35d.txt,HTML_EXTRACTION,10.1038/s41598-019-44696-0,Sci Rep,data/clean_text/Characterization of mouse ocular response to a 35d.txt,cleaned,1.0
Mice Exposed to Combined Chronic Low-Dose Irradiation and Modeled Microgravity Develop Long-Term Neurological Sequelae.,https://www.ncbi.nlm.nih.gov/pmc/articles/PMC6747492/,data\processed_text\Mice Exposed to Combined Chronic LowDose Irradiati.txt,HTML_EXTRACTION,10.3390/ijms20174094,Int J Mol Sci,data/clean_text/Mice Exposed to Combined Chronic LowDose Irradiati.txt,cleaned,1.0
"Spaceflight influences gene expression, photoreceptor integrity, and oxidative stress-related damage in the murine retina.",https://www.ncbi.nlm.nih.gov/pmc/articles/PMC6746706/,data\processed_text\Spaceflight influences gene expression photorecept.txt,HTML_EXTRACTION,10.1038/s41598-019-49453-x,Sci Rep,data/clean_text/Spaceflight influences gene expression photorecept.txt,cleaned,1.0
Evaluating ocular response in the retina and optic nerve head after single and fractionated high-energy protons,https://www.ncbi.nlm.nih.gov/pmc/articles/PMC8400407/,data\processed_text\Evaluating ocular response in the retina and optic.txt,HTML_EXTRACTION,10.3390/life11080849,Life (Basel),data/clean_text/Evaluating ocular response in the retina and optic.txt,cleaned,1.0
Characterization of gene expression profiles in the mouse brain after 35 days of spaceflight mission.,https://www.ncbi.nlm.nih.gov/pmc/articles/PMC9365836/,data\processed_text\Characterization of gene expression profiles in th.txt,HTML_EXTRACTION,10.1038/s41526-022-00217-4,NPJ Microgravity,data/clean_text/Characterization of gene expression profiles in th.txt,cleaned,1.0
A multi-omics longitudinal study of the murine retinal response to chronic low-dose irradiation and simulated microgravity.,https://www.ncbi.nlm.nih.gov/pmc/articles/PMC9547011/,data\processed_text\A multiomics longitudinal study of the murine reti.txt,HTML_EXTRACTION,10.1038/s41598-022-19360-9,Sci Rep,data/clean_text/A multiomics longitudinal study of the murine reti.txt,cleaned,1.0
Evidence of spaceflight-induced adverse effects on photoreceptors and retinal function in the mouse eye.,https://www.ncbi.nlm.nih.gov/pmc/articles/PMC10138634/,data\processed_text\Evidence of spaceflightinduced adverse effects on .txt,HTML_EXTRACTION,10.3390/ijms24087362,Int J Mol Sci,data/clean_text/Evidence of spaceflightinduced adverse effects on .txt,cleaned,1.0
Routine omics collection is a golden opportunity for European human research in space and analog environments.,https://www.ncbi.nlm.nih.gov/pmc/articles/PMC9583032/,data\processed_text\Routine omics collection is a golden opportunity f.txt,HTML_EXTRACTION,10.1016/j.patter.2022.100550,Patterns (N Y),data/clean_text/Routine omics collection is a golden opportunity f.txt,cleaned,1.0
Spatial omics technologies at multimodal and single cell/subcellular level.,https://www.ncbi.nlm.nih.gov/pmc/articles/PMC9746133/,data\processed_text\Spatial omics technologies at multimodal and singl.txt,HTML_EXTRACTION,10.1186/s13059-022-02824-6,Genome Biol,data/clean_text/Spatial omics technologies at multimodal and singl.txt,flagged,1.0
Genomic characterization and radiation tolerance of Naganishia kalamii sp. nov. and Cystobasidium onofrii sp. nov. from Mars 2020 mission assembly facilities.,https://www.ncbi.nlm.nih.gov/pmc/articles/PMC10422843/,data\processed_text\Genomic characterization and radiation tolerance o.txt,HTML_EXTRACTION,10.1186/s43008-023-00119-4,IMA Fungus,data/clean_text/Genomic characterization and radiation tolerance o.txt,cleaned,1.0
"Genome and clonal hematopoiesis stability contrasts with immune, cfDNA, mitochondrial, and telomere length changes during short duration spaceflight",https://www.ncbi.nlm.nih.gov/pmc/articles/PMC11022651/,data\processed_text\Genome and clonal hematopoiesis stability contrast.txt,HTML_EXTRACTION,10.1093/pcmedi/pbae007,Precis Clin Med,data/clean_text/Genome and clonal hematopoiesis stability contrast.txt,cleaned,1.0
Molecular and physiologic changes in the SpaceX Inspiration4 civilian crew,https://www.ncbi.nlm.nih.gov/pmc/articles/PMC11357997/,data\processed_text\Molecular and physiologic changes in the SpaceX In.txt,HTML_EXTRACTION,10.1038/s41586-024-07648-x,Nature,data/clean_text/Molecular and physiologic changes in the SpaceX In.txt,cleaned,0.987
Telomeric RNA (TERRA) increases in response to spaceflight and high-altitude climbing,https://www.ncbi.nlm.nih.gov/pmc/articles/PMC11167063/,data\processed_text\Telomeric RNA TERRA increases in response to space.txt,HTML_EXTRACTION,10.1038/s42003-024-06014-x,Commun Biol,data/clean_text/Telomeric RNA TERRA increases in response to space.txt,cleaned,1.0
Spatial multi-omics of human skin reveals KRAS and inflammatory responses to spaceflight,https://www.ncbi.nlm.nih.gov/pmc/articles/PMC11166909/,data\processed_text\Spatial multiomics of human skin reveals KRAS and .txt,HTML_EXTRACTION,10.1038/s41467-024-48625-2,Nat Commun,data/clean_text/Spatial multiomics of human skin reveals KRAS and .txt,cleaned,1.0
Longitudinal multi-omics analysis of host microbiome architecture and immune responses during short-term spaceflight,https://www.ncbi.nlm.nih.gov/pmc/articles/PMC11222149/,data\processed_text\Longitudinal multiomics analysis of host microbiom.txt,HTML_EXTRACTION,10.1038/s41564-024-01635-8,Nat Microbiol,data/clean_text/Longitudinal multiomics analysis of host microbiom.txt,cleaned,1.0
Spatiotemporal expression and control of haemoglobin in space,https://www.ncbi.nlm.nih.gov/pmc/articles/PMC11166948/,data\processed_text\Spatiotemporal expression and control of haemoglob.txt,HTML_EXTRACTION,10.1038/s41467-024-49289-8,Nat Commun,data/clean_text/Spatiotemporal expression and control of haemoglob.txt,cleaned,1.0
"Single-cell multi-ome and immune profiles of the Inspiration4 crew reveal conserved, cell-type, and sex-specific responses to spaceflight",https://www.ncbi.nlm.nih.gov/pmc/articles/PMC11166952/,data\processed_text\Singlecell multiome and immune profiles of the Ins.txt,HTML_EXTRACTION,10.1038/s41467-024-49211-2,Nat Commun,data/clean_text/Singlecell multiome and immune profiles of the Ins.txt,cleaned,1.0
Single-cell analysis identifies conserved features of immune dysfunction in simulated microgravity and spaceflight,https://www.ncbi.nlm.nih.gov/pmc/articles/PMC11166937/,data\processed_text\Singlecell analysis identifies conserved features .txt,HTML_EXTRACTION,10.1038/s41467-023-42013-y,Nat Commun,data/clean_text/Singlecell analysis identifies conserved features .txt,cleaned,1.0
The Space Omics and Medical Atlas (SOMA) and international astronaut biobank,https://www.ncbi.nlm.nih.gov/pmc/articles/PMC11357981/,data\processed_text\The Space Omics and Medical Atlas SOMA and interna.txt,HTML_EXTRACTION,10.1038/s41586-024-07639-y,Nature,data/clean_text/The Space Omics and Medical Atlas SOMA and interna.txt,cleaned,1.0
"Secretome profiling reveals acute changes in oxidative stress, brain homeostasis, and coagulation following short-duration spaceflight",https://www.ncbi.nlm.nih.gov/pmc/articles/PMC11166969/,data\processed_text\Secretome profiling reveals acute changes in oxida.txt,HTML_EXTRACTION,10.1038/s41467-024-48841-w,Nat Commun,data/clean_text/Secretome profiling reveals acute changes in oxida.txt,cleaned,1.0
"Cosmic kidney disease: an integrated pan-omic, physiological and morphological study into spaceflight-induced renal dysfunction",https://www.ncbi.nlm.nih.gov/pmc/articles/PMC11167060/,data\processed_text\Cosmic kidney disease an integrated panomic physio.txt,HTML_EXTRACTION,10.1038/s41467-024-49212-1,Nat Commun,data/clean_text/Cosmic kidney disease an integrated panomic physio.txt,cleaned,1.0
Spaceflight induces changes in gene expression profiles linked to insulin and estrogen,https://www.ncbi.nlm.nih.gov/pmc/articles/PMC11166981/,data\processed_text\Spaceflight induces changes in gene expression pro.txt,HTML_EXTRACTION,10.1038/s42003-023-05213-2,Commun Biol,data/clean_text/Spaceflight induces changes in gene expression pro.txt,cleaned,1.0
Protective alleles and precision healthcare in crewed spaceflight,https://www.ncbi.nlm.nih.gov/pmc/articles/PMC11263583/,data\processed_text\Protective alleles and precision healthcare in cre.txt,HTML_EXTRACTION,10.1038/s41467-024-49423-6,Nat Commun,data/clean_text/Protective alleles and precision healthcare in cre.txt,cleaned,1.0
Microbiological and nutritional analysis of lettuce crops grown on the International Space Station,https://www.ncbi.nlm.nih.gov/pmc/articles/PMC7067979/,data\processed_text\Microbiological and nutritional analysis of lettuc.txt,HTML_EXTRACTION,10.3389/fpls.2020.00199,Front Plant Sci,data/clean_text/Microbiological and nutritional analysis of lettuc.txt,cleaned,1.0
Natural variation in the expression of ORGANIC CATION TRANSPORTER 1 affects root length responses to cadaverine in Arabidopsis.,https://www.ncbi.nlm.nih.gov/pmc/articles/PMC4321547/,data\processed_text\Natural variation in the expression of ORGANIC CAT.txt,HTML_EXTRACTION,10.1093/jxb/eru444,J Exp Bot,data/clean_text/Natural variation in the expression of ORGANIC CAT.txt,cleaned,1.0
Cadaverine regulates biotin synthesis to modulate primary root growth in Arabidopsis,https://www.ncbi.nlm.nih.gov/pmc/articles/PMC8518694/,data\processed_text\Cadaverine regulates biotin synthesis to modulate .txt,HTML_EXTRACTION,10.1111/tpj.15417,Plant J,data/clean_text/Cadaverine regulates biotin synthesis to modulate .txt,cleaned,1.0
Low-speed clinorotation of Brachypodium distachyon and Arabidopsis thaliana seedlings triggers root tip curvatures that are reminiscent of gravitropism.,https://www.ncbi.nlm.nih.gov/pmc/articles/PMC9861679/,data\processed_text\Lowspeed clinorotation of Brachypodium distachyon .txt,HTML_EXTRACTION,10.3390/ijms24021540,Int J Mol Sci,data/clean_text/Lowspeed clinorotation of Brachypodium distachyon .txt,cleaned,1.0
New device for high-throughput viability screening of flow biofilms,https://www.ncbi.nlm.nih.gov/pmc/articles/PMC2897429/,data\processed_text\New device for highthroughput viability screening .txt,HTML_EXTRACTION,10.1128/AEM.03065-09,Appl Environ Microbiol,data/clean_text/New device for highthroughput viability screening .txt,cleaned,1.0
Sigma S-dependent antioxidant defense protects stationary-phase Escherichia coli against the bactericidal antibiotic gentamicin,https://www.ncbi.nlm.nih.gov/pmc/articles/PMC4187989/,data\processed_text\Sigma Sdependent antioxidant defense protects stat.txt,HTML_EXTRACTION,10.1128/AAC.03683-14,Antimicrob Agents Chemother,data/clean_text/Sigma Sdependent antioxidant defense protects stat.txt,cleaned,1.0
Plasma membrane disruption (PMD) formation and repair in mechanosensitive tissues,https://www.ncbi.nlm.nih.gov/pmc/articles/PMC8217198/,data\processed_text\Plasma membrane disruption PMD formation and repai.txt,HTML_EXTRACTION,10.1016/j.bone.2021.115970,Bone,data/clean_text/Plasma membrane disruption PMD formation and repai.txt,cleaned,1.0
Response of the mouse sublingual gland to spaceflight.,https://www.ncbi.nlm.nih.gov/pmc/articles/PMC6131065/,data\processed_text\Response of the mouse sublingual gland to spacefli.txt,HTML_EXTRACTION,10.1111/eos.12541,Eur J Oral Sci,data/clean_text/Response of the mouse sublingual gland to spacefli.txt,cleaned,1.0
"Reactivation of Latent Epstein-Barr Virus: A Comparison after Exposure to Gamma, Proton, Carbon, and Iron Radiation",https://www.ncbi.nlm.nih.gov/pmc/articles/PMC6213004/,data\processed_text\Reactivation of Latent EpsteinBarr Virus A Compari.txt,HTML_EXTRACTION,10.3390/ijms19102961,Int J Mol Sci,data/clean_text/Reactivation of Latent EpsteinBarr Virus A Compari.txt,flagged,1.0
The influence of spaceflight on the astronaut salivary microbiome and the search for a microbiome biomarker for viral reactivation,https://www.ncbi.nlm.nih.gov/pmc/articles/PMC7171750/,data\processed_text\The influence of spaceflight on the astronaut sali.txt,HTML_EXTRACTION,10.1186/s40168-020-00830-z,Microbiome,data/clean_text/The influence of spaceflight on the astronaut sali.txt,cleaned,1.0
Telomere length assessments of muscle stem cells in rodent and human skeletal muscle sections,https://www.ncbi.nlm.nih.gov/pmc/articles/PMC8450295/,data\processed_text\Telomere length assessments of muscle stem cells i.txt,HTML_EXTRACTION,10.1016/j.xpro.2021.100830,STAR Protoc,data/clean_text/Telomere length assessments of muscle stem cells i.txt,cleaned,1.0
Persistent NF-Œ∫B activation in muscle stem cells induces proliferation-independent telomere shortening,https://www.ncbi.nlm.nih.gov/pmc/articles/PMC8183356/,data\processed_text\Persistent NFŒB activation in muscle stem cells in.txt,HTML_EXTRACTION,10.1016/j.celrep.2021.109098,Cell Rep,data/clean_text/Persistent NFŒB activation in muscle stem cells in.txt,cleaned,1.0
Piezo1 regulates the regenerative capacity of skeletal muscles via orchestration of stem cell morphological states.,https://www.ncbi.nlm.nih.gov/pmc/articles/PMC8932657/,data\processed_text\Piezo1 regulates the regenerative capacity of skel.txt,HTML_EXTRACTION,10.1126/sciadv.abn0485,Sci Adv,data/clean_text/Piezo1 regulates the regenerative capacity of skel.txt,cleaned,1.0
"Impacts of radiation exposure, hindlimb unloading, and recovery on murine skeletal muscle cell telomere length.",https://www.ncbi.nlm.nih.gov/pmc/articles/PMC10504369/,data\processed_text\Impacts of radiation exposure hindlimb unloading a.txt,HTML_EXTRACTION,10.1038/s41526-023-00303-1,NPJ Microgravity,data/clean_text/Impacts of radiation exposure hindlimb unloading a.txt,cleaned,1.0
Ethylene-induced flavonol accumulation in guard cells suppresses reactive oxygen species and modulates stomatal aperture,https://www.ncbi.nlm.nih.gov/pmc/articles/PMC3982735/,data\processed_text\Ethyleneinduced flavonol accumulation in guard cel.txt,HTML_EXTRACTION,10.1104/pp.113.233528,Plant Physiol,data/clean_text/Ethyleneinduced flavonol accumulation in guard cel.txt,cleaned,1.0
Transcriptional and Hormonal Regulation of Gravitropism of Woody Stems in Populus.,https://www.ncbi.nlm.nih.gov/pmc/articles/PMC4682325/,data\processed_text\Transcriptional and Hormonal Regulation of Gravitr.txt,HTML_EXTRACTION,10.1105/tpc.15.00531,Plant Cell,data/clean_text/Transcriptional and Hormonal Regulation of Gravitr.txt,cleaned,0.97
"A conditional mutation in SCD1 reveals linkage between PIN protein trafficking, auxin transport, gravitropism, and lateral root initiation.",https://www.ncbi.nlm.nih.gov/pmc/articles/PMC7358545/,data\processed_text\A conditional mutation in SCD1 reveals linkage bet.txt,HTML_EXTRACTION,10.3389/fpls.2020.00910,Front Plant Sci,data/clean_text/A conditional mutation in SCD1 reveals linkage bet.txt,cleaned,1.0
"A comprehensive SARS-CoV-2 and COVID-19 review, Part 1: Intracellular overdrive for SARS-CoV-2 infection.",https://www.ncbi.nlm.nih.gov/pmc/articles/PMC9108708/,data\processed_text\A comprehensive SARSCoV2 and COVID19 review Part 1.txt,HTML_EXTRACTION,10.1038/s41431-022-01108-8,Eur J Hum Genet,data/clean_text/A comprehensive SARSCoV2 and COVID19 review Part 1.txt,cleaned,1.0
Changes in nuclear shape and gene expression in response to simulated microgravity are LINC complex-dependent.,https://www.ncbi.nlm.nih.gov/pmc/articles/PMC7555797/,data\processed_text\Changes in nuclear shape and gene expression in re.txt,HTML_EXTRACTION,10.3390/ijms21186762,Int J Mol Sci,data/clean_text/Changes in nuclear shape and gene expression in re.txt,cleaned,1.0
"Growth of Carnobacterium spp. from permafrost under low pressure, temperature, and anoxic atmosphere has implications for Earth microbes on Mars",https://www.ncbi.nlm.nih.gov/pmc/articles/PMC3545801/,data\processed_text\Growth of Carnobacterium spp from permafrost under.txt,HTML_EXTRACTION,10.1073/pnas.1209793110,Proc Natl Acad Sci U S A,data/clean_text/Growth of Carnobacterium spp from permafrost under.txt,cleaned,1.0
Complete Genome Sequence of Carnobacterium gilichinskyi Strain WN1359T (DSM 27470T),https://www.ncbi.nlm.nih.gov/pmc/articles/PMC3869332/,data\processed_text\Complete Genome Sequence of Carnobacterium gilichi.txt,HTML_EXTRACTION,10.1128/genomeA.00985-13,Genome Announc,data/clean_text/Complete Genome Sequence of Carnobacterium gilichi.txt,cleaned,0.988
"Exposure of Bacillus subtilis to low pressure (5 kilopascals) induces several global regulons, including those involved in the SigB-mediated general stress response",https://www.ncbi.nlm.nih.gov/pmc/articles/PMC4135744/,data\processed_text\Exposure of Bacillus subtilis to low pressure 5 ki.txt,HTML_EXTRACTION,10.1128/AEM.00885-14,Appl Environ Microbiol,data/clean_text/Exposure of Bacillus subtilis to low pressure 5 ki.txt,cleaned,1.0
"Resistance of Bacillus subtilis Spore DNA to Lethal Ionizing Radiation Damage Relies Primarily on Spore Core Components and DNA Repair, with Minor Effects of Oxygen Radical Detoxification",https://www.ncbi.nlm.nih.gov/pmc/articles/PMC3911009/,data\processed_text\Resistance of Bacillus subtilis Spore DNA to Letha.txt,HTML_EXTRACTION,10.1128/AEM.03136-13,Appl Environ Microbiol,data/clean_text/Resistance of Bacillus subtilis Spore DNA to Letha.txt,cleaned,1.0
Cultivation of Staphylococcus epidermidis in the human spaceflight environment leads to alterations in the frequency and spectrum of spontaneous rifampicin-resistance mutations in the rpoB gene,https://www.ncbi.nlm.nih.gov/pmc/articles/PMC4923109/,data\processed_text\Cultivation of Staphylococcus epidermidis in the h.txt,HTML_EXTRACTION,10.3389/fmicb.2016.00999,Front Microbiol,data/clean_text/Cultivation of Staphylococcus epidermidis in the h.txt,cleaned,1.0
Cultivation in space flight produces minimal alterations in the susceptibility of Bacillus subtilis cells to 72 different antibiotics and growth-inhibiting compounds,https://www.ncbi.nlm.nih.gov/pmc/articles/PMC5648920/,data\processed_text\Cultivation in space flight produces minimal alter.txt,HTML_EXTRACTION,10.1128/AEM.01584-17,Appl Environ Microbiol,data/clean_text/Cultivation in space flight produces minimal alter.txt,cleaned,1.0
Alterations in the Spectrum of Spontaneous Rifampicin-Resistance Mutations in the Bacillus subtilis rpoB Gene after Cultivation in the Human Spaceflight Environment,https://www.ncbi.nlm.nih.gov/pmc/articles/PMC5817088/,data\processed_text\Alterations in the Spectrum of Spontaneous Rifampi.txt,HTML_EXTRACTION,10.3389/fmicb.2018.00192,Front Microbiol,data/clean_text/Alterations in the Spectrum of Spontaneous Rifampi.txt,cleaned,1.0
Mechanotransduction in Prokaryotes: A Possible Mechanism of Spaceflight Adaptation,https://www.ncbi.nlm.nih.gov/pmc/articles/PMC7825584/,data\processed_text\Mechanotransduction in Prokaryotes A Possible Mech.txt,HTML_EXTRACTION,10.3390/life11010033,Life (Basel),data/clean_text/Mechanotransduction in Prokaryotes A Possible Mech.txt,cleaned,1.0
Environmental dependence of competitive fitness in rifampin-resistant rpoB mutants of Bacillus subtilis.,https://www.ncbi.nlm.nih.gov/pmc/articles/PMC8904044/,data\processed_text\Environmental dependence of competitive fitness in.txt,HTML_EXTRACTION,10.1128/aem.02422-21,Appl Environ Microbiol,data/clean_text/Environmental dependence of competitive fitness in.txt,cleaned,1.0
Induction of attachment-independent biofilm formation and repression of Hfq expression by low-fluid-shear culture of Staphylococcus aureus,https://www.ncbi.nlm.nih.gov/pmc/articles/PMC3187170/,data\processed_text\Induction of attachmentindependent biofilm formati.txt,HTML_EXTRACTION,10.1128/AEM.00175-11,Appl Environ Microbiol,data/clean_text/Induction of attachmentindependent biofilm formati.txt,cleaned,1.0
Characterization of the Salmonella enterica serovar Typhimurium ydcI gene which encodes a conserved DNA binding protein required for full acid stress resistance.,https://www.ncbi.nlm.nih.gov/pmc/articles/PMC3133089/,data\processed_text\Characterization of the Salmonella enterica serova.txt,HTML_EXTRACTION,10.1128/JB.01335-10,J Bacteriol,data/clean_text/Characterization of the Salmonella enterica serova.txt,cleaned,1.0
Evaluation of microorganisms cultured from injured and repressed tissue regeneration sites in endangered giant aquatic Ozark Hellbender salamanders.,https://www.ncbi.nlm.nih.gov/pmc/articles/PMC3242767/,data\processed_text\Evaluation of microorganisms cultured from injured.txt,HTML_EXTRACTION,10.1371/journal.pone.0028906,PLoS One,data/clean_text/Evaluation of microorganisms cultured from injured.txt,cleaned,1.0
Transcriptional and proteomic responses of Pseudomonas aeruginosa PAO1 to spaceflight conditions involve Hfq regulation and reveal a role for oxygen.,https://www.ncbi.nlm.nih.gov/pmc/articles/PMC3067220/,data\processed_text\Transcriptional and proteomic responses of Pseudom.txt,HTML_EXTRACTION,10.1128/AEM.01582-10,Appl Environ Microbiol,data/clean_text/Transcriptional and proteomic responses of Pseudom.txt,cleaned,1.0
New insights into the bacterial fitness-associated mechanisms revealed by the characterization of large plasmids of an avian pathogenic E. coli,https://www.ncbi.nlm.nih.gov/pmc/articles/PMC3251573/,data\processed_text\New insights into the bacterial fitnessassociated .txt,HTML_EXTRACTION,10.1371/journal.pone.0029481,PLoS One,data/clean_text/New insights into the bacterial fitnessassociated .txt,cleaned,1.0
Lack of norovirus replication and histo-blood group antigen expression in 3-dimensional intestinal epithelial cells,https://www.ncbi.nlm.nih.gov/pmc/articles/PMC3647661/,data\processed_text\Lack of norovirus replication and histoblood group.txt,HTML_EXTRACTION,10.3201/eid1903.121029,Emerg Infect Dis,data/clean_text/Lack of norovirus replication and histoblood group.txt,cleaned,1.0
Conservation of the low-shear modeled microgravity response in Enterobacteriaceae and analysis of the trp genes in this response.,https://www.ncbi.nlm.nih.gov/pmc/articles/PMC4085587/,data\processed_text\Conservation of the lowshear modeled microgravity .txt,HTML_EXTRACTION,10.2174/1874285801408010051,Open Microbiol J,data/clean_text/Conservation of the lowshear modeled microgravity .txt,cleaned,1.0
Mimicking the host and its microenvironment in vitro for studying mucosal infections by Pseudomonas aeruginosa.,https://www.ncbi.nlm.nih.gov/pmc/articles/PMC4096993/,data\processed_text\Mimicking the host and its microenvironment in vit.txt,HTML_EXTRACTION,10.1111/2049-632X.12180,Pathog Dis,data/clean_text/Mimicking the host and its microenvironment in vit.txt,flagged,1.0
Recellularization of decellularized lung scaffolds is enhanced by dynamic suspension culture.,https://www.ncbi.nlm.nih.gov/pmc/articles/PMC4427280/,data\processed_text\Recellularization of decellularized lung scaffolds.txt,HTML_EXTRACTION,10.1371/journal.pone.0126846,PLoS One,data/clean_text/Recellularization of decellularized lung scaffolds.txt,cleaned,1.0
Three-dimensional organotypic co-culture model of intestinal epithelial cells and macrophages to study Salmonella enterica colonization patterns.,https://www.ncbi.nlm.nih.gov/pmc/articles/PMC5460263/,data\processed_text\Threedimensional organotypic coculture model of in.txt,HTML_EXTRACTION,10.1038/s41526-017-0011-2,NPJ Microgravity,data/clean_text/Threedimensional organotypic coculture model of in.txt,cleaned,1.0
Modeling Host-Pathogen Interactions in the Context of the Microenvironment: 3-D Cell Culture Comes of Age.,https://www.ncbi.nlm.nih.gov/pmc/articles/PMC6204695/,data\processed_text\Modeling HostPathogen Interactions in the Context .txt,HTML_EXTRACTION,10.1128/IAI.00282-18,Infect Immun,data/clean_text/Modeling HostPathogen Interactions in the Context .txt,flagged,0.856
Evaluating the effect of spaceflight on the host‚Äìpathogen interaction between human intestinal epithelial cells and Salmonella Typhimurium,https://www.ncbi.nlm.nih.gov/pmc/articles/PMC7943786/,data\processed_text\Evaluating the effect of spaceflight on the hostÄì.txt,HTML_EXTRACTION,10.1038/s41526-021-00136-w,NPJ Microgravity,data/clean_text/Evaluating the effect of spaceflight on the hostÄì.txt,cleaned,1.0
Spaceflight enhances cell aggregation and random budding in Candida albicans.,https://www.ncbi.nlm.nih.gov/pmc/articles/PMC3851762/,data\processed_text\Spaceflight enhances cell aggregation and random b.txt,HTML_EXTRACTION,10.1371/journal.pone.0080677,PLoS One,data/clean_text/Spaceflight enhances cell aggregation and random b.txt,cleaned,1.0
"Growth and antifungal resistance of the pathogenic yeast, Candida albicans, in the microgravity environment of the International Space Station: An aggregate of multiple flight experiences.",https://www.ncbi.nlm.nih.gov/pmc/articles/PMC8067245/,data\processed_text\Growth and antifungal resistance of the pathogenic.txt,HTML_EXTRACTION,10.3390/life11040283,Life (Basel),data/clean_text/Growth and antifungal resistance of the pathogenic.txt,cleaned,1.0
Challenges and considerations for single-cell and spatially resolved transcriptomics sample collection during spaceflight.,https://www.ncbi.nlm.nih.gov/pmc/articles/PMC9701605/,data\processed_text\Challenges and considerations for singlecell and s.txt,HTML_EXTRACTION,10.1016/j.crmeth.2022.100325,Cell Rep Methods,data/clean_text/Challenges and considerations for singlecell and s.txt,flagged,1.0
Direct RNA sequencing of astronaut blood reveals spaceflight-associated m6A increases and hematopoietic transcriptional responses,https://www.ncbi.nlm.nih.gov/pmc/articles/PMC11166648/,data\processed_text\Direct RNA sequencing of astronaut blood reveals s.txt,HTML_EXTRACTION,10.1038/s41467-024-48929-3,Nat Commun,data/clean_text/Direct RNA sequencing of astronaut blood reveals s.txt,cleaned,1.0
Collection of biospecimens from the inspiration4 mission establishes the standards for the space omics and medical atlas (SOMA),https://www.ncbi.nlm.nih.gov/pmc/articles/PMC11166662/,data\processed_text\Collection of biospecimens from the inspiration4 m.txt,HTML_EXTRACTION,10.1038/s41467-024-48806-z,Nat Commun,data/clean_text/Collection of biospecimens from the inspiration4 m.txt,cleaned,1.0
Microfluidics-enabled method to identify modes of Caenorhabditis elegans paralysis in four anthelmintics.,https://www.ncbi.nlm.nih.gov/pmc/articles/PMC3838407/,data\processed_text\Microfluidicsenabled method to identify modes of C.txt,HTML_EXTRACTION,10.1063/1.4829777,Biomicrofluidics,data/clean_text/Microfluidicsenabled method to identify modes of C.txt,cleaned,1.0
Multiparameter behavioral analyses provide insights to mechanisms of cyanide resistance in Caenorhabditis elegans.,https://www.ncbi.nlm.nih.gov/pmc/articles/PMC3748764/,data\processed_text\Multiparameter behavioral analyses provide insight.txt,HTML_EXTRACTION,10.1093/toxsci/kft138,Toxicol Sci,data/clean_text/Multiparameter behavioral analyses provide insight.txt,cleaned,1.0
Growth performance and root transcriptome remodeling of Arabidopsis in response to Mars-like levels of magnesium sulfate.,https://www.ncbi.nlm.nih.gov/pmc/articles/PMC2925951/,data\processed_text\Growth performance and root transcriptome remodeli.txt,HTML_EXTRACTION,10.1371/journal.pone.0012348,PLoS One,data/clean_text/Growth performance and root transcriptome remodeli.txt,cleaned,1.0
The 14-3-3 proteins of Arabidopsis regulate root growth and chloroplast development as components of the photosensory system.,https://www.ncbi.nlm.nih.gov/pmc/articles/PMC3350920/,data\processed_text\The 1433 proteins of Arabidopsis regulate root gro.txt,HTML_EXTRACTION,10.1093/jxb/ers022,J Exp Bot,data/clean_text/The 1433 proteins of Arabidopsis regulate root gro.txt,cleaned,1.0
14-3-3 phosphoprotein interaction networks - does isoform diversity present functional interaction specification?,https://www.ncbi.nlm.nih.gov/pmc/articles/PMC3422896/,data\processed_text\1433 phosphoprotein interaction networks  does iso.txt,HTML_EXTRACTION,10.3389/fpls.2012.00190,Front Plant Sci,data/clean_text/1433 phosphoprotein interaction networks  does iso.txt,cleaned,1.0
A method for preparing spaceflight RNAlater-fixed Arabidopsis thaliana (Brassicaceae) tissue for scanning electron microscopy.,https://www.ncbi.nlm.nih.gov/pmc/articles/PMC4103452/,data\processed_text\A method for preparing spaceflight RNAlaterfixed A.txt,HTML_EXTRACTION,10.3732/apps.1300034,Appl Plant Sci,data/clean_text/A method for preparing spaceflight RNAlaterfixed A.txt,cleaned,0.978
ARG1 Functions in the Physiological Adaptation of Undifferentiated Plant Cells to Spaceflight,https://www.ncbi.nlm.nih.gov/pmc/articles/PMC8024390/,data\processed_text\ARG1 Functions in the Physiological Adaptation of .txt,HTML_EXTRACTION,10.1089/ast.2016.1538,Astrobiology,data/clean_text/ARG1 Functions in the Physiological Adaptation of .txt,cleaned,1.0
A Member of the CONSTANS-Like Protein Family is a Putative Regulator of ROS Homeostasis and Spaceflight Physiological Adaptation,https://www.ncbi.nlm.nih.gov/pmc/articles/PMC6348315/,data\processed_text\A Member of the CONSTANSLike Protein Family is a P.txt,HTML_EXTRACTION,10.1093/aobpla/ply075,AoB Plants,data/clean_text/A Member of the CONSTANSLike Protein Family is a P.txt,cleaned,0.833
HSFA2 Functions in the Physiological Adaptation of Undifferentiated Plant Cells to Spaceflight.,https://www.ncbi.nlm.nih.gov/pmc/articles/PMC6359015/,data\processed_text\HSFA2 Functions in the Physiological Adaptation of.txt,HTML_EXTRACTION,10.3390/ijms20020390,Int J Mol Sci,data/clean_text/HSFA2 Functions in the Physiological Adaptation of.txt,cleaned,1.0
Neutrophil to Lymphocyte ratio: A biomarker to monitor the immune status of astronauts.,https://www.ncbi.nlm.nih.gov/pmc/articles/PMC7667275/,data\processed_text\Neutrophil to Lymphocyte ratio A biomarker to moni.txt,HTML_EXTRACTION,10.3389/fimmu.2020.564950,Front Immunol,data/clean_text/Neutrophil to Lymphocyte ratio A biomarker to moni.txt,cleaned,0.988
Beyond low-Earth orbit: Characterizing immune and microRNA differentials following simulated deep spaceflight conditions in mice.,https://www.ncbi.nlm.nih.gov/pmc/articles/PMC7756144/,data\processed_text\Beyond lowEarth orbit Characterizing immune and mi.txt,HTML_EXTRACTION,10.1016/j.isci.2020.101747,iScience,data/clean_text/Beyond lowEarth orbit Characterizing immune and mi.txt,cleaned,1.0
Immunological and hematological outcomes following protracted low dose/low dose rate ionizing radiation and simulated microgravity,https://www.ncbi.nlm.nih.gov/pmc/articles/PMC8169688/,data\processed_text\Immunological and hematological outcomes following.txt,HTML_EXTRACTION,10.1038/s41598-021-90439-5,Sci Rep,data/clean_text/Immunological and hematological outcomes following.txt,cleaned,1.0
Epigenomic regulators elongator complex subunit 2 and methyltransferase 1 differentially condition the spaceflight response in Arabidopsis,https://www.ncbi.nlm.nih.gov/pmc/articles/PMC8475764/,data\processed_text\Epigenomic regulators elongator complex subunit 2 .txt,HTML_EXTRACTION,10.3389/fpls.2021.691790,Front Plant Sci,data/clean_text/Epigenomic regulators elongator complex subunit 2 .txt,cleaned,1.0
Plants grown in Apollo lunar regolith present stress-associated transcriptomes that inform prospects for lunar exploration,https://www.ncbi.nlm.nih.gov/pmc/articles/PMC9098553/,data\processed_text\Plants grown in Apollo lunar regolith present stre.txt,HTML_EXTRACTION,10.1038/s42003-022-03334-8,Commun Biol,data/clean_text/Plants grown in Apollo lunar regolith present stre.txt,cleaned,1.0
Artificial gravity partially protects space-induced neurological deficits in Drosophila melanogaster.,https://www.ncbi.nlm.nih.gov/pmc/articles/PMC10503492/,data\processed_text\Artificial gravity partially protects spaceinduced.txt,HTML_EXTRACTION,10.1016/j.celrep.2022.111279,Cell Rep,data/clean_text/Artificial gravity partially protects spaceinduced.txt,cleaned,1.0
Utilizing the KSC fixation tube to conduct human-tended plant biology experiments on a suborbital spaceflight,https://www.ncbi.nlm.nih.gov/pmc/articles/PMC9693084/,data\processed_text\Utilizing the KSC fixation tube to conduct humante.txt,HTML_EXTRACTION,10.3390/life12111871,Life (Basel),data/clean_text/Utilizing the KSC fixation tube to conduct humante.txt,cleaned,1.0
Post-Spaceflight (STS-135) Mouse Splenocytes Demonstrate Altered Activation Properties and Surface Molecule Expression.,https://www.ncbi.nlm.nih.gov/pmc/articles/PMC4430214/,data\processed_text\PostSpaceflight STS135 Mouse Splenocytes Demonstra.txt,HTML_EXTRACTION,10.1371/journal.pone.0124380,PLoS One,data/clean_text/PostSpaceflight STS135 Mouse Splenocytes Demonstra.txt,cleaned,1.0
Changes in the distribution and function of leukocytes after whole-body iron ion irradiation.,https://www.ncbi.nlm.nih.gov/pmc/articles/PMC5045078/,data\processed_text\Changes in the distribution and function of leukoc.txt,HTML_EXTRACTION,10.1093/jrr/rrw051,J Radiat Res,data/clean_text/Changes in the distribution and function of leukoc.txt,cleaned,1.0
Is spaceflight-induced immune dysfunction linked to systemic changes in metabolism?,https://www.ncbi.nlm.nih.gov/pmc/articles/PMC5443495/,data\processed_text\Is spaceflightinduced immune dysfunction linked to.txt,HTML_EXTRACTION,10.1371/journal.pone.0174174,PLoS One,data/clean_text/Is spaceflightinduced immune dysfunction linked to.txt,cleaned,1.0
Spaceflight Activates Autophagy Programs and the Proteasome in Mouse Liver,https://www.ncbi.nlm.nih.gov/pmc/articles/PMC5666744/,data\processed_text\Spaceflight Activates Autophagy Programs and the P.txt,HTML_EXTRACTION,10.3390/ijms18102062,Int J Mol Sci,data/clean_text/Spaceflight Activates Autophagy Programs and the P.txt,cleaned,1.0
Vive la radiorésistance!: Converging research in radiobiology and biogerontology to enhance human radioresistance for deep space exploration and colonization.,https://www.ncbi.nlm.nih.gov/pmc/articles/PMC5865701/,data\processed_text\Vive la radiorsistance Converging research in radi.txt,HTML_EXTRACTION,10.18632/oncotarget.24461,Oncotarget,data/clean_text/Vive la radiorsistance Converging research in radi.txt,cleaned,1.0
Proteomic analysis of mouse brain subjected to spaceflight.,https://www.ncbi.nlm.nih.gov/pmc/articles/PMC6337482/,data\processed_text\Proteomic analysis of mouse brain subjected to spa.txt,HTML_EXTRACTION,10.3390/ijms20010007,Int J Mol Sci,data/clean_text/Proteomic analysis of mouse brain subjected to spa.txt,cleaned,1.0
Transcriptomic effects on the mouse heart following 30 days on the International Space Station.,https://www.ncbi.nlm.nih.gov/pmc/articles/PMC9953463/,data\processed_text\Transcriptomic effects on the mouse heart followin.txt,HTML_EXTRACTION,10.3390/biom13020371,Biomolecules,data/clean_text/Transcriptomic effects on the mouse heart followin.txt,cleaned,1.0
Spaceflight-induced gene expression profiles in the mouse brain are attenuated by treatment with the antioxidant BuOE,https://www.ncbi.nlm.nih.gov/pmc/articles/PMC10487739/,data\processed_text\Spaceflightinduced gene expression profiles in the.txt,HTML_EXTRACTION,10.3390/ijms241713569,Int J Mol Sci,data/clean_text/Spaceflightinduced gene expression profiles in the.txt,cleaned,1.0
Phosphoinositide-signaling is one component of a robust plant defense response,https://www.ncbi.nlm.nih.gov/pmc/articles/PMC4052902/,data\processed_text\Phosphoinositidesignaling is one component of a ro.txt,HTML_EXTRACTION,10.3389/fpls.2014.00267,Front Plant Sci,data/clean_text/Phosphoinositidesignaling is one component of a ro.txt,cleaned,1.0
Uncovering transcriptional responses to fractional gravity in Arabidopsis roots,https://www.ncbi.nlm.nih.gov/pmc/articles/PMC8539686/,data\processed_text\Uncovering transcriptional responses to fractional.txt,HTML_EXTRACTION,10.3390/life11101010,Life (Basel),data/clean_text/Uncovering transcriptional responses to fractional.txt,cleaned,1.0
Conserved plant transcriptional responses to microgravity from two consecutive spaceflight experiments.,https://www.ncbi.nlm.nih.gov/pmc/articles/PMC10800490/,data\processed_text\Conserved plant transcriptional responses to micro.txt,HTML_EXTRACTION,10.3389/fpls.2023.1308713,Front Plant Sci,data/clean_text/Conserved plant transcriptional responses to micro.txt,cleaned,1.0
RNAseq analysis of rodent spaceflight experiments is confounded by sample collection techniques,https://www.ncbi.nlm.nih.gov/pmc/articles/PMC7756143/,data\processed_text\RNAseq analysis of rodent spaceflight experiments .txt,HTML_EXTRACTION,10.1016/j.isci.2020.101733,iScience,data/clean_text/RNAseq analysis of rodent spaceflight experiments .txt,cleaned,1.0
Functional changes in the snail statocyst system elicited by microgravity,https://www.ncbi.nlm.nih.gov/pmc/articles/PMC3066201/,data\processed_text\Functional changes in the snail statocyst system e.txt,HTML_EXTRACTION,10.1371/journal.pone.0017710,PLoS One,data/clean_text/Functional changes in the snail statocyst system e.txt,cleaned,1.0
Multi-analyte biochip (MAB) based on all-solid-state ion-selective electrodes (ASSISE) for physiological research,https://www.ncbi.nlm.nih.gov/pmc/articles/PMC3665236/,data\processed_text\Multianalyte biochip MAB based on allsolidstate io.txt,HTML_EXTRACTION,10.3791/50020,J Vis Exp,data/clean_text/Multianalyte biochip MAB based on allsolidstate io.txt,cleaned,1.0
The interaction of vortical flows with red cells in venous valve mimics.,https://www.ncbi.nlm.nih.gov/pmc/articles/PMC8896891/,data\processed_text\The interaction of vortical flows with red cells i.txt,HTML_EXTRACTION,10.1063/5.0078337,Biomicrofluidics,data/clean_text/The interaction of vortical flows with red cells i.txt,flagged,1.0
Mammalian and Invertebrate Models as Complementary Tools for Gaining Mechanistic Insight on Muscle Responses to Spaceflight,https://www.ncbi.nlm.nih.gov/pmc/articles/PMC8430797/,data\processed_text\Mammalian and Invertebrate Models as Complementary.txt,HTML_EXTRACTION,10.3390/ijms22179470,Int J Mol Sci,data/clean_text/Mammalian and Invertebrate Models as Complementary.txt,cleaned,1.0
Investigation of simulated microgravity effects on Streptococcus mutans physiology and global gene expression.,https://www.ncbi.nlm.nih.gov/pmc/articles/PMC5460135/,data\processed_text\Investigation of simulated microgravity effects on.txt,HTML_EXTRACTION,10.1038/s41526-016-0006-4,NPJ Microgravity,data/clean_text/Investigation of simulated microgravity effects on.txt,cleaned,1.0
Altered quorum sensing and physiology of Staphylococcus aureus during spaceflight detected by multi-omics data analysis,https://www.ncbi.nlm.nih.gov/pmc/articles/PMC10774393/,data\processed_text\Altered quorum sensing and physiology of Staphyloc.txt,HTML_EXTRACTION,10.1038/s41526-023-00343-7,NPJ Microgravity,data/clean_text/Altered quorum sensing and physiology of Staphyloc.txt,cleaned,1.0
REGULATOR OF BULB BIOGENESIS1 (RBB1) Is Involved in Vacuole Bulb Formation in Arabidopsis.,https://www.ncbi.nlm.nih.gov/pmc/articles/PMC4411111/,data\processed_text\REGULATOR OF BULB BIOGENESIS1 RBB1 Is Involved in .txt,HTML_EXTRACTION,10.1371/journal.pone.0125621,PLoS One,data/clean_text/REGULATOR OF BULB BIOGENESIS1 RBB1 Is Involved in .txt,cleaned,1.0
"Phosphoinositides control the localization of HOPS subunit VPS41, which together with VPS33 mediates vacuole fusion in plants.",https://www.ncbi.nlm.nih.gov/pmc/articles/PMC6126739/,data\processed_text\Phosphoinositides control the localization of HOPS.txt,HTML_EXTRACTION,10.1073/pnas.1807763115,Proc Natl Acad Sci U S A,data/clean_text/Phosphoinositides control the localization of HOPS.txt,cleaned,1.0
Microgravity enhances the phenotype of Arabidopsis zigzag-1 and reduces the Wortmannin-induced vacuole fusion in root cells.,https://www.ncbi.nlm.nih.gov/pmc/articles/PMC9445043/,data\processed_text\Microgravity enhances the phenotype of Arabidopsis.txt,HTML_EXTRACTION,10.1038/s41526-022-00226-3,NPJ Microgravity,data/clean_text/Microgravity enhances the phenotype of Arabidopsis.txt,cleaned,1.0
Hypergravity disruption of homeorhetic adaptations to lactation in rat dams include changes in circadian clocks,https://www.ncbi.nlm.nih.gov/pmc/articles/PMC3509447/,data\processed_text\Hypergravity disruption of homeorhetic adaptations.txt,HTML_EXTRACTION,10.1242/bio.2012687,Biol Open,data/clean_text/Hypergravity disruption of homeorhetic adaptations.txt,cleaned,1.0
Intrauterine exposure to maternal stress alters Bdnf IV DNA methylation and telomere length in the brain of adult rat offspring.,https://www.ncbi.nlm.nih.gov/pmc/articles/PMC5600826/,data\processed_text\Intrauterine exposure to maternal stress alters Bd.txt,HTML_EXTRACTION,10.1016/j.ijdevneu.2017.03.007,Int J Dev Neurosci,data/clean_text/Intrauterine exposure to maternal stress alters Bd.txt,cleaned,1.0
Sex differences in muscle health in simulated micro- and partial-gravity environments in rats.,https://www.ncbi.nlm.nih.gov/pmc/articles/PMC10831389/,data\processed_text\Sex differences in muscle health in simulated micr.txt,HTML_EXTRACTION,10.1016/j.smhs.2023.09.002,Sports Med Health Sci,data/clean_text/Sex differences in muscle health in simulated micr.txt,cleaned,1.0
Brassinazole resistant 1 (BZR1)-dependent brassinosteroid signalling pathway leads to ectopic activation of quiescent cell division and suppresses columella stem cell differentiation,https://www.ncbi.nlm.nih.gov/pmc/articles/PMC4507784/,data\processed_text\Brassinazole resistant 1 BZR1dependent brassinoste.txt,HTML_EXTRACTION,10.1093/jxb/erv316,J Exp Bot,data/clean_text/Brassinazole resistant 1 BZR1dependent brassinoste.txt,cleaned,1.0
Proteomic study of microsomal proteins reveals a key role for Arabidopsis Annexin 1 in mediating heat stress-induced increase in intracellular calcium levels.,https://www.ncbi.nlm.nih.gov/pmc/articles/PMC4349987/,data\processed_text\Proteomic study of microsomal proteins reveals a k.txt,HTML_EXTRACTION,10.1074/mcp.M114.042697,Mol Cell Proteomics,data/clean_text/Proteomic study of microsomal proteins reveals a k.txt,cleaned,1.0
Apyrase inhibitors enhance the ability of diverse fungicides to inhibit the growth of different plant-pathogenic fungi,https://www.ncbi.nlm.nih.gov/pmc/articles/PMC6638264/,data\processed_text\Apyrase inhibitors enhance the ability of diverse .txt,HTML_EXTRACTION,10.1111/mpp.12458,Mol Plant Pathol,data/clean_text/Apyrase inhibitors enhance the ability of diverse .txt,cleaned,1.0
ANN1 and ANN2 Function in Post-Phloem Sugar Transport in Root Tips to Affect Primary Root Growth,https://www.ncbi.nlm.nih.gov/pmc/articles/PMC6130020/,data\processed_text\ANN1 and ANN2 Function in PostPhloem Sugar Transpo.txt,HTML_EXTRACTION,10.1104/pp.18.00713,Plant Physiol,data/clean_text/ANN1 and ANN2 Function in PostPhloem Sugar Transpo.txt,cleaned,1.0
Mitochondria-targeted human catalase in the mouse longevity MCAT model mitigates head-tilt bedrest-induced neuro-inflammation in the hippocampus.,https://www.ncbi.nlm.nih.gov/pmc/articles/PMC9695374/,data\processed_text\Mitochondriatargeted human catalase in the mouse l.txt,HTML_EXTRACTION,10.3390/life12111838,Life (Basel),data/clean_text/Mitochondriatargeted human catalase in the mouse l.txt,cleaned,1.0
Structural and functional properties of bone are compromised in amyotrophic lateral sclerosis mice.,https://www.ncbi.nlm.nih.gov/pmc/articles/PMC6141014/,data\processed_text\Structural and functional properties of bone are c.txt,HTML_EXTRACTION,10.1080/21678421.2018.1452946,Amyotroph Lateral Scler Frontotemporal Degener,data/clean_text/Structural and functional properties of bone are c.txt,cleaned,1.0
Longitudinal time course of muscle impairments during partial weight-bearing in rats,https://www.ncbi.nlm.nih.gov/pmc/articles/PMC6706399/,data\processed_text\Longitudinal time course of muscle impairments dur.txt,HTML_EXTRACTION,10.1038/s41526-019-0080-5,NPJ Microgravity,data/clean_text/Longitudinal time course of muscle impairments dur.txt,cleaned,1.0
Dose-dependent skeletal deficits due to varied reductions in mechanical loading in rats.,https://www.ncbi.nlm.nih.gov/pmc/articles/PMC7235020/,data\processed_text\Dosedependent skeletal deficits due to varied redu.txt,HTML_EXTRACTION,10.1038/s41526-020-0105-0,NPJ Microgravity,data/clean_text/Dosedependent skeletal deficits due to varied redu.txt,cleaned,1.0
Approaching Gravity as a Continuum Using the Rat Partial Weight-Bearing Model,https://www.ncbi.nlm.nih.gov/pmc/articles/PMC7599661/,data\processed_text\Approaching Gravity as a Continuum Using the Rat P.txt,HTML_EXTRACTION,10.3390/life10100235,Life (Basel),data/clean_text/Approaching Gravity as a Continuum Using the Rat P.txt,cleaned,1.0
Hindlimb suspension in Wistar rats: Sex-based differences in muscle response,https://www.ncbi.nlm.nih.gov/pmc/articles/PMC8493566/,data\processed_text\Hindlimb suspension in Wistar rats Sexbased differ.txt,HTML_EXTRACTION,10.14814/phy2.15042,Physiol Rep,data/clean_text/Hindlimb suspension in Wistar rats Sexbased differ.txt,cleaned,1.0
Effects of liquid cultivation on gene expression and phenotype of C. elegans.,https://www.ncbi.nlm.nih.gov/pmc/articles/PMC6069985/,data\processed_text\Effects of liquid cultivation on gene expression a.txt,HTML_EXTRACTION,10.1186/s12864-018-4948-7,BMC Genomics,data/clean_text/Effects of liquid cultivation on gene expression a.txt,cleaned,1.0
Transcriptomic Signature of the Simulated Microgravity Response in Caenorhabditis elegans and Comparison to Spaceflight Experiments.,https://www.ncbi.nlm.nih.gov/pmc/articles/PMC9856674/,data\processed_text\Transcriptomic Signature of the Simulated Microgra.txt,HTML_EXTRACTION,10.3390/cells12020270,Cells,data/clean_text/Transcriptomic Signature of the Simulated Microgra.txt,cleaned,1.0
Enabling clonal analyses of yeast in outer space by encapsulation and desiccation in hollow microparticles.,https://www.ncbi.nlm.nih.gov/pmc/articles/PMC9410522/,data\processed_text\Enabling clonal analyses of yeast in outer space b.txt,HTML_EXTRACTION,10.3390/life12081168,Life (Basel),data/clean_text/Enabling clonal analyses of yeast in outer space b.txt,cleaned,1.0
Caenorhabditis elegans in microgravity: An omics perspective,https://www.ncbi.nlm.nih.gov/pmc/articles/PMC10344948/,data\processed_text\Caenorhabditis elegans in microgravity An omics pe.txt,HTML_EXTRACTION,10.1016/j.isci.2023.107189,iScience,data/clean_text/Caenorhabditis elegans in microgravity An omics pe.txt,cleaned,1.0
Dried plum diet protects from bone loss caused by ionizing radiation,https://www.ncbi.nlm.nih.gov/pmc/articles/PMC4750446/,data\processed_text\Dried plum diet protects from bone loss caused by .txt,HTML_EXTRACTION,10.1038/srep21343,Sci Rep,data/clean_text/Dried plum diet protects from bone loss caused by .txt,cleaned,1.0
Dietary countermeasure mitigates simulated spaceflight-induced osteopenia in mice,https://www.ncbi.nlm.nih.gov/pmc/articles/PMC7162976/,data\processed_text\Dietary countermeasure mitigates simulated spacefl.txt,HTML_EXTRACTION,10.1038/s41598-020-63404-x,Sci Rep,data/clean_text/Dietary countermeasure mitigates simulated spacefl.txt,cleaned,1.0
A new role of NAP1L1 in megakaryocytes and human platelets,https://www.ncbi.nlm.nih.gov/pmc/articles/PMC9737020/,data\processed_text\A new role of NAP1L1 in megakaryocytes and human p.txt,HTML_EXTRACTION,10.3390/ijms232314694,Int J Mol Sci,data/clean_text/A new role of NAP1L1 in megakaryocytes and human p.txt,cleaned,1.0
Evaluation of rodent spaceflight in the NASA animal enclosure module for an extended operational period (up to 35 days),https://www.ncbi.nlm.nih.gov/pmc/articles/PMC5515519/,data\processed_text\Evaluation of rodent spaceflight in the NASA anima.txt,HTML_EXTRACTION,10.1038/npjmgrav.2016.2,NPJ Microgravity,data/clean_text/Evaluation of rodent spaceflight in the NASA anima.txt,cleaned,1.0
Morphology of Penicillium rubens Biofilms Formed in Space,https://www.ncbi.nlm.nih.gov/pmc/articles/PMC10144393/,data\processed_text\Morphology of Penicillium rubens Biofilms Formed i.txt,HTML_EXTRACTION,10.3390/life13041001,Life (Basel),data/clean_text/Morphology of Penicillium rubens Biofilms Formed i.txt,cleaned,1.0
Explainable machine learning identifies multi-omics signatures of muscle response to spaceflight in mice,https://www.ncbi.nlm.nih.gov/pmc/articles/PMC10719374/,data\processed_text\Explainable machine learning identifies multiomics.txt,HTML_EXTRACTION,10.1038/s41526-023-00337-5,NPJ Microgravity,data/clean_text/Explainable machine learning identifies multiomics.txt,flagged,1.0
Microbial adaptation to spaceflight is correlated with bacteriophage-encoded functions,https://www.ncbi.nlm.nih.gov/pmc/articles/PMC11096397/,data\processed_text\Microbial adaptation to spaceflight is correlated .txt,HTML_EXTRACTION,10.1038/s41467-023-42104-w,Nat Commun,data/clean_text/Microbial adaptation to spaceflight is correlated .txt,cleaned,1.0
Influence of the spaceflight environment on macrophage lineages,https://www.ncbi.nlm.nih.gov/pmc/articles/PMC11166655/,data\processed_text\Influence of the spaceflight environment on macrop.txt,HTML_EXTRACTION,10.1038/s41526-023-00293-0,NPJ Microgravity,data/clean_text/Influence of the spaceflight environment on macrop.txt,cleaned,1.0
MARSBOx: Fungal and bacterial endurance from a balloon-flown analog mission in the stratosphere,https://www.ncbi.nlm.nih.gov/pmc/articles/PMC7937622/,data\processed_text\MARSBOx Fungal and bacterial endurance from a ball.txt,HTML_EXTRACTION,10.3389/fmicb.2021.601713,Front Microbiol,data/clean_text/MARSBOx Fungal and bacterial endurance from a ball.txt,cleaned,1.0
In situ linkage of fungal and bacterial proliferation to microbiologically influenced corrosion in B20 biodiesel storage tanks.,https://www.ncbi.nlm.nih.gov/pmc/articles/PMC7055474/,data\processed_text\In situ linkage of fungal and bacterial proliferat.txt,HTML_EXTRACTION,10.3389/fmicb.2020.00167,Front Microbiol,data/clean_text/In situ linkage of fungal and bacterial proliferat.txt,cleaned,1.0
"Identification of metagenome-assembled genomes containing antimicrobial resistance genes, isolated from an advanced water treatment facility.",https://www.ncbi.nlm.nih.gov/pmc/articles/PMC7118179/,data\processed_text\Identification of metagenomeassembled genomes cont.txt,HTML_EXTRACTION,10.1128/MRA.00003-20,Microbiol Resour Announc,data/clean_text/Identification of metagenomeassembled genomes cont.txt,cleaned,1.0
Nature of pre-earthquake phenomena and their effects on living organisms,https://www.ncbi.nlm.nih.gov/pmc/articles/PMC4494396/,data\processed_text\Nature of preearthquake phenomena and their effect.txt,HTML_EXTRACTION,10.3390/ani3020513,Animals (Basel),data/clean_text/Nature of preearthquake phenomena and their effect.txt,cleaned,1.0
The rapid diagnosis and effective inhibition of coronavirus using spike antibody attached gold nanoparticles,https://www.ncbi.nlm.nih.gov/pmc/articles/PMC8323809/,data\processed_text\The rapid diagnosis and effective inhibition of co.txt,HTML_EXTRACTION,10.1039/d0na01007c,Nanoscale Adv,data/clean_text/The rapid diagnosis and effective inhibition of co.txt,cleaned,1.0
Blocking SARS-CoV-2 Delta variant (B.1.617.2) spike protein receptor-binding domain binding with the ACE2 receptor of the host cell and inhibiting virus infections using human host defense peptide-conjugated graphene quantum dots.,https://www.ncbi.nlm.nih.gov/pmc/articles/PMC8886715/,data\processed_text\Blocking SARSCoV2 Delta variant B16172 spike prote.txt,HTML_EXTRACTION,10.1021/acsomega.2c00113,ACS Omega,data/clean_text/Blocking SARSCoV2 Delta variant B16172 spike prote.txt,cleaned,1.0
Safety and pharmacokinetics of intranasally administered heparin,https://www.ncbi.nlm.nih.gov/pmc/articles/PMC8890767/,data\processed_text\Safety and pharmacokinetics of intranasally admini.txt,HTML_EXTRACTION,10.1007/s11095-022-03191-4,Pharm Res,data/clean_text/Safety and pharmacokinetics of intranasally admini.txt,cleaned,1.0
Inhibition of SARS-CoV-2 wild-type (Wuhan-Hu-1) and Delta (B.1.617.2) strains by marine sulfated glycans.,https://www.ncbi.nlm.nih.gov/pmc/articles/PMC9487896/,data\processed_text\Inhibition of SARSCoV2 wildtype WuhanHu1 and Delta.txt,HTML_EXTRACTION,10.1093/glycob/cwac042,Glycobiology,data/clean_text/Inhibition of SARSCoV2 wildtype WuhanHu1 and Delta.txt,cleaned,1.0
A Tissue Retrieval and Postharvest Processing Regimen for Rodent Reproductive Tissues Compatible with Long-Term Storage on the International Space Station and Postflight Biospecimen Sharing Program,https://www.ncbi.nlm.nih.gov/pmc/articles/PMC4309301/,data\processed_text\A Tissue Retrieval and Postharvest Processing Regi.txt,HTML_EXTRACTION,10.1155/2015/475935,Biomed Res Int,data/clean_text/A Tissue Retrieval and Postharvest Processing Regi.txt,cleaned,1.0
Multiscale effects of spaceflight on murine tendon and bone,https://www.ncbi.nlm.nih.gov/pmc/articles/PMC7138367/,data\processed_text\Multiscale effects of spaceflight on murine tendon.txt,HTML_EXTRACTION,10.1016/j.bone.2019.115152,Bone,data/clean_text/Multiscale effects of spaceflight on murine tendon.txt,cleaned,1.0
Reproducible changes in the gut microbiome suggest a shift in microbial and host metabolism during spaceflight.,https://www.ncbi.nlm.nih.gov/pmc/articles/PMC6689164/,data\processed_text\Reproducible changes in the gut microbiome suggest.txt,HTML_EXTRACTION,10.1186/s40168-019-0724-4,Microbiome,data/clean_text/Reproducible changes in the gut microbiome suggest.txt,cleaned,1.0
Failure to Generate Bone Marrow Adipocytes Does Not Protect Mice from Ovariectomy-Induced Osteopenia,https://www.ncbi.nlm.nih.gov/pmc/articles/PMC3564669/,data\processed_text\Failure to Generate Bone Marrow Adipocytes Does No.txt,HTML_EXTRACTION,10.1016/j.bone.2012.11.034,Bone,data/clean_text/Failure to Generate Bone Marrow Adipocytes Does No.txt,cleaned,1.0
Acute exposure to high dose gamma-radiation results in transient activation of bone lining cells,https://www.ncbi.nlm.nih.gov/pmc/articles/PMC4042434/,data\processed_text\Acute exposure to high dose gammaradiation results.txt,HTML_EXTRACTION,10.1016/j.bone.2013.08.002,Bone,data/clean_text/Acute exposure to high dose gammaradiation results.txt,cleaned,0.944
Morbid obesity attenuates the skeletal abnormalities associated with leptin deficiency in mice,https://www.ncbi.nlm.nih.gov/pmc/articles/PMC4161659/,data\processed_text\Morbid obesity attenuates the skeletal abnormaliti.txt,HTML_EXTRACTION,10.1530/JOE-14-0224,J Endocrinol,data/clean_text/Morbid obesity attenuates the skeletal abnormaliti.txt,cleaned,1.0
Hypothalamic leptin gene therapy reduces body weight without accelerating age-related bone loss,https://www.ncbi.nlm.nih.gov/pmc/articles/PMC4917201/,data\processed_text\Hypothalamic leptin gene therapy reduces body weig.txt,HTML_EXTRACTION,10.1530/JOE-15-0280,J Endocrinol,data/clean_text/Hypothalamic leptin gene therapy reduces body weig.txt,cleaned,1.0
Hypothalamic Leptin Gene Therapy Reduces Bone Marrow Adiposity in ob/ob Mice Fed Regular and High-Fat Diets.,https://www.ncbi.nlm.nih.gov/pmc/articles/PMC4985531/,data\processed_text\Hypothalamic Leptin Gene Therapy Reduces Bone Marr.txt,HTML_EXTRACTION,10.3389/fendo.2016.00110,Front Endocrinol (Lausanne),data/clean_text/Hypothalamic Leptin Gene Therapy Reduces Bone Marr.txt,cleaned,1.0
Room temperature housing results in premature cancellous bone loss in growing female mice: implications for the mouse as a preclinical model for age-related bone loss.,https://www.ncbi.nlm.nih.gov/pmc/articles/PMC5421618/,data\processed_text\Room temperature housing results in premature canc.txt,HTML_EXTRACTION,10.1007/s00198-016-3634-3,Osteoporos Int,data/clean_text/Room temperature housing results in premature canc.txt,cleaned,1.0
Spaceflight-induced vertebral bone loss in ovariectomized rats is associated with increased bone marrow adiposity and no change in bone formation,https://www.ncbi.nlm.nih.gov/pmc/articles/PMC5515514/,data\processed_text\Spaceflightinduced vertebral bone loss in ovariect.txt,HTML_EXTRACTION,10.1038/npjmgrav.2016.16,NPJ Microgravity,data/clean_text/Spaceflightinduced vertebral bone loss in ovariect.txt,cleaned,1.0
Role of oestrogen receptor signaling in skeletal response to leptin in female ob/ob mice.,https://www.ncbi.nlm.nih.gov/pmc/articles/PMC8671758/,data\processed_text\Role of oestrogen receptor signaling in skeletal r.txt,HTML_EXTRACTION,10.3389/fendo.2021.749449,Front Endocrinol (Lausanne),data/clean_text/Role of oestrogen receptor signaling in skeletal r.txt,cleaned,0.686
Effects of hypothalamic leptin gene therapy on osteopetrosis in leptin-deficient mice.,https://www.ncbi.nlm.nih.gov/pmc/articles/PMC5771473/,data\processed_text\Effects of hypothalamic leptin gene therapy on ost.txt,HTML_EXTRACTION,10.1530/JOE-17-0524,J Endocrinol,data/clean_text/Effects of hypothalamic leptin gene therapy on ost.txt,cleaned,1.0
Leptin stimulates bone formation in ob/ob mice at doses having minimal impact on energy metabolism.,https://www.ncbi.nlm.nih.gov/pmc/articles/PMC5288125/,data\processed_text\Leptin stimulates bone formation in obob mice at d.txt,HTML_EXTRACTION,10.1530/JOE-16-0484,J Endocrinol,data/clean_text/Leptin stimulates bone formation in obob mice at d.txt,cleaned,1.0
Bone Marrow Adipose Tissue Deficiency Increases Disuse-Induced Bone Loss in Male Mice,https://www.ncbi.nlm.nih.gov/pmc/articles/PMC5389344/,data\processed_text\Bone Marrow Adipose Tissue Deficiency Increases Di.txt,HTML_EXTRACTION,10.1038/srep46325,Sci Rep,data/clean_text/Bone Marrow Adipose Tissue Deficiency Increases Di.txt,cleaned,1.0
Maintenance of near normal bone mass and architecture in lethally irradiated female mice following adoptive transfer with as few as 750 purified hematopoietic stem cells.,https://www.ncbi.nlm.nih.gov/pmc/articles/PMC6548323/,data\processed_text\Maintenance of near normal bone mass and architect.txt,HTML_EXTRACTION,10.1667/RR15164.1,Radiat Res,data/clean_text/Maintenance of near normal bone mass and architect.txt,cleaned,1.0
Effect of leptin deficiency on the skeletal response to hindlimb unloading in adult male mice.,https://www.ncbi.nlm.nih.gov/pmc/articles/PMC6597714/,data\processed_text\Effect of leptin deficiency on the skeletal respon.txt,HTML_EXTRACTION,10.1038/s41598-019-45587-0,Sci Rep,data/clean_text/Effect of leptin deficiency on the skeletal respon.txt,cleaned,1.0
Thermoneutral housing attenuates premature cancellous bone loss in male C57BL/6J mice,https://www.ncbi.nlm.nih.gov/pmc/articles/PMC6865368/,data\processed_text\Thermoneutral housing attenuates premature cancell.txt,HTML_EXTRACTION,10.1530/EC-19-0359,Endocr Connect,data/clean_text/Thermoneutral housing attenuates premature cancell.txt,cleaned,1.0
Effects of Spaceflight on Cancellous and Cortical Bone in Proximal Femur in Growing Rats,https://www.ncbi.nlm.nih.gov/pmc/articles/PMC7907224/,data\processed_text\Effects of Spaceflight on Cancellous and Cortical .txt,HTML_EXTRACTION,10.1016/j.bonr.2021.100755,Bone Rep,data/clean_text/Effects of Spaceflight on Cancellous and Cortical .txt,cleaned,1.0
Evidence for increased thermogenesis in female C57BL/6J mice housed aboard the international space station,https://www.ncbi.nlm.nih.gov/pmc/articles/PMC8213760/,data\processed_text\Evidence for increased thermogenesis in female C57.txt,HTML_EXTRACTION,10.1038/s41526-021-00150-y,NPJ Microgravity,data/clean_text/Evidence for increased thermogenesis in female C57.txt,cleaned,1.0
Leptin and environmental temperature as determinants of bone marrow adiposity in female mice,https://www.ncbi.nlm.nih.gov/pmc/articles/PMC9582271/,data\processed_text\Leptin and environmental temperature as determinan.txt,HTML_EXTRACTION,10.3389/fendo.2022.959743,Front Endocrinol (Lausanne),data/clean_text/Leptin and environmental temperature as determinan.txt,cleaned,1.0
Small changes in thermoregulation influence cancellous bone turnover balance in distal femur metaphysis in growing female mice,https://www.ncbi.nlm.nih.gov/pmc/articles/PMC10063413/,data\processed_text\Small changes in thermoregulation influence cancel.txt,HTML_EXTRACTION,10.1016/j.bonr.2023.101675,Bone Rep,data/clean_text/Small changes in thermoregulation influence cancel.txt,cleaned,1.0
Bone Marrow Adipose Tissue Is Not Required for Reconstitution of the Immune System Following Irradiation in Male Mice,https://www.ncbi.nlm.nih.gov/pmc/articles/PMC10889206/,data\processed_text\Bone Marrow Adipose Tissue Is Not Required for Rec.txt,HTML_EXTRACTION,10.3390/ijms25041980,Int J Mol Sci,data/clean_text/Bone Marrow Adipose Tissue Is Not Required for Rec.txt,cleaned,1.0
Simulated Microgravity Promotes Horizontal Gene Transfer of Antimicrobial Resistance Genes between Bacterial Genera in the Absence of Antibiotic Selective Pressure,https://www.ncbi.nlm.nih.gov/pmc/articles/PMC8468678/,data\processed_text\Simulated Microgravity Promotes Horizontal Gene Tr.txt,HTML_EXTRACTION,10.3390/life11090960,Life (Basel),data/clean_text/Simulated Microgravity Promotes Horizontal Gene Tr.txt,cleaned,1.0
Understanding the Complexities and Changes of the Astronaut Microbiome for Successful Long-Duration Space Missions,https://www.ncbi.nlm.nih.gov/pmc/articles/PMC9031868/,data\processed_text\Understanding the Complexities and Changes of the .txt,HTML_EXTRACTION,10.3390/life12040495,Life (Basel),data/clean_text/Understanding the Complexities and Changes of the .txt,flagged,1.0
Toward sustainable space exploration: a roadmap for harnessing the power of microorganisms.,https://www.ncbi.nlm.nih.gov/pmc/articles/PMC10030976/,data\processed_text\Toward sustainable space exploration a roadmap for.txt,HTML_EXTRACTION,10.1038/s41467-023-37070-2,Nat Commun,data/clean_text/Toward sustainable space exploration a roadmap for.txt,cleaned,1.0
Roll maneuvers are essential for active reorientation of Caenorhabditis elegans in 3D media,https://www.ncbi.nlm.nih.gov/pmc/articles/PMC5910807/,data\processed_text\Roll maneuvers are essential for active reorientat.txt,HTML_EXTRACTION,10.1073/pnas.1706754115,Proc Natl Acad Sci U S A,data/clean_text/Roll maneuvers are essential for active reorientat.txt,cleaned,1.0
NemaFlex: A microfluidics-based technology for standardized measurement of muscular strength of C. elegans.,https://www.ncbi.nlm.nih.gov/pmc/articles/PMC6057834/,data\processed_text\NemaFlex A microfluidicsbased technology for stand.txt,HTML_EXTRACTION,10.1039/c8lc00103k,Lab Chip,data/clean_text/NemaFlex A microfluidicsbased technology for stand.txt,cleaned,1.0
"Swim exercise in Caenorhabditis elegans extends neuromuscular and gut healthspan, enhances learning ability, and protects against neurodegeneration",https://www.ncbi.nlm.nih.gov/pmc/articles/PMC6876156/,data\processed_text\Swim exercise in Caenorhabditis elegans extends ne.txt,HTML_EXTRACTION,10.1073/pnas.1909210116,Proc Natl Acad Sci U S A,data/clean_text/Swim exercise in Caenorhabditis elegans extends ne.txt,cleaned,1.0
Molecular muscle experiment: Hardware and operational lessons for future astrobiology space experiments,https://www.ncbi.nlm.nih.gov/pmc/articles/PMC7415877/,data\processed_text\Molecular muscle experiment Hardware and operation.txt,HTML_EXTRACTION,10.1089/ast.2019.2181,Astrobiology,data/clean_text/Molecular muscle experiment Hardware and operation.txt,cleaned,1.0
Tart Cherry Increases Lifespan in Caenorhabditis elegans by Altering Metabolic Signaling Pathways,https://www.ncbi.nlm.nih.gov/pmc/articles/PMC7285199/,data\processed_text\Tart Cherry Increases Lifespan in Caenorhabditis e.txt,HTML_EXTRACTION,10.3390/nu12051482,Nutrients,data/clean_text/Tart Cherry Increases Lifespan in Caenorhabditis e.txt,cleaned,1.0
A region of UNC-89 (obscurin) lying between two protein kinase domains is a highly elastic spring required for proper sarcomere organization,https://www.ncbi.nlm.nih.gov/pmc/articles/PMC9549344/,data\processed_text\A region of UNC89 obscurin lying between two prote.txt,HTML_EXTRACTION,10.1016/j.jmb.2020.06.024,J Mol Biol,data/clean_text/A region of UNC89 obscurin lying between two prote.txt,cleaned,1.0
NemaLife chip: a micropillar-based microfluidic culture device optimized for aging studies in crawling C. elegans,https://www.ncbi.nlm.nih.gov/pmc/articles/PMC7530743/,data\processed_text\NemaLife chip a micropillarbased microfluidic cult.txt,HTML_EXTRACTION,10.1038/s41598-020-73002-6,Sci Rep,data/clean_text/NemaLife chip a micropillarbased microfluidic cult.txt,cleaned,1.0
Spaceflight affects neuronal morphology and alters transcellular degradation of neuronal debris in adult Caenorhabditis elegans,https://www.ncbi.nlm.nih.gov/pmc/articles/PMC7890410/,data\processed_text\Spaceflight affects neuronal morphology and alters.txt,HTML_EXTRACTION,10.1016/j.isci.2021.102105,iScience,data/clean_text/Spaceflight affects neuronal morphology and alters.txt,cleaned,1.0
Microfluidics-integrated spaceflight hardware for measuring muscle strength of Caenorhabditis elegans on the International Space Station.,https://www.ncbi.nlm.nih.gov/pmc/articles/PMC9640571/,data\processed_text\Microfluidicsintegrated spaceflight hardware for m.txt,HTML_EXTRACTION,10.1038/s41526-022-00241-4,NPJ Microgravity,data/clean_text/Microfluidicsintegrated spaceflight hardware for m.txt,cleaned,1.0
A Compact Imaging Platform for Conducting C. elegans Phenotypic Assays on Earth and in Spaceflight.,https://www.ncbi.nlm.nih.gov/pmc/articles/PMC9862956/,data\processed_text\A Compact Imaging Platform for Conducting C elegan.txt,HTML_EXTRACTION,10.3390/life13010200,Life (Basel),data/clean_text/A Compact Imaging Platform for Conducting C elegan.txt,cleaned,1.0
Mitochondrial sulfide promotes life span and health span through distinct mechanisms in developing versus adult treated Caenorhabditis elegans.,https://www.ncbi.nlm.nih.gov/pmc/articles/PMC10410709/,data\processed_text\Mitochondrial sulfide promotes life span and healt.txt,HTML_EXTRACTION,10.1073/pnas.2216141120,Proc Natl Acad Sci U S A,data/clean_text/Mitochondrial sulfide promotes life span and healt.txt,cleaned,1.0
Bisphosphonates attenuate age-related muscle decline in Caenorhabditis elegans.,https://www.ncbi.nlm.nih.gov/pmc/articles/PMC10751425/,data\processed_text\Bisphosphonates attenuate agerelated muscle declin.txt,HTML_EXTRACTION,10.1002/jcsm.13335,J Cachexia Sarcopenia Muscle,data/clean_text/Bisphosphonates attenuate agerelated muscle declin.txt,cleaned,1.0
Spaceflight Induces Strength Decline in Caenorhabditis elegans,https://www.ncbi.nlm.nih.gov/pmc/articles/PMC10605753/,data\processed_text\Spaceflight Induces Strength Decline in Caenorhabd.txt,HTML_EXTRACTION,10.3390/cells12202470,Cells,data/clean_text/Spaceflight Induces Strength Decline in Caenorhabd.txt,cleaned,1.0
Metabolic model predictions enable targeted microbiome manipulation through precision prebiotics.,https://www.ncbi.nlm.nih.gov/pmc/articles/PMC10846184/,data\processed_text\Metabolic model predictions enable targeted microb.txt,HTML_EXTRACTION,10.1128/spectrum.01144-23,Microbiol Spectr,data/clean_text/Metabolic model predictions enable targeted microb.txt,cleaned,1.0
Transcriptomics analysis reveals molecular alterations underpinning spaceflight dermatology.,https://www.ncbi.nlm.nih.gov/pmc/articles/PMC11166967/,data\processed_text\Transcriptomics analysis reveals molecular alterat.txt,HTML_EXTRACTION,10.1038/s43856-024-00532-9,Commun Med (Lond),data/clean_text/Transcriptomics analysis reveals molecular alterat.txt,cleaned,1.0
Identification and characterization of a skin microbiome on Caenorhabditis elegans suggests environmental microbes confer cuticle protection,https://www.ncbi.nlm.nih.gov/pmc/articles/PMC11302229/,data\processed_text\Identification and characterization of a skin micr.txt,HTML_EXTRACTION,10.1128/spectrum.00169-24,Microbiol Spectr,data/clean_text/Identification and characterization of a skin micr.txt,cleaned,1.0
New perspectives on viable microbial communities in low-biomass cleanroom environments,https://www.ncbi.nlm.nih.gov/pmc/articles/PMC3554398/,data\processed_text\New perspectives on viable microbial communities i.txt,HTML_EXTRACTION,10.1038/ismej.2012.114,ISME J,data/clean_text/New perspectives on viable microbial communities i.txt,cleaned,1.0
Microbiomes of the dust particles collected from the International Space Station and Spacecraft assembly facilities,https://www.ncbi.nlm.nih.gov/pmc/articles/PMC4624184/,data\processed_text\Microbiomes of the dust particles collected from t.txt,HTML_EXTRACTION,10.1186/s40168-015-0116-3,Microbiome,data/clean_text/Microbiomes of the dust particles collected from t.txt,cleaned,1.0
"Draft genome sequences of two Aspergillus fumigatus strains, isolated from the International Space Station",https://www.ncbi.nlm.nih.gov/pmc/articles/PMC4945788/,data\processed_text\Draft genome sequences of two Aspergillus fumigatu.txt,HTML_EXTRACTION,10.1128/genomeA.00553-16,Genome Announc,data/clean_text/Draft genome sequences of two Aspergillus fumigatu.txt,cleaned,1.0
Draft genome sequences of biosafety level 2 opportunistic pathogens isolated from the environmental surfaces of the International Space Station.,https://www.ncbi.nlm.nih.gov/pmc/articles/PMC5201052/,data\processed_text\Draft genome sequences of biosafety level 2 opport.txt,HTML_EXTRACTION,10.1128/genomeA.01263-16,Genome Announc,data/clean_text/Draft genome sequences of biosafety level 2 opport.txt,cleaned,1.0
Draft Genome Sequences of Several Fungal Strains Selected for Exposure to Microgravity at the International Space Station.,https://www.ncbi.nlm.nih.gov/pmc/articles/PMC5391430/,data\processed_text\Draft Genome Sequences of Several Fungal Strains S.txt,HTML_EXTRACTION,10.1128/genomeA.01602-16,Genome Announc,data/clean_text/Draft Genome Sequences of Several Fungal Strains S.txt,flagged,1.0
Human presence impacts fungal diversity of inflated lunar/Mars analog habitat.,https://www.ncbi.nlm.nih.gov/pmc/articles/PMC5504618/,data\processed_text\Human presence impacts fungal diversity of inflate.txt,HTML_EXTRACTION,10.1186/s40168-017-0280-8,Microbiome,data/clean_text/Human presence impacts fungal diversity of inflate.txt,cleaned,1.0
"Draft Genome Sequences from a Novel Clade of Bacillus cereus Sensu Lato Strains, Isolated from the International Space Station.",https://www.ncbi.nlm.nih.gov/pmc/articles/PMC5552977/,data\processed_text\Draft Genome Sequences from a Novel Clade of Bacil.txt,HTML_EXTRACTION,10.1128/genomeA.00680-17,Genome Announc,data/clean_text/Draft Genome Sequences from a Novel Clade of Bacil.txt,cleaned,0.989
Draft Genome Sequences of Acinetobacter and Bacillus Strains Isolated from Spacecraft-Associated Surfaces,https://www.ncbi.nlm.nih.gov/pmc/articles/PMC5805884/,data\processed_text\Draft Genome Sequences of Acinetobacter and Bacill.txt,HTML_EXTRACTION,10.1128/genomeA.01554-17,Genome Announc,data/clean_text/Draft Genome Sequences of Acinetobacter and Bacill.txt,cleaned,1.0
KatharoSeq enables high-throughput microbiome analysis from low-biomass samples,https://www.ncbi.nlm.nih.gov/pmc/articles/PMC5864415/,data\processed_text\KatharoSeq enables highthroughput microbiome analy.txt,HTML_EXTRACTION,10.1128/mSystems.00218-17,mSystems,data/clean_text/KatharoSeq enables highthroughput microbiome analy.txt,cleaned,1.0
Draft genome sequence of a clinical isolate of Fusarium fujikuroi isolated from a male patient with acute myeloid leukemia.,https://www.ncbi.nlm.nih.gov/pmc/articles/PMC6013642/,data\processed_text\Draft genome sequence of a clinical isolate of Fus.txt,HTML_EXTRACTION,10.1128/genomeA.00476-18,Genome Announc,data/clean_text/Draft genome sequence of a clinical isolate of Fus.txt,cleaned,1.0
"Draft Genome Sequence of Solibacillus kalamii, Isolated from an Air Filter Aboard the International Space Station",https://www.ncbi.nlm.nih.gov/pmc/articles/PMC5578834/,data\processed_text\Draft Genome Sequence of Solibacillus kalamii Isol.txt,HTML_EXTRACTION,10.1128/genomeA.00696-17,Genome Announc,data/clean_text/Draft Genome Sequence of Solibacillus kalamii Isol.txt,cleaned,1.0
Draft genome sequences of two Fusarium oxysporum isolates cultured from infected Zinnia hybrida plants grown on the International Space Station.,https://www.ncbi.nlm.nih.gov/pmc/articles/PMC5958250/,data\processed_text\Draft genome sequences of two Fusarium oxysporum i.txt,HTML_EXTRACTION,10.1128/genomeA.00326-18,Genome Announc,data/clean_text/Draft genome sequences of two Fusarium oxysporum i.txt,flagged,1.0
Characterization of Aspergillus niger Isolated from the International Space Station,https://www.ncbi.nlm.nih.gov/pmc/articles/PMC7326050/,data\processed_text\Characterization of Aspergillus niger Isolated fro.txt,HTML_EXTRACTION,10.3389/fmicb.2020.00931,Front Microbiol,data/clean_text/Characterization of Aspergillus niger Isolated fro.txt,cleaned,0.821
Multi-drug resistant Enterobacter bugandensis species isolated from the International Space Station and comparative genomic analyses with human pathogenic strains,https://www.ncbi.nlm.nih.gov/pmc/articles/PMC6251167/,data\processed_text\Multidrug resistant Enterobacter bugandensis speci.txt,HTML_EXTRACTION,10.1186/s12866-018-1325-2,BMC Microbiol,data/clean_text/Multidrug resistant Enterobacter bugandensis speci.txt,cleaned,1.0
"International Space Station conditions alter genomics, proteomics, and metabolomics in Aspergillus nidulans.",https://www.ncbi.nlm.nih.gov/pmc/articles/PMC9098231/,data\processed_text\International Space Station conditions alter genom.txt,HTML_EXTRACTION,10.1007/s00253-018-9525-0,Appl Microbiol Biotechnol,data/clean_text/International Space Station conditions alter genom.txt,cleaned,1.0
Proteomic characterization of Aspergillus fumigatus isolated from air and surfaces of the International Space Station.,https://www.ncbi.nlm.nih.gov/pmc/articles/PMC9116463/,data\processed_text\Proteomic characterization of Aspergillus fumigatu.txt,HTML_EXTRACTION,10.1016/j.fgb.2019.01.001,Fungal Genet Biol,data/clean_text/Proteomic characterization of Aspergillus fumigatu.txt,cleaned,1.0
Genomic Characterization and Virulence Potential of Two Fusarium oxysporum Isolates Cultured from the International Space Station,https://www.ncbi.nlm.nih.gov/pmc/articles/PMC6426649/,data\processed_text\Genomic Characterization and Virulence Potential o.txt,HTML_EXTRACTION,10.1128/mSystems.00345-18,mSystems,data/clean_text/Genomic Characterization and Virulence Potential o.txt,cleaned,1.0
Characterization of the total and viable bacterial and fungal communities associated with the International Space Station surfaces.,https://www.ncbi.nlm.nih.gov/pmc/articles/PMC6452512/,data\processed_text\Characterization of the total and viable bacterial.txt,HTML_EXTRACTION,10.1186/s40168-019-0666-x,Microbiome,data/clean_text/Characterization of the total and viable bacterial.txt,cleaned,1.0
Proteomic and Metabolomic Characteristics of Extremophilic Fungi Under Simulated Mars Conditions.,https://www.ncbi.nlm.nih.gov/pmc/articles/PMC6529585/,data\processed_text\Proteomic and Metabolomic Characteristics of Extre.txt,HTML_EXTRACTION,10.3389/fmicb.2019.01013,Front Microbiol,data/clean_text/Proteomic and Metabolomic Characteristics of Extre.txt,cleaned,1.0
MetaMiner: A Scalable Peptidogenomics Approach for Discovery of Ribosomal Peptide Natural Products with Blind Modifications from Microbial Communities,https://www.ncbi.nlm.nih.gov/pmc/articles/PMC6952069/,data\processed_text\MetaMiner A Scalable Peptidogenomics Approach for .txt,HTML_EXTRACTION,10.1016/j.cels.2019.09.004,Cell Syst,data/clean_text/MetaMiner A Scalable Peptidogenomics Approach for .txt,cleaned,1.0
Draft Genome Sequences of Sphingomonas Species Associated with the International Space Station,https://www.ncbi.nlm.nih.gov/pmc/articles/PMC7303416/,data\processed_text\Draft Genome Sequences of Sphingomonas Species Ass.txt,HTML_EXTRACTION,10.1128/MRA.00578-20,Microbiol Resour Announc,data/clean_text/Draft Genome Sequences of Sphingomonas Species Ass.txt,flagged,1.0
Draft Genome Sequences of Tremellomycetes Strains Isolated from the International Space Station,https://www.ncbi.nlm.nih.gov/pmc/articles/PMC7317102/,data\processed_text\Draft Genome Sequences of Tremellomycetes Strains .txt,HTML_EXTRACTION,10.1128/MRA.00504-20,Microbiol Resour Announc,data/clean_text/Draft Genome Sequences of Tremellomycetes Strains .txt,flagged,1.0
Draft Genome Sequences of Rhodotorula mucilaginosa Strains Isolated from the International Space Station,https://www.ncbi.nlm.nih.gov/pmc/articles/PMC7393961/,data\processed_text\Draft Genome Sequences of Rhodotorula mucilaginosa.txt,HTML_EXTRACTION,10.1128/MRA.00570-20,Microbiol Resour Announc,data/clean_text/Draft Genome Sequences of Rhodotorula mucilaginosa.txt,cleaned,1.0
Draft Genome Sequences of Enterobacteriales Strains Isolated from the International Space Station,https://www.ncbi.nlm.nih.gov/pmc/articles/PMC7484075/,data\processed_text\Draft Genome Sequences of Enterobacteriales Strain.txt,HTML_EXTRACTION,10.1128/MRA.00817-20,Microbiol Resour Announc,data/clean_text/Draft Genome Sequences of Enterobacteriales Strain.txt,cleaned,1.0
Draft Genome Sequences of Lactobacillales Isolated from the International Space Station,https://www.ncbi.nlm.nih.gov/pmc/articles/PMC7516158/,data\processed_text\Draft Genome Sequences of Lactobacillales Isolated.txt,HTML_EXTRACTION,10.1128/MRA.00942-20,Microbiol Resour Announc,data/clean_text/Draft Genome Sequences of Lactobacillales Isolated.txt,cleaned,1.0
Draft Genome Sequences of Klebsiella Species Isolated from the International Space Station,https://www.ncbi.nlm.nih.gov/pmc/articles/PMC7561690/,data\processed_text\Draft Genome Sequences of Klebsiella Species Isola.txt,HTML_EXTRACTION,10.1128/MRA.00923-20,Microbiol Resour Announc,data/clean_text/Draft Genome Sequences of Klebsiella Species Isola.txt,cleaned,1.0
Draft Genome Sequences of Bacillaceae Strains Isolated from the International Space Station.,https://www.ncbi.nlm.nih.gov/pmc/articles/PMC7595942/,data\processed_text\Draft Genome Sequences of Bacillaceae Strains Isol.txt,HTML_EXTRACTION,10.1128/MRA.00701-20,Microbiol Resour Announc,data/clean_text/Draft Genome Sequences of Bacillaceae Strains Isol.txt,cleaned,1.0
Assessing the risk of transfer of microorganisms at the International Space Station due to cargo delivery by commercial resupply vehicles,https://www.ncbi.nlm.nih.gov/pmc/articles/PMC7677455/,data\processed_text\Assessing the risk of transfer of microorganisms a.txt,HTML_EXTRACTION,10.3389/fmicb.2020.566412,Front Microbiol,data/clean_text/Assessing the risk of transfer of microorganisms a.txt,cleaned,1.0
"Methylobacterium ajmalii sp. nov., isolated from the International Space Station",https://www.ncbi.nlm.nih.gov/pmc/articles/PMC8005752/,data\processed_text\Methylobacterium ajmalii sp nov isolated from the .txt,HTML_EXTRACTION,10.3389/fmicb.2021.639396,Front Microbiol,data/clean_text/Methylobacterium ajmalii sp nov isolated from the .txt,cleaned,1.0
Draft Genome Sequences of Aspergillus and Penicillium Species Isolated from the International Space Station and Crew Resupply Vehicle Capsule,https://www.ncbi.nlm.nih.gov/pmc/articles/PMC8104057/,data\processed_text\Draft Genome Sequences of Aspergillus and Penicill.txt,HTML_EXTRACTION,10.1128/MRA.01398-20,Microbiol Resour Announc,data/clean_text/Draft Genome Sequences of Aspergillus and Penicill.txt,cleaned,1.0
Effects of simulated microgravity on the proteome and secretome of the polyextremotolerant black fungus Knufia chersonesos.,https://www.ncbi.nlm.nih.gov/pmc/articles/PMC8012687/,data\processed_text\Effects of simulated microgravity on the proteome .txt,HTML_EXTRACTION,10.3389/fgene.2021.638708,Front Genet,data/clean_text/Effects of simulated microgravity on the proteome .txt,cleaned,1.0
Draft Genome Sequences of Various Bacterial Phyla Isolated from the International Space Station,https://www.ncbi.nlm.nih.gov/pmc/articles/PMC8086211/,data\processed_text\Draft Genome Sequences of Various Bacterial Phyla .txt,HTML_EXTRACTION,10.1128/MRA.00214-21,Microbiol Resour Announc,data/clean_text/Draft Genome Sequences of Various Bacterial Phyla .txt,cleaned,1.0
Evaluating the lettuce metatranscriptome with MinION sequencing for future spaceflight food production applications,https://www.ncbi.nlm.nih.gov/pmc/articles/PMC8211661/,data\processed_text\Evaluating the lettuce metatranscriptome with MinI.txt,HTML_EXTRACTION,10.1038/s41526-021-00151-x,NPJ Microgravity,data/clean_text/Evaluating the lettuce metatranscriptome with MinI.txt,cleaned,1.0
Genomic Characterization of Potential Plant Growth-Promoting Features of Sphingomonas Strains Isolated from the International Space Station,https://www.ncbi.nlm.nih.gov/pmc/articles/PMC8754149/,data\processed_text\Genomic Characterization of Potential Plant Growth.txt,HTML_EXTRACTION,10.1128/spectrum.01994-21,Microbiol Spectr,data/clean_text/Genomic Characterization of Potential Plant Growth.txt,cleaned,1.0
"Genomic Characterization of the Titan-like Cell Producing Naganishia tulchinskyi, the First Novel Eukaryote Isolated from the International Space Station",https://www.ncbi.nlm.nih.gov/pmc/articles/PMC8875396/,data\processed_text\Genomic Characterization of the Titanlike Cell Pro.txt,HTML_EXTRACTION,10.3390/jof8020165,J Fungi (Basel),data/clean_text/Genomic Characterization of the Titanlike Cell Pro.txt,cleaned,1.0
Metabolic modeling of the International Space Station microbiome reveals key microbial interactions.,https://www.ncbi.nlm.nih.gov/pmc/articles/PMC9258157/,data\processed_text\Metabolic modeling of the International Space Stat.txt,HTML_EXTRACTION,10.1186/s40168-022-01279-y,Microbiome,data/clean_text/Metabolic modeling of the International Space Stat.txt,cleaned,1.0
"Microbial Burden Estimation of Food Items, Built Environments, and the International Space Station Using Film Media",https://www.ncbi.nlm.nih.gov/pmc/articles/PMC9503880/,data\processed_text\Microbial Burden Estimation of Food Items Built En.txt,HTML_EXTRACTION,10.3390/microorganisms10091714,Microorganisms,data/clean_text/Microbial Burden Estimation of Food Items Built En.txt,cleaned,1.0
Multidrug-resistant Acinetobacter pittii is adapting to and exhibiting potential succession aboard the International Space Station.,https://www.ncbi.nlm.nih.gov/pmc/articles/PMC9743659/,data\processed_text\Multidrugresistant Acinetobacter pittii is adaptin.txt,HTML_EXTRACTION,10.1186/s40168-022-01358-0,Microbiome,data/clean_text/Multidrugresistant Acinetobacter pittii is adaptin.txt,cleaned,1.0
Characterization of metagenome-assembled genomes from the International Space Station.,https://www.ncbi.nlm.nih.gov/pmc/articles/PMC10233975/,data\processed_text\Characterization of metagenomeassembled genomes fr.txt,HTML_EXTRACTION,10.1186/s40168-023-01545-7,Microbiome,data/clean_text/Characterization of metagenomeassembled genomes fr.txt,cleaned,1.0
Genomic analysis reveals the presence of emerging pathogenic Klebsiella lineages aboard the International Space Station,https://www.ncbi.nlm.nih.gov/pmc/articles/PMC10715203/,data\processed_text\Genomic analysis reveals the presence of emerging .txt,HTML_EXTRACTION,10.1128/spectrum.01897-23,Microbiol Spectr,data/clean_text/Genomic analysis reveals the presence of emerging .txt,cleaned,1.0
"Genomic, functional, and metabolic enhancements in multidrug-resistant Enterobacter bugandensis facilitating its persistence and succession in the International Space Station",https://www.ncbi.nlm.nih.gov/pmc/articles/PMC10960378/,data\processed_text\Genomic functional and metabolic enhancements in m.txt,HTML_EXTRACTION,10.1186/s40168-024-01777-1,Microbiome,data/clean_text/Genomic functional and metabolic enhancements in m.txt,cleaned,0.989
"Phylogenomics, phenotypic, and functional traits of five novel (Earth-derived) bacterial species isolated from the International Space Station and their prevalence in metagenomes",https://www.ncbi.nlm.nih.gov/pmc/articles/PMC10628120/,data\processed_text\Phylogenomics phenotypic and functional traits of .txt,HTML_EXTRACTION,10.1038/s41598-023-44172-w,Sci Rep,data/clean_text/Phylogenomics phenotypic and functional traits of .txt,cleaned,1.0
Spatial regulation of a common precursor from two distinct genes generates metabolite diversity,https://www.ncbi.nlm.nih.gov/pmc/articles/PMC5523082/,data\processed_text\Spatial regulation of a common precursor from two .txt,HTML_EXTRACTION,10.1039/c5sc01058f,Chem Sci,data/clean_text/Spatial regulation of a common precursor from two .txt,cleaned,1.0
Recent advances in the genome mining of Aspergillus secondary metabolites (covering 2012‚Äì2018).,https://www.ncbi.nlm.nih.gov/pmc/articles/PMC6590338/,data\processed_text\Recent advances in the genome mining of Aspergillu.txt,HTML_EXTRACTION,10.1039/c9md00054b,Medchemcomm,data/clean_text/Recent advances in the genome mining of Aspergillu.txt,cleaned,1.0
Cortical thinning and structural bone changes in non-human primates after single-fraction whole-chest irradiation.,https://www.ncbi.nlm.nih.gov/pmc/articles/PMC6036641/,data\processed_text\Cortical thinning and structural bone changes in n.txt,HTML_EXTRACTION,10.1667/RR15007.1,Radiat Res,data/clean_text/Cortical thinning and structural bone changes in n.txt,cleaned,0.9
Knee and Hip Joint Cartilage Damage from Combined Spaceflight Hazards of Low-Dose Radiation Less than 1 Gy and Prolonged Hindlimb Unloading.,https://www.ncbi.nlm.nih.gov/pmc/articles/PMC6599637/,data\processed_text\Knee and Hip Joint Cartilage Damage from Combined .txt,HTML_EXTRACTION,10.1667/RR15216.1,Radiat Res,data/clean_text/Knee and Hip Joint Cartilage Damage from Combined .txt,cleaned,1.0
The individual and combined effects of spaceflight radiation and microgravity on biologic systems and functional outcomes,https://www.ncbi.nlm.nih.gov/pmc/articles/PMC8274610/,data\processed_text\The individual and combined effects of spaceflight.txt,HTML_EXTRACTION,10.1080/26896583.2021.1885283,J Environ Sci Health C Toxicol Carcinog,data/clean_text/The individual and combined effects of spaceflight.txt,cleaned,1.0
Spaceflight and hind limb unloading induces an arthritic phenotype in knee articular cartilage and menisci of rodents,https://www.ncbi.nlm.nih.gov/pmc/articles/PMC8131644/,data\processed_text\Spaceflight and hind limb unloading induces an art.txt,HTML_EXTRACTION,10.1038/s41598-021-90010-2,Sci Rep,data/clean_text/Spaceflight and hind limb unloading induces an art.txt,cleaned,1.0
Œ±Klotho decreases after reduced weight-bearing from both spaceflight and hindlimb unloading,https://www.ncbi.nlm.nih.gov/pmc/articles/PMC9163032/,data\processed_text\ŒKlotho decreases after reduced weightbearing from.txt,HTML_EXTRACTION,10.1038/s41526-022-00203-w,NPJ Microgravity,data/clean_text/ŒKlotho decreases after reduced weightbearing from.txt,cleaned,1.0
Prolonged exposure to particulate chromate inhibits RAD51 nuclear import mediator proteins.,https://www.ncbi.nlm.nih.gov/pmc/articles/PMC5568470/,data\processed_text\Prolonged exposure to particulate chromate inhibit.txt,HTML_EXTRACTION,10.1016/j.taap.2017.05.030,Toxicol Appl Pharmacol,data/clean_text/Prolonged exposure to particulate chromate inhibit.txt,cleaned,1.0
"Transcriptomics, NF-Œ∫B Pathway, and Their Potential Spaceflight-Related Health Consequences.",https://www.ncbi.nlm.nih.gov/pmc/articles/PMC5485990/,data\processed_text\Transcriptomics NFŒB Pathway and Their Potential S.txt,HTML_EXTRACTION,10.3390/ijms18061166,Int J Mol Sci,data/clean_text/Transcriptomics NFŒB Pathway and Their Potential S.txt,cleaned,1.0
Interplay of space radiation and microgravity in DNA damage and DNA damage response.,https://www.ncbi.nlm.nih.gov/pmc/articles/PMC5460239/,data\processed_text\Interplay of space radiation and microgravity in D.txt,HTML_EXTRACTION,10.1038/s41526-017-0019-7,NPJ Microgravity,data/clean_text/Interplay of space radiation and microgravity in D.txt,cleaned,1.0
"Synergistic Effects of Weightlessness, Isoproterenol, and Radiation on DNA Damage Response and Cytokine Production in Immune Cells",https://www.ncbi.nlm.nih.gov/pmc/articles/PMC6275019/,data\processed_text\Synergistic Effects of Weightlessness Isoprotereno.txt,HTML_EXTRACTION,10.3390/ijms19113689,Int J Mol Sci,data/clean_text/Synergistic Effects of Weightlessness Isoprotereno.txt,cleaned,1.0
Transcriptome and proteome responses in RNAlater preserved tissue of Arabidopsis thaliana.,https://www.ncbi.nlm.nih.gov/pmc/articles/PMC5397022/,data\processed_text\Transcriptome and proteome responses in RNAlater p.txt,HTML_EXTRACTION,10.1371/journal.pone.0175943,PLoS One,data/clean_text/Transcriptome and proteome responses in RNAlater p.txt,cleaned,1.0
Spaceflight induces novel regulatory responses in Arabidopsis seedling as revealed by combined proteomic and transcriptomic analyses.,https://www.ncbi.nlm.nih.gov/pmc/articles/PMC7251690/,data\processed_text\Spaceflight induces novel regulatory responses in .txt,HTML_EXTRACTION,10.1186/s12870-020-02392-6,BMC Plant Biol,data/clean_text/Spaceflight induces novel regulatory responses in .txt,cleaned,1.0
Longitudinal characterization of multispecies microbial populations recovered from spaceflight potable water,https://www.ncbi.nlm.nih.gov/pmc/articles/PMC8421509/,data\processed_text\Longitudinal characterization of multispecies micr.txt,HTML_EXTRACTION,10.1038/s41522-021-00240-5,NPJ Biofilms Microbiomes,data/clean_text/Longitudinal characterization of multispecies micr.txt,cleaned,1.0
Designing a Novel Monitoring Approach for the Effects of Space Travel on Astronauts‚Äô Health,https://www.ncbi.nlm.nih.gov/pmc/articles/PMC9964234/,data\processed_text\Designing a Novel Monitoring Approach for the Effe.txt,HTML_EXTRACTION,10.3390/life13020576,Life (Basel),data/clean_text/Designing a Novel Monitoring Approach for the Effe.txt,cleaned,1.0
"Draft genome sequence of Sphingomonas paucimobilis strain Sph5, isolated from tap water filtration membrane",https://www.ncbi.nlm.nih.gov/pmc/articles/PMC10793275/,data\processed_text\Draft genome sequence of Sphingomonas paucimobilis.txt,HTML_EXTRACTION,10.1128/MRA.00345-23,Microbiol Resour Announc,data/clean_text/Draft genome sequence of Sphingomonas paucimobilis.txt,flagged,1.0
Overexpression of CupB5 activates alginate overproduction in Pseudomonas aeruginosa by a novel AlgW-dependent mechanism,https://www.ncbi.nlm.nih.gov/pmc/articles/PMC4116675/,data\processed_text\Overexpression of CupB5 activates alginate overpro.txt,HTML_EXTRACTION,10.1111/mmi.12665,Mol Microbiol,data/clean_text/Overexpression of CupB5 activates alginate overpro.txt,cleaned,1.0
Burn injury-associated MHCII(+) immune cell accumulation around lymphatic vessels of the mesentery and increased lymphatic endothelial permeability are blocked by doxycycline treatment.,https://www.ncbi.nlm.nih.gov/pmc/articles/PMC5810432/,data\processed_text\Burn injuryassociated MHCII immune cell accumulati.txt,HTML_EXTRACTION,10.1089/lrb.2017.0032,Lymphat Res Biol,data/clean_text/Burn injuryassociated MHCII immune cell accumulati.txt,cleaned,1.0
CubeSats for microbiology and astrobiology research,https://www.ncbi.nlm.nih.gov/pmc/articles/PMC10261121/,data\processed_text\CubeSats for microbiology and astrobiology researc.txt,HTML_EXTRACTION,10.1038/s41526-023-00292-1,NPJ Microgravity,data/clean_text/CubeSats for microbiology and astrobiology researc.txt,cleaned,0.62
"Simulated micro-, lunar, and Martian gravities on Earth‚Äîeffects on Escherichia coli growth, phenotype, and sensitivity to antibiotics.",https://www.ncbi.nlm.nih.gov/pmc/articles/PMC9502502/,data\processed_text\Simulated micro lunar and Martian gravities on Ear.txt,HTML_EXTRACTION,10.3390/life12091399,Life (Basel),data/clean_text/Simulated micro lunar and Martian gravities on Ear.txt,cleaned,1.0
Biofilm formation of Pseudomonas aeruginosa in spaceflight is minimized on lubricant impregnated surfaces.,https://www.ncbi.nlm.nih.gov/pmc/articles/PMC10432549/,data\processed_text\Biofilm formation of Pseudomonas aeruginosa in spa.txt,HTML_EXTRACTION,10.1038/s41526-023-00316-w,NPJ Microgravity,data/clean_text/Biofilm formation of Pseudomonas aeruginosa in spa.txt,cleaned,1.0
Competitive Growth Assay of Mutagenized Chlamydomonas reinhardtii Compatible With the International Space Station Veggie Plant Growth Chamber.,https://www.ncbi.nlm.nih.gov/pmc/articles/PMC7261848/,data\processed_text\Competitive Growth Assay of Mutagenized Chlamydomo.txt,HTML_EXTRACTION,10.3389/fpls.2020.00631,Front Plant Sci,data/clean_text/Competitive Growth Assay of Mutagenized Chlamydomo.txt,cleaned,1.0
Spatial Characterization of Microbial Communities on Multi-Species Leafy Greens Grown Simultaneously in the Vegetable Production Systems on the International Space Station,https://www.ncbi.nlm.nih.gov/pmc/articles/PMC8537831/,data\processed_text\Spatial Characterization of Microbial Communities .txt,HTML_EXTRACTION,10.3390/life11101060,Life (Basel),data/clean_text/Spatial Characterization of Microbial Communities .txt,cleaned,1.0
Response of Arabidopsis thaliana and Mizuna mustard seeds to simulated space radiation exposures.,https://www.ncbi.nlm.nih.gov/pmc/articles/PMC8879990/,data\processed_text\Response of Arabidopsis thaliana and Mizuna mustar.txt,HTML_EXTRACTION,10.3390/life12020144,Life (Basel),data/clean_text/Response of Arabidopsis thaliana and Mizuna mustar.txt,cleaned,1.0
Editorial: Revisiting the limits of plant life - plant adaptations to extreme terrestrial environments relating to astrobiology and space biology.,https://www.ncbi.nlm.nih.gov/pmc/articles/PMC10472590/,data\processed_text\Editorial Revisiting the limits of plant life  pla.txt,HTML_EXTRACTION,10.3389/fpls.2023.1267183,editorial,data/clean_text/Editorial Revisiting the limits of plant life  pla.txt,cleaned,1.0
Metagenomic interrogation of urban Superfund site reveals antimicrobial resistance reservoir and bioremediation potential.,https://www.ncbi.nlm.nih.gov/pmc/articles/PMC11999716/,data\processed_text\Metagenomic interrogation of urban Superfund site .txt,HTML_EXTRACTION,10.1093/jambio/lxaf076,J Appl Microbiol,data/clean_text/Metagenomic interrogation of urban Superfund site .txt,cleaned,1.0
"In situ monitoring of barrier function on-chip via automated, non-invasive luminescence sensing.",https://www.ncbi.nlm.nih.gov/pmc/articles/PMC11969330/,data\processed_text\In situ monitoring of barrier function onchip via .txt,HTML_EXTRACTION,10.1039/d4lc01090f,Lab Chip,data/clean_text/In situ monitoring of barrier function onchip via .txt,cleaned,1.0
37-day microgravity exposure in 16-week female C57BL/6J mice is associated with bone loss specific to weight-bearing skeletal sites.,https://www.ncbi.nlm.nih.gov/pmc/articles/PMC11940681/,data\processed_text\37day microgravity exposure in 16week female C57BL.txt,HTML_EXTRACTION,10.1371/journal.pone.0317307,PLoS One,data/clean_text/37day microgravity exposure in 16week female C57BL.txt,cleaned,1.0
Effects of Space Flight on Inflammasome Activation in the Brain of Mice.,https://www.ncbi.nlm.nih.gov/pmc/articles/PMC11941215/,data\processed_text\Effects of Space Flight on Inflammasome Activation.txt,HTML_EXTRACTION,10.3390/cells14060417,Cells,data/clean_text/Effects of Space Flight on Inflammasome Activation.txt,cleaned,1.0
Immunization induces inflammation in the mouse heart during spaceflight.,https://www.ncbi.nlm.nih.gov/pmc/articles/PMC11892206/,data\processed_text\Immunization induces inflammation in the mouse hea.txt,HTML_EXTRACTION,10.1186/s12864-025-11426-y,BMC Genomics,data/clean_text/Immunization induces inflammation in the mouse hea.txt,cleaned,1.0
Analyzing the relationship between gene expression and phenotype in space-flown mice using a causal inference machine learning ensemble.,https://www.ncbi.nlm.nih.gov/pmc/articles/PMC11748630/,data\processed_text\Analyzing the relationship between gene expression.txt,HTML_EXTRACTION,10.1038/s41598-024-81394-y,Sci Rep,data/clean_text/Analyzing the relationship between gene expression.txt,cleaned,1.0
Sex-specific cardiovascular adaptations to simulated microgravity in Sprague-Dawley rats,https://www.ncbi.nlm.nih.gov/pmc/articles/PMC11659408/,data\processed_text\Sexspecific cardiovascular adaptations to simulate.txt,HTML_EXTRACTION,10.1038/s41526-024-00450-z,NPJ Microgravity,data/clean_text/Sexspecific cardiovascular adaptations to simulate.txt,cleaned,1.0
NASA open science data repository: Open science for life in space.,https://www.ncbi.nlm.nih.gov/pmc/articles/PMC11701653/,data\processed_text\NASA open science data repository Open science for.txt,HTML_EXTRACTION,10.1093/nar/gkae1116,Nucleic Acids Res,data/clean_text/NASA open science data repository Open science for.txt,cleaned,1.0
Artificial gravity attenuates the transcriptomic response to spaceflight in the optic nerve and retina,https://www.ncbi.nlm.nih.gov/pmc/articles/PMC11593819/,data\processed_text\Artificial gravity attenuates the transcriptomic r.txt,HTML_EXTRACTION,10.3390/ijms252212041,Int J Mol Sci,data/clean_text/Artificial gravity attenuates the transcriptomic r.txt,cleaned,1.0
Effect of simulated cosmic radiation on cytomegalovirus reactivation and lytic replication.,https://www.ncbi.nlm.nih.gov/pmc/articles/PMC11477029/,data\processed_text\Effect of simulated cosmic radiation on cytomegalo.txt,HTML_EXTRACTION,10.3390/ijms251910337,Int J Mol Sci,data/clean_text/Effect of simulated cosmic radiation on cytomegalo.txt,cleaned,1.0
Protein kinase 2 of the giant sarcomeric protein UNC-89 regulates mitochondrial morphology and function.,https://www.ncbi.nlm.nih.gov/pmc/articles/PMC11487192/,data\processed_text\Protein kinase 2 of the giant sarcomeric protein U.txt,HTML_EXTRACTION,10.1038/s42003-024-07042-3,Commun Biol,data/clean_text/Protein kinase 2 of the giant sarcomeric protein U.txt,cleaned,1.0
Adaptation to space conditions of novel bacterial species isolated from the International Space Station revealed by functional gene annotations and comparative genome analysis.,https://www.ncbi.nlm.nih.gov/pmc/articles/PMC11451251/,data\processed_text\Adaptation to space conditions of novel bacterial .txt,HTML_EXTRACTION,10.1186/s40168-024-01916-8,Microbiome,data/clean_text/Adaptation to space conditions of novel bacterial .txt,cleaned,1.0
Celebrating 30 years of access to NASA space life sciences data.,https://www.ncbi.nlm.nih.gov/pmc/articles/PMC11403809/,data\processed_text\Celebrating 30 years of access to NASA space life .txt,HTML_EXTRACTION,10.1093/gigascience/giae066,Gigascience,data/clean_text/Celebrating 30 years of access to NASA space life .txt,cleaned,1.0
Predicting how varying moisture conditions impact the microbiome of dust collected from the International Space Station.,https://www.ncbi.nlm.nih.gov/pmc/articles/PMC11386075/,data\processed_text\Predicting how varying moisture conditions impact .txt,HTML_EXTRACTION,10.1186/s40168-024-01864-3,Microbiome,data/clean_text/Predicting how varying moisture conditions impact .txt,cleaned,1.0
Spaceflight alters host-gut microbiota interactions.,https://www.ncbi.nlm.nih.gov/pmc/articles/PMC11362537/,data\processed_text\Spaceflight alters hostgut microbiota interactions.txt,HTML_EXTRACTION,10.1038/s41522-024-00545-1,NPJ Biofilms Microbiomes,data/clean_text/Spaceflight alters hostgut microbiota interactions.txt,cleaned,1.0
Discoveries from human stem cell research in space that are relevant to advancing cellular therapies on Earth.,https://www.ncbi.nlm.nih.gov/pmc/articles/PMC11339457/,data\processed_text\Discoveries from human stem cell research in space.txt,HTML_EXTRACTION,10.1038/s41526-024-00425-0,NPJ Microgravity,data/clean_text/Discoveries from human stem cell research in space.txt,cleaned,1.0
Simulated microgravity impairs human NK [natural killer] cell cytotoxic activity against space radiation-relevant leukemic cells.,https://www.ncbi.nlm.nih.gov/pmc/articles/PMC11324864/,data\processed_text\Simulated microgravity impairs human NK natural ki.txt,HTML_EXTRACTION,10.1038/s41526-024-00424-1,NPJ Microgravity,data/clean_text/Simulated microgravity impairs human NK natural ki.txt,cleaned,0.833
Simulated microgravity alters gene regulation linked to immunity and cardiovascular disease.,https://www.ncbi.nlm.nih.gov/pmc/articles/PMC11353732/,data\processed_text\Simulated microgravity alters gene regulation link.txt,HTML_EXTRACTION,10.3390/genes15080975,Genes (Basel),data/clean_text/Simulated microgravity alters gene regulation link.txt,cleaned,1.0
Spaceflight increases sarcoplasmic reticulum Ca2+ leak and this cannot be counteracted with BuOE treatment,https://www.ncbi.nlm.nih.gov/pmc/articles/PMC11271499/,data\processed_text\Spaceflight increases sarcoplasmic reticulum Ca2 l.txt,HTML_EXTRACTION,10.1038/s41526-024-00419-y,NPJ Microgravity,data/clean_text/Spaceflight increases sarcoplasmic reticulum Ca2 l.txt,cleaned,0.989
